ISO-10303-21;
HEADER;
FILE_DESCRIPTION (( 'STEP AP214' ),
    '1' );
FILE_NAME ('NRF24LE1-F16Q32-R.STEP',
    '2023-02-01T22:03:00',
    ( '' ),
    ( '' ),
    'SwSTEP 2.0',
    'SolidWorks 2021',
    '' );
FILE_SCHEMA (( 'AUTOMOTIVE_DESIGN' ));
ENDSEC;

DATA;
#1 = FACE_OUTER_BOUND ( 'NONE', #8543, .T. ) ;
#2 = PLANE ( 'NONE',  #2339 ) ;
#3 = CARTESIAN_POINT ( 'NONE',  ( -2.224999999999980105, 0.2000000000000000111, 0.2500000000000000000 ) ) ;
#4 = CARTESIAN_POINT ( 'NONE',  ( 0.6250000000000003331, 0.2000000000000000111, 2.499999999999999556 ) ) ;
#5 = COLOUR_RGB ( '',0.7921568627450980005, 0.8196078431372548767, 0.9333333333333333481 ) ;
#6 = ORIENTED_EDGE ( 'NONE', *, *, #1063, .F. ) ;
#7 = LINE ( 'NONE', #3475, #7336 ) ;
#8 = CARTESIAN_POINT ( 'NONE',  ( -0.6249999999999995559, 0.2000000000000000111, -2.500000000000000000 ) ) ;
#9 = CARTESIAN_POINT ( 'NONE',  ( -2.499999999999968470, 0.2000000000000000111, 1.375000000000000000 ) ) ;
#10 = LINE ( 'NONE', #9636, #4536 ) ;
#11 = AXIS2_PLACEMENT_3D ( 'NONE', #456, #1469, #1580 ) ;
#12 = ORIENTED_EDGE ( 'NONE', *, *, #3397, .F. ) ;
#13 = AXIS2_PLACEMENT_3D ( 'NONE', #2025, #7399, #10873 ) ;
#14 = FACE_OUTER_BOUND ( 'NONE', #4090, .T. ) ;
#15 = DIRECTION ( 'NONE',  ( -0.000000000000000000, -1.000000000000000000, -0.000000000000000000 ) ) ;
#16 = ORIENTED_EDGE ( 'NONE', *, *, #5574, .T. ) ;
#17 = VERTEX_POINT ( 'NONE', #2028 ) ;
#18 = EDGE_LOOP ( 'NONE', ( #9355, #8562, #4244, #6400 ) ) ;
#19 = VERTEX_POINT ( 'NONE', #2780 ) ;
#20 = EDGE_CURVE ( 'NONE', #1168, #1421, #8945, .T. ) ;
#21 = VECTOR ( 'NONE', #8355, 1000.000000000000000 ) ;
#22 = AXIS2_PLACEMENT_3D ( 'NONE', #3077, #2378, #6671 ) ;
#23 = CARTESIAN_POINT ( 'NONE',  ( 2.224999999999975220, 0.04999999999999999584, -0.7500000000000000000 ) ) ;
#24 = CARTESIAN_POINT ( 'NONE',  ( 0.2500000000000002776, 0.000000000000000000, 2.224999999999980105 ) ) ;
#25 = ORIENTED_EDGE ( 'NONE', *, *, #3734, .F. ) ;
#26 = DIRECTION ( 'NONE',  ( 0.000000000000000000, 0.000000000000000000, 1.000000000000000000 ) ) ;
#27 = CARTESIAN_POINT ( 'NONE',  ( 1.249999999999999778, 0.2000000000000000111, 2.099999999999969003 ) ) ;
#28 = CARTESIAN_POINT ( 'NONE',  ( -0.8749999999999993339, 0.000000000000000000, -2.500000000000000000 ) ) ;
#29 = ORIENTED_EDGE ( 'NONE', *, *, #5170, .F. ) ;
#30 = VECTOR ( 'NONE', #1270, 1000.000000000000000 ) ;
#31 = DIRECTION ( 'NONE',  ( -0.000000000000000000, -1.000000000000000000, -0.000000000000000000 ) ) ;
#32 = ORIENTED_EDGE ( 'NONE', *, *, #7781, .T. ) ;
#33 = CIRCLE ( 'NONE', #213, 0.1250000000000001110 ) ;
#34 = EDGE_CURVE ( 'NONE', #8544, #6162, #4539, .T. ) ;
#35 = EDGE_CURVE ( 'NONE', #11129, #8634, #3643, .T. ) ;
#36 = DIRECTION ( 'NONE',  ( 1.000000000000000000, -0.000000000000000000, 0.000000000000000000 ) ) ;
#37 = LINE ( 'NONE', #3377, #10771 ) ;
#38 = ORIENTED_EDGE ( 'NONE', *, *, #4268, .F. ) ;
#39 = DIRECTION ( 'NONE',  ( 0.000000000000000000, -0.000000000000000000, -1.000000000000000000 ) ) ;
#40 = FACE_OUTER_BOUND ( 'NONE', #1562, .T. ) ;
#41 = CARTESIAN_POINT ( 'NONE',  ( 0.8750000000000001110, 0.04999999999999999584, 2.225000000000000977 ) ) ;
#42 = CARTESIAN_POINT ( 'NONE',  ( 0.6250000000000003331, 0.2000000000000000111, 2.499999999999999556 ) ) ;
#43 = VECTOR ( 'NONE', #10247, 1000.000000000000000 ) ;
#44 = ORIENTED_EDGE ( 'NONE', *, *, #8532, .T. ) ;
#45 = LINE ( 'NONE', #7751, #9325 ) ;
#46 = STYLED_ITEM ( 'NONE', ( #4108 ), #3621 ) ;
#47 = AXIS2_PLACEMENT_3D ( 'NONE', #6682, #5082, #4010 ) ;
#48 = AXIS2_PLACEMENT_3D ( 'NONE', #340, #4630, #7362 ) ;
#49 = CARTESIAN_POINT ( 'NONE',  ( -0.3749999999999994449, 0.04999999999999999584, -2.500000000000000000 ) ) ;
#50 = VERTEX_POINT ( 'NONE', #5286 ) ;
#51 = FACE_OUTER_BOUND ( 'NONE', #5836, .T. ) ;
#52 = DIRECTION ( 'NONE',  ( -1.000000000000000000, 0.000000000000000000, -0.000000000000000000 ) ) ;
#53 = DIRECTION ( 'NONE',  ( 1.000000000000000000, 0.000000000000000000, 0.000000000000000000 ) ) ;
#54 = DIRECTION ( 'NONE',  ( -0.000000000000000000, -1.000000000000000000, -0.000000000000000000 ) ) ;
#55 = ORIENTED_EDGE ( 'NONE', *, *, #2160, .T. ) ;
#56 = LINE ( 'NONE', #5119, #371 ) ;
#57 = LINE ( 'NONE', #7190, #895 ) ;
#58 = ORIENTED_EDGE ( 'NONE', *, *, #8869, .F. ) ;
#59 = FACE_OUTER_BOUND ( 'NONE', #2472, .T. ) ;
#60 = ORIENTED_EDGE ( 'NONE', *, *, #10309, .F. ) ;
#61 = AXIS2_PLACEMENT_3D ( 'NONE', #9453, #7718, #2668 ) ;
#62 = VECTOR ( 'NONE', #5106, 1000.000000000000000 ) ;
#63 = DIRECTION ( 'NONE',  ( -0.000000000000000000, -1.000000000000000000, -0.000000000000000000 ) ) ;
#64 = FACE_OUTER_BOUND ( 'NONE', #437, .T. ) ;
#65 = LINE ( 'NONE', #7820, #1377 ) ;
#66 = AXIS2_PLACEMENT_3D ( 'NONE', #10133, #3054, #4887 ) ;
#67 = ORIENTED_EDGE ( 'NONE', *, *, #9206, .T. ) ;
#68 = CARTESIAN_POINT ( 'NONE',  ( -1.374999999999999112, 0.05000000000000000278, 0.000000000000000000 ) ) ;
#69 = CARTESIAN_POINT ( 'NONE',  ( -2.499999999999994227, 0.2000000000000000111, -1.125000000000000222 ) ) ;
#70 = CARTESIAN_POINT ( 'NONE',  ( 0.6250000000000003331, 0.2000000000000000111, 2.499999999999999556 ) ) ;
#71 = FACE_OUTER_BOUND ( 'NONE', #1348, .T. ) ;
#72 = EDGE_LOOP ( 'NONE', ( #7051, #2915, #3525, #7991 ) ) ;
#73 = DIRECTION ( 'NONE',  ( 1.000000000000000000, 0.000000000000000000, 0.000000000000000000 ) ) ;
#74 = FACE_OUTER_BOUND ( 'NONE', #11180, .T. ) ;
#75 = VERTEX_POINT ( 'NONE', #7130 ) ;
#76 = LINE ( 'NONE', #10452, #1107 ) ;
#77 = ADVANCED_FACE ( 'NONE', ( #5400 ), #8048, .T. ) ;
#78 = ORIENTED_EDGE ( 'NONE', *, *, #3576, .T. ) ;
#79 = ORIENTED_EDGE ( 'NONE', *, *, #1012, .T. ) ;
#80 = ORIENTED_EDGE ( 'NONE', *, *, #6372, .F. ) ;
#81 = EDGE_CURVE ( 'NONE', #10966, #5926, #4535, .T. ) ;
#82 = VECTOR ( 'NONE', #2641, 1000.000000000000000 ) ;
#83 = FILL_AREA_STYLE_COLOUR ( '', #6944 ) ;
#84 = VERTEX_POINT ( 'NONE', #232 ) ;
#85 = DIRECTION ( 'NONE',  ( 1.000000000000000000, 0.000000000000000000, -0.000000000000000000 ) ) ;
#86 = CARTESIAN_POINT ( 'NONE',  ( -1.124999999999999556, 0.04999999999999999584, 2.499999999999999556 ) ) ;
#87 = CARTESIAN_POINT ( 'NONE',  ( 2.500000000000000000, 0.2000000000000000111, 0.3749999999999999445 ) ) ;
#88 = ORIENTED_EDGE ( 'NONE', *, *, #11269, .T. ) ;
#89 = VECTOR ( 'NONE', #4637, 1000.000000000000000 ) ;
#90 = CARTESIAN_POINT ( 'NONE',  ( 1.375000000000000000, 0.2000000000000000111, -2.225000000000001421 ) ) ;
#91 = VERTEX_POINT ( 'NONE', #5514 ) ;
#92 = EDGE_CURVE ( 'NONE', #1975, #2422, #4620, .T. ) ;
#93 = DIRECTION ( 'NONE',  ( 0.000000000000000000, 1.000000000000000000, -0.000000000000000000 ) ) ;
#94 = DIRECTION ( 'NONE',  ( 0.000000000000000000, 1.000000000000000000, -0.000000000000000000 ) ) ;
#95 = ORIENTED_EDGE ( 'NONE', *, *, #4552, .T. ) ;
#96 = DIRECTION ( 'NONE',  ( 0.000000000000000000, 1.000000000000000000, -0.000000000000000000 ) ) ;
#97 = EDGE_CURVE ( 'NONE', #5048, #5092, #57, .T. ) ;
#98 = SURFACE_SIDE_STYLE ('',( #5268 ) ) ;
#99 = LINE ( 'NONE', #1018, #1001 ) ;
#100 = EDGE_CURVE ( 'NONE', #5555, #8179, #2885, .T. ) ;
#101 = CARTESIAN_POINT ( 'NONE',  ( -2.499999999999999556, 0.04999999999999969746, 2.500000000000000000 ) ) ;
#102 = ORIENTED_EDGE ( 'NONE', *, *, #4120, .T. ) ;
#103 = CARTESIAN_POINT ( 'NONE',  ( 0.8750000000000001110, 0.2000000000000000111, 2.499999999999999556 ) ) ;
#104 = CARTESIAN_POINT ( 'NONE',  ( -2.499999999999999556, 0.04999999999999969746, -1.375000000000000000 ) ) ;
#105 = ORIENTED_EDGE ( 'NONE', *, *, #1398, .T. ) ;
#106 = CARTESIAN_POINT ( 'NONE',  ( -2.499999999999984013, 0.2000000000000000111, -0.3749999999999998890 ) ) ;
#107 = DIRECTION ( 'NONE',  ( -1.000000000000000000, 0.000000000000000000, 0.000000000000000000 ) ) ;
#108 = CARTESIAN_POINT ( 'NONE',  ( 2.500000000000000000, 0.2000000000000000111, -1.374999999999999334 ) ) ;
#109 = CARTESIAN_POINT ( 'NONE',  ( -2.499999999999994227, 0.2000000000000000111, -1.125000000000000222 ) ) ;
#110 = EDGE_CURVE ( 'NONE', #4735, #6972, #3528, .T. ) ;
#111 = VERTEX_POINT ( 'NONE', #2943 ) ;
#112 = ORIENTED_EDGE ( 'NONE', *, *, #9016, .F. ) ;
#113 = DIRECTION ( 'NONE',  ( -0.000000000000000000, -1.000000000000000000, -0.000000000000000000 ) ) ;
#114 = VECTOR ( 'NONE', #7770, 1000.000000000000000 ) ;
#115 = DIRECTION ( 'NONE',  ( 0.000000000000000000, 0.000000000000000000, 1.000000000000000000 ) ) ;
#116 = DIRECTION ( 'NONE',  ( 0.000000000000000000, 0.000000000000000000, -1.000000000000000000 ) ) ;
#117 = FACE_OUTER_BOUND ( 'NONE', #5318, .T. ) ;
#118 = FACE_OUTER_BOUND ( 'NONE', #8653, .T. ) ;
#119 = VERTEX_POINT ( 'NONE', #5562 ) ;
#120 = CARTESIAN_POINT ( 'NONE',  ( -1.624999999999999556, 0.2000000000000000111, 2.225000000000001421 ) ) ;
#121 = FACE_OUTER_BOUND ( 'NONE', #1179, .T. ) ;
#122 = DIRECTION ( 'NONE',  ( 0.000000000000000000, 0.000000000000000000, -1.000000000000000000 ) ) ;
#123 = LINE ( 'NONE', #6962, #6153 ) ;
#124 = ORIENTED_EDGE ( 'NONE', *, *, #7213, .T. ) ;
#125 = PLANE ( 'NONE',  #3829 ) ;
#126 = ORIENTED_EDGE ( 'NONE', *, *, #7058, .F. ) ;
#127 = FILL_AREA_STYLE_COLOUR ( '', #9451 ) ;
#128 = VERTEX_POINT ( 'NONE', #9912 ) ;
#129 = AXIS2_PLACEMENT_3D ( 'NONE', #1676, #1912, #10527 ) ;
#130 = AXIS2_PLACEMENT_3D ( 'NONE', #176, #5524, #2951 ) ;
#131 = PRESENTATION_STYLE_ASSIGNMENT (( #9592 ) ) ;
#132 = ORIENTED_EDGE ( 'NONE', *, *, #6781, .F. ) ;
#133 = DIRECTION ( 'NONE',  ( 0.000000000000000000, -1.000000000000000000, 0.000000000000000000 ) ) ;
#134 = LINE ( 'NONE', #8688, #5420 ) ;
#135 = EDGE_CURVE ( 'NONE', #887, #7813, #1194, .T. ) ;
#136 = CYLINDRICAL_SURFACE ( 'NONE', #7135, 0.1250000000000001110 ) ;
#137 = EDGE_LOOP ( 'NONE', ( #9938, #2022, #2743, #9368 ) ) ;
#138 = EDGE_CURVE ( 'NONE', #3035, #1720, #1077, .T. ) ;
#139 = DIRECTION ( 'NONE',  ( 0.000000000000000000, 0.000000000000000000, -1.000000000000000000 ) ) ;
#140 = EDGE_LOOP ( 'NONE', ( #2946, #1083, #10741, #7124 ) ) ;
#141 = ORIENTED_EDGE ( 'NONE', *, *, #3032, .F. ) ;
#142 = EDGE_CURVE ( 'NONE', #1975, #3825, #10768, .T. ) ;
#143 = CARTESIAN_POINT ( 'NONE',  ( -1.649999999999998801, 0.000000000000000000, 1.799999999999999822 ) ) ;
#144 = DIRECTION ( 'NONE',  ( -0.000000000000000000, 0.000000000000000000, -1.000000000000000000 ) ) ;
#145 = ORIENTED_EDGE ( 'NONE', *, *, #3246, .T. ) ;
#146 = DIRECTION ( 'NONE',  ( 0.000000000000000000, -1.000000000000000000, 0.000000000000000000 ) ) ;
#147 = DIRECTION ( 'NONE',  ( -0.000000000000000000, -1.000000000000000000, -0.000000000000000000 ) ) ;
#148 = CARTESIAN_POINT ( 'NONE',  ( -2.224999999999969447, 0.2000000000000000111, 1.250000000000000000 ) ) ;
#149 = CARTESIAN_POINT ( 'NONE',  ( 2.225000000000001421, 0.2000000000000000111, 1.749999999999999778 ) ) ;
#150 = ORIENTED_EDGE ( 'NONE', *, *, #4268, .T. ) ;
#151 = PLANE ( 'NONE',  #10813 ) ;
#152 = AXIS2_PLACEMENT_3D ( 'NONE', #709, #4917, #10282 ) ;
#153 = ADVANCED_FACE ( 'NONE', ( #10317 ), #757, .F. ) ;
#154 = EDGE_CURVE ( 'NONE', #8706, #7150, #8345, .T. ) ;
#155 = EDGE_CURVE ( 'NONE', #5032, #524, #3477, .T. ) ;
#156 = LINE ( 'NONE', #10354, #4007 ) ;
#157 = VECTOR ( 'NONE', #5797, 1000.000000000000000 ) ;
#158 = ORIENTED_EDGE ( 'NONE', *, *, #6782, .T. ) ;
#159 = FILL_AREA_STYLE ('',( #9563 ) ) ;
#160 = PLANE ( 'NONE',  #1164 ) ;
#161 = DIRECTION ( 'NONE',  ( 0.000000000000000000, 0.000000000000000000, 1.000000000000000000 ) ) ;
#162 = CARTESIAN_POINT ( 'NONE',  ( 0.000000000000000000, 0.05000000000000000278, -1.625000000000000222 ) ) ;
#163 = ORIENTED_EDGE ( 'NONE', *, *, #3088, .F. ) ;
#164 = CLOSED_SHELL ( 'NONE', ( #6051, #4205, #10159, #2228, #10521, #4755 ) ) ;
#165 = VERTEX_POINT ( 'NONE', #5969 ) ;
#166 = VERTEX_POINT ( 'NONE', #3234 ) ;
#167 = CARTESIAN_POINT ( 'NONE',  ( -1.374999999999999112, 0.2000000000000000111, -2.500000000000000000 ) ) ;
#168 = VERTEX_POINT ( 'NONE', #822 ) ;
#169 = VECTOR ( 'NONE', #4027, 1000.000000000000000 ) ;
#170 = ADVANCED_FACE ( 'NONE', ( #5068 ), #11127, .T. ) ;
#171 = EDGE_CURVE ( 'NONE', #7741, #4329, #1533, .T. ) ;
#172 = CIRCLE ( 'NONE', #2322, 0.1250000000000001110 ) ;
#173 = ORIENTED_EDGE ( 'NONE', *, *, #10392, .F. ) ;
#174 = DIRECTION ( 'NONE',  ( 0.000000000000000000, -1.000000000000000000, 0.000000000000000000 ) ) ;
#175 = LINE ( 'NONE', #338, #1276 ) ;
#176 = CARTESIAN_POINT ( 'NONE',  ( -2.499999999999973799, 0.2000000000000000111, 0.8749999999999998890 ) ) ;
#177 = SURFACE_STYLE_USAGE ( .BOTH. , #9631 ) ;
#178 = VERTEX_POINT ( 'NONE', #6897 ) ;
#179 = LINE ( 'NONE', #1150, #787 ) ;
#180 = DIRECTION ( 'NONE',  ( -1.000000000000000000, -0.000000000000000000, -0.000000000000000000 ) ) ;
#182 = LINE ( 'NONE', #6207, #1426 ) ;
#181 = UNCERTAINTY_MEASURE_WITH_UNIT (LENGTH_MEASURE( 1.000000000000000082E-05 ), #2099, 'distance_accuracy_value', 'NONE');
#183 = FACE_OUTER_BOUND ( 'NONE', #3319, .T. ) ;
#184 = VERTEX_POINT ( 'NONE', #5241 ) ;
#185 = CARTESIAN_POINT ( 'NONE',  ( -1.124999999999999334, 0.2000000000000000111, -2.500000000000000000 ) ) ;
#186 = AXIS2_PLACEMENT_3D ( 'NONE', #7433, #5271, #1914 ) ;
#187 = CARTESIAN_POINT ( 'NONE',  ( 1.800000000000000044, 0.2000000000000000111, 1.649999999999998579 ) ) ;
#188 = ORIENTED_EDGE ( 'NONE', *, *, #10619, .F. ) ;
#189 =( LENGTH_UNIT ( ) NAMED_UNIT ( * ) SI_UNIT ( .MILLI., .METRE. ) );
#190 = AXIS2_PLACEMENT_3D ( 'NONE', #1988, #6149, #1938 ) ;
#191 = VERTEX_POINT ( 'NONE', #2613 ) ;
#192 = ORIENTED_EDGE ( 'NONE', *, *, #7997, .T. ) ;
#193 = VECTOR ( 'NONE', #4298, 1000.000000000000000 ) ;
#194 = AXIS2_PLACEMENT_3D ( 'NONE', #5858, #2265, #7549 ) ;
#195 = DIRECTION ( 'NONE',  ( 0.000000000000000000, -1.000000000000000000, 0.000000000000000000 ) ) ;
#196 = DIRECTION ( 'NONE',  ( -1.000000000000000000, 0.000000000000000000, 0.000000000000000000 ) ) ;
#197 = ORIENTED_EDGE ( 'NONE', *, *, #10094, .T. ) ;
#198 = CARTESIAN_POINT ( 'NONE',  ( -0.1249999999999998196, 0.2000000000000000111, 2.499999999999999556 ) ) ;
#199 = DIRECTION ( 'NONE',  ( 0.000000000000000000, -0.000000000000000000, -1.000000000000000000 ) ) ;
#200 = CARTESIAN_POINT ( 'NONE',  ( 2.225000000000001421, 0.2000000000000000111, 0.8749999999999996669 ) ) ;
#201 = VERTEX_POINT ( 'NONE', #5014 ) ;
#202 = DIRECTION ( 'NONE',  ( 0.000000000000000000, 0.000000000000000000, 1.000000000000000000 ) ) ;
#203 = VERTEX_POINT ( 'NONE', #10266 ) ;
#204 = VECTOR ( 'NONE', #7043, 1000.000000000000000 ) ;
#205 = AXIS2_PLACEMENT_3D ( 'NONE', #6078, #7187, #9565 ) ;
#206 = ADVANCED_FACE ( 'NONE', ( #5193 ), #4165, .T. ) ;
#207 = CARTESIAN_POINT ( 'NONE',  ( -2.499999999999994227, 0.2000000000000000111, -1.375000000000000000 ) ) ;
#208 = AXIS2_PLACEMENT_3D ( 'NONE', #8751, #3438, #9660 ) ;
#209 = DIRECTION ( 'NONE',  ( -0.000000000000000000, -1.000000000000000000, -0.000000000000000000 ) ) ;
#210 = ORIENTED_EDGE ( 'NONE', *, *, #3106, .F. ) ;
#211 = LINE ( 'NONE', #9377, #43 ) ;
#212 = CARTESIAN_POINT ( 'NONE',  ( -0.8749999999999993339, 0.2000000000000000111, -2.500000000000000000 ) ) ;
#213 = AXIS2_PLACEMENT_3D ( 'NONE', #7439, #8406, #6503 ) ;
#214 = VECTOR ( 'NONE', #7685, 1000.000000000000000 ) ;
#215 = DIRECTION ( 'NONE',  ( 0.000000000000000000, -0.000000000000000000, -1.000000000000000000 ) ) ;
#216 = DIRECTION ( 'NONE',  ( -0.000000000000000000, -1.000000000000000000, -0.000000000000000000 ) ) ;
#217 = ORIENTED_EDGE ( 'NONE', *, *, #7982, .T. ) ;
#218 = LINE ( 'NONE', #8824, #1698 ) ;
#219 = ADVANCED_FACE ( 'NONE', ( #9520 ), #1708, .T. ) ;
#220 = AXIS2_PLACEMENT_3D ( 'NONE', #5580, #8014, #3732 ) ;
#221 = AXIS2_PLACEMENT_3D ( 'NONE', #6340, #9828, #2010 ) ;
#222 = ADVANCED_FACE ( 'NONE', ( #2433 ), #875, .T. ) ;
#223 = EDGE_CURVE ( 'NONE', #1060, #6972, #3975, .T. ) ;
#224 = DIRECTION ( 'NONE',  ( 0.000000000000000000, 0.000000000000000000, -1.000000000000000000 ) ) ;
#225 = VECTOR ( 'NONE', #7634, 1000.000000000000000 ) ;
#226 = ORIENTED_EDGE ( 'NONE', *, *, #2719, .T. ) ;
#227 = CARTESIAN_POINT ( 'NONE',  ( 1.625000000000000222, 0.2000000000000000111, -2.225000000000001421 ) ) ;
#228 = CARTESIAN_POINT ( 'NONE',  ( -2.499999999999989342, 0.2000000000000000111, -0.6250000000000001110 ) ) ;
#229 = FACE_OUTER_BOUND ( 'NONE', #3231, .T. ) ;
#230 = DIRECTION ( 'NONE',  ( -0.000000000000000000, -1.000000000000000000, -0.000000000000000000 ) ) ;
#231 = VECTOR ( 'NONE', #9083, 1000.000000000000000 ) ;
#232 = CARTESIAN_POINT ( 'NONE',  ( 1.125000000000000000, 0.2000000000000000111, 2.499999999999999556 ) ) ;
#233 = ORIENTED_EDGE ( 'NONE', *, *, #6261, .T. ) ;
#234 = LINE ( 'NONE', #3706, #982 ) ;
#235 = EDGE_CURVE ( 'NONE', #6460, #1705, #5919, .T. ) ;
#236 = EDGE_CURVE ( 'NONE', #5546, #7451, #9395, .T. ) ;
#237 = VECTOR ( 'NONE', #4862, 1000.000000000000000 ) ;
#238 = VECTOR ( 'NONE', #5408, 1000.000000000000000 ) ;
#239 = DIRECTION ( 'NONE',  ( 0.000000000000000000, -1.000000000000000000, 0.000000000000000000 ) ) ;
#240 = PLANE ( 'NONE',  #4309 ) ;
#241 = DIRECTION ( 'NONE',  ( 0.000000000000000000, -1.000000000000000000, 0.000000000000000000 ) ) ;
#242 = ORIENTED_EDGE ( 'NONE', *, *, #97, .F. ) ;
#243 = DIRECTION ( 'NONE',  ( -0.000000000000000000, -1.000000000000000000, -0.000000000000000000 ) ) ;
#244 = CARTESIAN_POINT ( 'NONE',  ( -2.224999999999974776, 0.2000000000000000111, 0.8749999999999998890 ) ) ;
#245 = LINE ( 'NONE', #9803, #8530 ) ;
#246 = EDGE_LOOP ( 'NONE', ( #1946, #6585, #3949, #2092 ) ) ;
#247 = AXIS2_PLACEMENT_3D ( 'NONE', #8392, #9129, #7653 ) ;
#248 = FILL_AREA_STYLE_COLOUR ( '', #6071 ) ;
#249 = DIRECTION ( 'NONE',  ( -0.000000000000000000, -1.000000000000000000, -0.000000000000000000 ) ) ;
#250 = ORIENTED_EDGE ( 'NONE', *, *, #1677, .F. ) ;
#251 = DIRECTION ( 'NONE',  ( 0.000000000000000000, 0.000000000000000000, 1.000000000000000000 ) ) ;
#252 = EDGE_CURVE ( 'NONE', #5229, #8963, #7601, .T. ) ;
#253 = EDGE_CURVE ( 'NONE', #6715, #5029, #6961, .T. ) ;
#254 = EDGE_CURVE ( 'NONE', #7072, #3914, #3433, .T. ) ;
#255 = ORIENTED_EDGE ( 'NONE', *, *, #3426, .F. ) ;
#256 = VECTOR ( 'NONE', #5841, 1000.000000000000000 ) ;
#257 = AXIS2_PLACEMENT_3D ( 'NONE', #2242, #4996, #10876 ) ;
#258 = LINE ( 'NONE', #2907, #8581 ) ;
#259 = DIRECTION ( 'NONE',  ( 1.000000000000000000, 0.000000000000000000, -9.856383386231904433E-17 ) ) ;
#260 = ORIENTED_EDGE ( 'NONE', *, *, #3273, .T. ) ;
#261 = DIRECTION ( 'NONE',  ( 0.000000000000000000, -1.000000000000000000, 0.000000000000000000 ) ) ;
#262 = CARTESIAN_POINT ( 'NONE',  ( -0.1249999999999996531, 0.2000000000000000111, -2.500000000000000000 ) ) ;
#263 = ORIENTED_EDGE ( 'NONE', *, *, #11104, .T. ) ;
#264 = DIRECTION ( 'NONE',  ( 0.000000000000000000, 0.000000000000000000, -1.000000000000000000 ) ) ;
#265 = ORIENTED_EDGE ( 'NONE', *, *, #2273, .T. ) ;
#266 = EDGE_CURVE ( 'NONE', #10905, #1720, #10208, .T. ) ;
#267 = VECTOR ( 'NONE', #328, 1000.000000000000000 ) ;
#268 = STYLED_ITEM ( 'NONE', ( #1428 ), #11300 ) ;
#269 = DIRECTION ( 'NONE',  ( -9.856383386231904433E-17, 0.000000000000000000, -1.000000000000000000 ) ) ;
#270 = VECTOR ( 'NONE', #6403, 1000.000000000000000 ) ;
#271 = FACE_OUTER_BOUND ( 'NONE', #4101, .T. ) ;
#272 = VERTEX_POINT ( 'NONE', #1586 ) ;
#273 = DIRECTION ( 'NONE',  ( 0.000000000000000000, -1.000000000000000000, 0.000000000000000000 ) ) ;
#274 = DIRECTION ( 'NONE',  ( -0.000000000000000000, -1.000000000000000000, -0.000000000000000000 ) ) ;
#275 = DIRECTION ( 'NONE',  ( -0.000000000000000000, -1.000000000000000000, -0.000000000000000000 ) ) ;
#276 = DIRECTION ( 'NONE',  ( 0.000000000000000000, 0.000000000000000000, -1.000000000000000000 ) ) ;
#277 = EDGE_CURVE ( 'NONE', #1720, #5289, #182, .T. ) ;
#278 = ORIENTED_EDGE ( 'NONE', *, *, #577, .F. ) ;
#279 = LINE ( 'NONE', #4608, #606 ) ;
#280 = DIRECTION ( 'NONE',  ( -1.000000000000000000, 0.000000000000000000, 0.000000000000000000 ) ) ;
#281 = EDGE_LOOP ( 'NONE', ( #226, #6801, #6680, #9103 ) ) ;
#282 =( NAMED_UNIT ( * ) PLANE_ANGLE_UNIT ( ) SI_UNIT ( $, .RADIAN. ) );
#283 = CARTESIAN_POINT ( 'NONE',  ( 2.500000000000000000, 0.2000000000000000111, -1.624999999999999556 ) ) ;
#284 = CARTESIAN_POINT ( 'NONE',  ( -2.499999999999963141, 0.2000000000000000111, 1.625000000000000222 ) ) ;
#285 = EDGE_CURVE ( 'NONE', #1791, #11200, #10504, .T. ) ;
#286 = EDGE_CURVE ( 'NONE', #5181, #7047, #993, .T. ) ;
#287 = ORIENTED_EDGE ( 'NONE', *, *, #4072, .F. ) ;
#288 = ORIENTED_EDGE ( 'NONE', *, *, #8496, .F. ) ;
#289 = FACE_OUTER_BOUND ( 'NONE', #8176, .T. ) ;
#290 = AXIS2_PLACEMENT_3D ( 'NONE', #714, #11149, #6810 ) ;
#291 = EDGE_CURVE ( 'NONE', #5123, #19, #10907, .T. ) ;
#292 = CARTESIAN_POINT ( 'NONE',  ( 1.649999999999998801, 0.2000000000000000111, 1.799999999999999822 ) ) ;
#293 = FACE_OUTER_BOUND ( 'NONE', #9292, .T. ) ;
#294 = ORIENTED_EDGE ( 'NONE', *, *, #9343, .F. ) ;
#295 = CARTESIAN_POINT ( 'NONE',  ( -1.249999999999999556, 0.2000000000000000111, 2.224999999999996092 ) ) ;
#296 = CARTESIAN_POINT ( 'NONE',  ( -0.3749999999999996114, 0.2000000000000000111, 2.499999999999999556 ) ) ;
#297 = DIRECTION ( 'NONE',  ( 1.971276677246380887E-16, -0.000000000000000000, 1.000000000000000000 ) ) ;
#298 = DIRECTION ( 'NONE',  ( -1.000000000000000000, 0.000000000000000000, 9.856383386231903201E-17 ) ) ;
#299 = ORIENTED_EDGE ( 'NONE', *, *, #9200, .F. ) ;
#300 =( NAMED_UNIT ( * ) PLANE_ANGLE_UNIT ( ) SI_UNIT ( $, .RADIAN. ) );
#301 = DIRECTION ( 'NONE',  ( 0.000000000000000000, 0.000000000000000000, -1.000000000000000000 ) ) ;
#302 = ORIENTED_EDGE ( 'NONE', *, *, #4824, .T. ) ;
#303 = PLANE ( 'NONE',  #2728 ) ;
#304 = ORIENTED_EDGE ( 'NONE', *, *, #10830, .T. ) ;
#305 = ORIENTED_EDGE ( 'NONE', *, *, #5892, .F. ) ;
#306 = EDGE_CURVE ( 'NONE', #2269, #743, #9756, .T. ) ;
#307 = ADVANCED_FACE ( 'NONE', ( #5361 ), #3541, .F. ) ;
#308 = EDGE_CURVE ( 'NONE', #2505, #8339, #10559, .T. ) ;
#309 = CARTESIAN_POINT ( 'NONE',  ( -1.624999999999999334, 0.2000000000000000111, -2.500000000000000000 ) ) ;
#310 = VERTEX_POINT ( 'NONE', #9635 ) ;
#311 = CARTESIAN_POINT ( 'NONE',  ( -2.224999999999964562, 0.2000000000000000111, 1.750000000000000000 ) ) ;
#312 = DIRECTION ( 'NONE',  ( 0.000000000000000000, 0.000000000000000000, -1.000000000000000000 ) ) ;
#313 = ORIENTED_EDGE ( 'NONE', *, *, #3790, .T. ) ;
#314 = CARTESIAN_POINT ( 'NONE',  ( 1.125000000000000000, 0.04999999999999999584, 2.225000000000000977 ) ) ;
#315 = ORIENTED_EDGE ( 'NONE', *, *, #450, .F. ) ;
#316 = AXIS2_PLACEMENT_3D ( 'NONE', #7077, #10777, #3654 ) ;
#317 = EDGE_CURVE ( 'NONE', #1787, #2530, #2798, .T. ) ;
#318 = CARTESIAN_POINT ( 'NONE',  ( 0.2500000000000004441, 0.04999999999999999584, -2.224999999999985878 ) ) ;
#319 = LINE ( 'NONE', #2866, #8229 ) ;
#320 = EDGE_LOOP ( 'NONE', ( #1207, #5500, #8965, #5265 ) ) ;
#321 = CYLINDRICAL_SURFACE ( 'NONE', #7329, 0.1250000000000001110 ) ;
#322 = CARTESIAN_POINT ( 'NONE',  ( -2.499999999999999556, 0.2000000000000000111, -1.875000000000000000 ) ) ;
#323 = DIRECTION ( 'NONE',  ( 0.000000000000000000, -0.000000000000000000, -1.000000000000000000 ) ) ;
#324 = CARTESIAN_POINT ( 'NONE',  ( -0.8749999999999993339, 0.04999999999999999584, -2.500000000000000000 ) ) ;
#325 = EDGE_CURVE ( 'NONE', #11262, #7996, #1816, .T. ) ;
#326 = CARTESIAN_POINT ( 'NONE',  ( -1.749999999999999334, 0.000000000000000000, 2.225000000000001421 ) ) ;
#327 = VERTEX_POINT ( 'NONE', #8958 ) ;
#328 = DIRECTION ( 'NONE',  ( -1.000000000000000000, 0.000000000000000000, 0.000000000000000000 ) ) ;
#329 = CARTESIAN_POINT ( 'NONE',  ( 2.500000000000000000, 0.2000000000000000111, 0.8749999999999996669 ) ) ;
#330 = DIRECTION ( 'NONE',  ( 0.000000000000000000, -0.000000000000000000, -1.000000000000000000 ) ) ;
#331 = DIRECTION ( 'NONE',  ( -1.000000000000000000, 0.000000000000000000, 1.971276677246380640E-16 ) ) ;
#332 = EDGE_LOOP ( 'NONE', ( #5802, #3392, #2221, #5152 ) ) ;
#333 = CARTESIAN_POINT ( 'NONE',  ( -2.224999999999964562, 0.2000000000000000111, 1.875000000000000000 ) ) ;
#334 = VERTEX_POINT ( 'NONE', #4459 ) ;
#335 = EDGE_CURVE ( 'NONE', #2428, #9910, #353, .T. ) ;
#336 = VECTOR ( 'NONE', #3824, 1000.000000000000000 ) ;
#337 = DIRECTION ( 'NONE',  ( 0.000000000000000000, 1.000000000000000000, -0.000000000000000000 ) ) ;
#338 = CARTESIAN_POINT ( 'NONE',  ( 0.3750000000000003331, 0.2000000000000000111, -2.500000000000000000 ) ) ;
#339 = DIRECTION ( 'NONE',  ( 0.000000000000000000, 0.000000000000000000, -1.000000000000000000 ) ) ;
#340 = CARTESIAN_POINT ( 'NONE',  ( 2.224999999999985878, 0.2000000000000000111, 0.2500000000000001110 ) ) ;
#341 = ORIENTED_EDGE ( 'NONE', *, *, #4467, .F. ) ;
#342 = CARTESIAN_POINT ( 'NONE',  ( -1.374999999999999334, 0.2000000000000000111, 2.500000000000000000 ) ) ;
#343 = FACE_OUTER_BOUND ( 'NONE', #9510, .T. ) ;
#344 = CARTESIAN_POINT ( 'NONE',  ( 2.500000000000000000, 0.2000000000000000111, -0.6250000000000001110 ) ) ;
#345 = ORIENTED_EDGE ( 'NONE', *, *, #1542, .T. ) ;
#346 = CARTESIAN_POINT ( 'NONE',  ( -0.6249999999999996669, 0.2000000000000000111, 2.225000000000000977 ) ) ;
#347 = CARTESIAN_POINT ( 'NONE',  ( -0.2499999999999995837, 0.2000000000000000111, -2.224999999999980549 ) ) ;
#348 = VERTEX_POINT ( 'NONE', #8118 ) ;
#349 = CARTESIAN_POINT ( 'NONE',  ( -1.649999999999998801, 0.2000000000000000111, -1.800000000000000044 ) ) ;
#350 = AXIS2_PLACEMENT_3D ( 'NONE', #8845, #1044, #8006 ) ;
#351 = EDGE_CURVE ( 'NONE', #327, #7203, #2705, .T. ) ;
#352 = ORIENTED_EDGE ( 'NONE', *, *, #1146, .T. ) ;
#353 = CIRCLE ( 'NONE', #7635, 0.1250000000000001110 ) ;
#354 = CARTESIAN_POINT ( 'NONE',  ( 2.224999999999990763, 0.2000000000000000111, 0.6249999999999998890 ) ) ;
#355 = FILL_AREA_STYLE ('',( #2908 ) ) ;
#356 = ORIENTED_EDGE ( 'NONE', *, *, #1145, .F. ) ;
#357 = LINE ( 'NONE', #6280, #11150 ) ;
#358 = CARTESIAN_POINT ( 'NONE',  ( -0.8749999999999994449, 0.2000000000000000111, 2.499999999999999556 ) ) ;
#359 = ORIENTED_EDGE ( 'NONE', *, *, #9263, .F. ) ;
#360 = DIRECTION ( 'NONE',  ( 0.000000000000000000, 0.000000000000000000, 1.000000000000000000 ) ) ;
#361 = VERTEX_POINT ( 'NONE', #6370 ) ;
#362 = ADVANCED_FACE ( 'NONE', ( #4575 ), #6145, .F. ) ;
#363 = ADVANCED_FACE ( 'NONE', ( #5304 ), #6267, .F. ) ;
#364 = PRESENTATION_LAYER_ASSIGNMENT (  '', '', ( #5267 ) ) ;
#365 = AXIS2_PLACEMENT_3D ( 'NONE', #4460, #994, #7722 ) ;
#366 = AXIS2_PLACEMENT_3D ( 'NONE', #7778, #6966, #9586 ) ;
#367 = FACE_OUTER_BOUND ( 'NONE', #7371, .T. ) ;
#368 = ORIENTED_EDGE ( 'NONE', *, *, #10433, .F. ) ;
#369 = LINE ( 'NONE', #1124, #3490 ) ;
#370 = LINE ( 'NONE', #3029, #1958 ) ;
#371 = VECTOR ( 'NONE', #806, 1000.000000000000000 ) ;
#372 = CARTESIAN_POINT ( 'NONE',  ( -1.249999999999999112, 0.2000000000000000111, -2.224999999999969891 ) ) ;
#373 = AXIS2_PLACEMENT_3D ( 'NONE', #5406, #6475, #2791 ) ;
#374 = DIRECTION ( 'NONE',  ( -1.000000000000000000, 0.000000000000000000, 0.000000000000000000 ) ) ;
#375 = EDGE_CURVE ( 'NONE', #403, #2327, #8005, .T. ) ;
#376 = EDGE_CURVE ( 'NONE', #5899, #1318, #3772, .T. ) ;
#377 = AXIS2_PLACEMENT_3D ( 'NONE', #7170, #2109, #5591 ) ;
#378 = VECTOR ( 'NONE', #9771, 1000.000000000000000 ) ;
#379 = VECTOR ( 'NONE', #1370, 1000.000000000000000 ) ;
#380 = LINE ( 'NONE', #1227, #6753 ) ;
#381 = ORIENTED_EDGE ( 'NONE', *, *, #2143, .F. ) ;
#382 = DIRECTION ( 'NONE',  ( 0.000000000000000000, -1.000000000000000000, 0.000000000000000000 ) ) ;
#383 = VERTEX_POINT ( 'NONE', #244 ) ;
#384 = CARTESIAN_POINT ( 'NONE',  ( 2.225000000000001865, 0.2000000000000000111, 1.874999999999999778 ) ) ;
#385 = CARTESIAN_POINT ( 'NONE',  ( -1.124999999999999334, 0.2000000000000000111, -2.225000000000001421 ) ) ;
#386 = DIRECTION ( 'NONE',  ( -0.000000000000000000, -0.000000000000000000, 1.000000000000000000 ) ) ;
#387 = AXIS2_PLACEMENT_3D ( 'NONE', #11012, #8328, #3990 ) ;
#388 = ORIENTED_EDGE ( 'NONE', *, *, #4859, .F. ) ;
#389 = DIRECTION ( 'NONE',  ( -0.000000000000000000, 0.000000000000000000, 1.000000000000000000 ) ) ;
#390 = AXIS2_PLACEMENT_3D ( 'NONE', #1439, #9036, #7510 ) ;
#391 = STYLED_ITEM ( 'NONE', ( #7733 ), #3423 ) ;
#392 = CARTESIAN_POINT ( 'NONE',  ( 1.375000000000000000, 0.2000000000000000111, -2.225000000000001421 ) ) ;
#393 = PLANE ( 'NONE',  #373 ) ;
#394 = CARTESIAN_POINT ( 'NONE',  ( 2.225000000000001421, 0.2000000000000000111, 0.3750000000000000000 ) ) ;
#395 = SURFACE_STYLE_FILL_AREA ( #5678 ) ;
#396 = ORIENTED_EDGE ( 'NONE', *, *, #3013, .T. ) ;
#397 = CARTESIAN_POINT ( 'NONE',  ( -0.8749999999999993339, 0.2000000000000000111, -2.500000000000000000 ) ) ;
#398 = LINE ( 'NONE', #8219, #10734 ) ;
#399 = DIRECTION ( 'NONE',  ( 0.000000000000000000, -0.000000000000000000, 1.000000000000000000 ) ) ;
#400 = ORIENTED_EDGE ( 'NONE', *, *, #8869, .T. ) ;
#401 = LINE ( 'NONE', #8067, #434 ) ;
#402 = DIRECTION ( 'NONE',  ( -0.000000000000000000, -1.000000000000000000, -0.000000000000000000 ) ) ;
#403 = VERTEX_POINT ( 'NONE', #1881 ) ;
#404 = CIRCLE ( 'NONE', #9879, 0.1249999999999996808 ) ;
#405 = COLOUR_RGB ( '',0.7921568627450980005, 0.8196078431372548767, 0.9333333333333333481 ) ;
#406 = LINE ( 'NONE', #7214, #2753 ) ;
#407 = DIRECTION ( 'NONE',  ( -0.000000000000000000, -1.000000000000000000, -0.000000000000000000 ) ) ;
#408 = VECTOR ( 'NONE', #2054, 1000.000000000000000 ) ;
#409 = ORIENTED_EDGE ( 'NONE', *, *, #7914, .F. ) ;
#410 = EDGE_CURVE ( 'NONE', #951, #5614, #7201, .T. ) ;
#411 = CARTESIAN_POINT ( 'NONE',  ( -2.499999999999999556, 0.000000000000000000, -1.875000000000000000 ) ) ;
#412 = DIRECTION ( 'NONE',  ( 0.000000000000000000, -1.000000000000000000, 0.000000000000000000 ) ) ;
#413 =( GEOMETRIC_REPRESENTATION_CONTEXT ( 3 ) GLOBAL_UNCERTAINTY_ASSIGNED_CONTEXT ( ( #7249 ) ) GLOBAL_UNIT_ASSIGNED_CONTEXT ( ( #5835, #557, #1566 ) ) REPRESENTATION_CONTEXT ( 'NONE', 'WORKASPACE' ) );
#414 = ORIENTED_EDGE ( 'NONE', *, *, #3792, .F. ) ;
#415 = DIRECTION ( 'NONE',  ( 1.000000000000000000, 0.000000000000000000, 0.000000000000000000 ) ) ;
#416 = ORIENTED_EDGE ( 'NONE', *, *, #2875, .F. ) ;
#417 = EDGE_CURVE ( 'NONE', #7313, #827, #8729, .T. ) ;
#418 = ORIENTED_EDGE ( 'NONE', *, *, #9967, .F. ) ;
#419 = VECTOR ( 'NONE', #442, 1000.000000000000000 ) ;
#420 = VECTOR ( 'NONE', #2881, 1000.000000000000000 ) ;
#421 = AXIS2_PLACEMENT_3D ( 'NONE', #7861, #965, #11099 ) ;
#422 = DIRECTION ( 'NONE',  ( -0.000000000000000000, -1.000000000000000000, -0.000000000000000000 ) ) ;
#423 = FACE_OUTER_BOUND ( 'NONE', #1235, .T. ) ;
#424 = ORIENTED_EDGE ( 'NONE', *, *, #5519, .T. ) ;
#425 = EDGE_CURVE ( 'NONE', #9804, #2525, #5572, .T. ) ;
#426 = CARTESIAN_POINT ( 'NONE',  ( -0.8749999999999994449, 0.04999999999999999584, 2.225000000000000977 ) ) ;
#427 = CARTESIAN_POINT ( 'NONE',  ( -2.499999999999999556, 0.04999999999999969746, -2.500000000000000000 ) ) ;
#428 = MECHANICAL_DESIGN_GEOMETRIC_PRESENTATION_REPRESENTATION (  '', ( #3889 ), #4437 ) ;
#429 = VECTOR ( 'NONE', #9258, 1000.000000000000000 ) ;
#430 = CARTESIAN_POINT ( 'NONE',  ( 2.500000000000000000, 0.2000000000000000111, 0.3749999999999999445 ) ) ;
#431 = AXIS2_PLACEMENT_3D ( 'NONE', #2067, #6350, #9035 ) ;
#432 = ADVANCED_FACE ( 'NONE', ( #343 ), #10782, .F. ) ;
#433 = DIRECTION ( 'NONE',  ( 0.000000000000000000, -1.000000000000000000, 0.000000000000000000 ) ) ;
#434 = VECTOR ( 'NONE', #6270, 1000.000000000000000 ) ;
#435 = DIRECTION ( 'NONE',  ( 1.000000000000000000, -0.000000000000000000, 0.000000000000000000 ) ) ;
#436 = EDGE_CURVE ( 'NONE', #1942, #4312, #2142, .T. ) ;
#437 = EDGE_LOOP ( 'NONE', ( #871, #7128, #448, #3607, #3308 ) ) ;
#438 = EDGE_CURVE ( 'NONE', #1200, #11236, #5528, .T. ) ;
#439 = EDGE_CURVE ( 'NONE', #3667, #5123, #2088, .T. ) ;
#440 = CARTESIAN_POINT ( 'NONE',  ( -2.499999999999978684, 0.04999999999999999584, 0.3749999999999998890 ) ) ;
#441 = ORIENTED_EDGE ( 'NONE', *, *, #138, .F. ) ;
#442 = DIRECTION ( 'NONE',  ( -0.000000000000000000, -1.000000000000000000, -0.000000000000000000 ) ) ;
#443 = DIRECTION ( 'NONE',  ( 0.000000000000000000, 1.000000000000000000, -0.000000000000000000 ) ) ;
#444 = CARTESIAN_POINT ( 'NONE',  ( 1.750000000000000000, 0.2000000000000000111, -2.225000000000001421 ) ) ;
#445 = DIRECTION ( 'NONE',  ( 0.000000000000000000, 0.000000000000000000, 1.000000000000000000 ) ) ;
#446 = ORIENTED_EDGE ( 'NONE', *, *, #7557, .T. ) ;
#447 = LINE ( 'NONE', #1394, #10983 ) ;
#448 = ORIENTED_EDGE ( 'NONE', *, *, #4144, .T. ) ;
#449 = ORIENTED_EDGE ( 'NONE', *, *, #10754, .F. ) ;
#450 = EDGE_CURVE ( 'NONE', #4636, #10564, #3170, .T. ) ;
#451 = CARTESIAN_POINT ( 'NONE',  ( -0.1249999999999996531, 0.000000000000000000, -2.500000000000000000 ) ) ;
#452 = CARTESIAN_POINT ( 'NONE',  ( -0.8749999999999994449, 0.2000000000000000111, 2.499999999999999556 ) ) ;
#453 = DIRECTION ( 'NONE',  ( 0.000000000000000000, -1.000000000000000000, 0.000000000000000000 ) ) ;
#454 = ORIENTED_EDGE ( 'NONE', *, *, #1056, .T. ) ;
#455 = PLANE ( 'NONE',  #11166 ) ;
#456 = CARTESIAN_POINT ( 'NONE',  ( 1.625000000000000000, 0.2000000000000000111, 2.499999999999999112 ) ) ;
#457 = CARTESIAN_POINT ( 'NONE',  ( 1.250000000000000222, 0.2000000000000000111, -2.224999999999996092 ) ) ;
#458 = CARTESIAN_POINT ( 'NONE',  ( -1.749999999999999112, 0.2000000000000000111, -2.224999999999965006 ) ) ;
#459 = VERTEX_POINT ( 'NONE', #4842 ) ;
#460 = DIRECTION ( 'NONE',  ( 0.000000000000000000, 0.000000000000000000, -1.000000000000000000 ) ) ;
#461 = DIRECTION ( 'NONE',  ( 1.000000000000000000, 0.000000000000000000, 0.000000000000000000 ) ) ;
#462 = ORIENTED_EDGE ( 'NONE', *, *, #4028, .F. ) ;
#463 = FILL_AREA_STYLE ('',( #11054 ) ) ;
#464 = VECTOR ( 'NONE', #656, 1000.000000000000000 ) ;
#465 = DIRECTION ( 'NONE',  ( 0.000000000000000000, 1.000000000000000000, -0.000000000000000000 ) ) ;
#466 = LINE ( 'NONE', #5695, #2443 ) ;
#467 = ORIENTED_EDGE ( 'NONE', *, *, #5446, .F. ) ;
#468 = CARTESIAN_POINT ( 'NONE',  ( 0.6250000000000003331, 0.05000000000000000278, 0.000000000000000000 ) ) ;
#469 = CARTESIAN_POINT ( 'NONE',  ( -2.499999999999999556, -7.071067811865474617, 2.500000000000000000 ) ) ;
#470 = ORIENTED_EDGE ( 'NONE', *, *, #11182, .T. ) ;
#471 = LINE ( 'NONE', #10962, #554 ) ;
#472 = VERTEX_POINT ( 'NONE', #3979 ) ;
#473 = FACE_OUTER_BOUND ( 'NONE', #11042, .T. ) ;
#474 = VERTEX_POINT ( 'NONE', #7471 ) ;
#475 = ADVANCED_FACE ( 'NONE', ( #6655 ), #10028, .F. ) ;
#476 = DIRECTION ( 'NONE',  ( 0.000000000000000000, 0.000000000000000000, -1.000000000000000000 ) ) ;
#477 = VERTEX_POINT ( 'NONE', #6596 ) ;
#478 = VECTOR ( 'NONE', #6650, 1000.000000000000000 ) ;
#479 = FACE_OUTER_BOUND ( 'NONE', #8239, .T. ) ;
#480 = DIRECTION ( 'NONE',  ( 0.000000000000000000, 0.000000000000000000, -1.000000000000000000 ) ) ;
#481 = CARTESIAN_POINT ( 'NONE',  ( 2.500000000000000000, 0.2000000000000000111, -0.6250000000000001110 ) ) ;
#482 = EDGE_CURVE ( 'NONE', #6162, #5032, #4684, .T. ) ;
#483 = DIRECTION ( 'NONE',  ( 0.000000000000000000, -0.000000000000000000, -1.000000000000000000 ) ) ;
#484 = CARTESIAN_POINT ( 'NONE',  ( -2.224999999999995648, 0.000000000000000000, -1.250000000000000000 ) ) ;
#485 = VERTEX_POINT ( 'NONE', #9114 ) ;
#486 = CARTESIAN_POINT ( 'NONE',  ( 1.374999999999999778, 0.2000000000000000111, 2.499999999999999112 ) ) ;
#487 = ORIENTED_EDGE ( 'NONE', *, *, #1063, .T. ) ;
#488 = FACE_OUTER_BOUND ( 'NONE', #7432, .T. ) ;
#489 = DIRECTION ( 'NONE',  ( -0.000000000000000000, -1.000000000000000000, -0.000000000000000000 ) ) ;
#490 = CARTESIAN_POINT ( 'NONE',  ( -1.124999999999999334, 0.2000000000000000111, -2.225000000000001421 ) ) ;
#491 = ORIENTED_EDGE ( 'NONE', *, *, #142, .T. ) ;
#492 = FACE_OUTER_BOUND ( 'NONE', #5825, .T. ) ;
#493 = VERTEX_POINT ( 'NONE', #8166 ) ;
#494 = EDGE_CURVE ( 'NONE', #10992, #8149, #172, .T. ) ;
#495 = EDGE_CURVE ( 'NONE', #383, #5974, #5078, .T. ) ;
#496 = DIRECTION ( 'NONE',  ( -0.000000000000000000, -0.000000000000000000, 1.000000000000000000 ) ) ;
#497 = DIRECTION ( 'NONE',  ( 0.000000000000000000, -0.000000000000000000, -1.000000000000000000 ) ) ;
#498 = CARTESIAN_POINT ( 'NONE',  ( -0.6249999999999995559, 0.04999999999999999584, -2.225000000000001421 ) ) ;
#499 = VERTEX_POINT ( 'NONE', #2194 ) ;
#500 = CARTESIAN_POINT ( 'NONE',  ( -2.499999999999999556, 0.04999999999999969746, 2.500000000000000000 ) ) ;
#501 = DIRECTION ( 'NONE',  ( 0.000000000000000000, 0.000000000000000000, -1.000000000000000000 ) ) ;
#502 = DIRECTION ( 'NONE',  ( -0.000000000000000000, -1.000000000000000000, -0.000000000000000000 ) ) ;
#503 = ORIENTED_EDGE ( 'NONE', *, *, #11091, .T. ) ;
#504 = VECTOR ( 'NONE', #9780, 1000.000000000000000 ) ;
#505 = PLANE ( 'NONE',  #3139 ) ;
#506 = FACE_OUTER_BOUND ( 'NONE', #10172, .T. ) ;
#507 = ORIENTED_EDGE ( 'NONE', *, *, #4673, .T. ) ;
#508 = CARTESIAN_POINT ( 'NONE',  ( -2.224999999999974776, 0.2000000000000000111, 0.7500000000000000000 ) ) ;
#509 = EDGE_CURVE ( 'NONE', #3981, #4383, #4043, .T. ) ;
#510 = EDGE_CURVE ( 'NONE', #7660, #3869, #11001, .T. ) ;
#511 = CLOSED_SHELL ( 'NONE', ( #9845, #362, #2229, #4960, #1772, #8426 ) ) ;
#512 = DIRECTION ( 'NONE',  ( 0.000000000000000000, 1.000000000000000000, -0.000000000000000000 ) ) ;
#513 = CARTESIAN_POINT ( 'NONE',  ( 2.500000000000000000, 0.2000000000000000111, -1.374999999999999334 ) ) ;
#514 = SURFACE_SIDE_STYLE ('',( #5696 ) ) ;
#515 = ORIENTED_EDGE ( 'NONE', *, *, #9107, .T. ) ;
#516 = CARTESIAN_POINT ( 'NONE',  ( 1.374999999999999778, 0.2000000000000000111, 2.499999999999999112 ) ) ;
#517 = DIRECTION ( 'NONE',  ( 1.000000000000000000, 0.000000000000000000, -0.000000000000000000 ) ) ;
#518 = PLANE ( 'NONE',  #9426 ) ;
#519 = VERTEX_POINT ( 'NONE', #9924 ) ;
#520 = VECTOR ( 'NONE', #4113, 1000.000000000000000 ) ;
#521 = PLANE ( 'NONE',  #4019 ) ;
#522 = ORIENTED_EDGE ( 'NONE', *, *, #7407, .T. ) ;
#523 = DIRECTION ( 'NONE',  ( 0.000000000000000000, 0.000000000000000000, -1.000000000000000000 ) ) ;
#524 = VERTEX_POINT ( 'NONE', #1204 ) ;
#525 = ORIENTED_EDGE ( 'NONE', *, *, #3424, .T. ) ;
#526 = VECTOR ( 'NONE', #9455, 1000.000000000000000 ) ;
#527 = EDGE_CURVE ( 'NONE', #1867, #1787, #3823, .T. ) ;
#528 = CARTESIAN_POINT ( 'NONE',  ( -2.499999999999978684, 0.2000000000000000111, 0.3749999999999998890 ) ) ;
#529 = ORIENTED_EDGE ( 'NONE', *, *, #3753, .T. ) ;
#530 = LINE ( 'NONE', #9302, #2569 ) ;
#531 = CARTESIAN_POINT ( 'NONE',  ( -1.749999999999999112, 0.000000000000000000, -2.224999999999965006 ) ) ;
#532 = VERTEX_POINT ( 'NONE', #4733 ) ;
#533 = AXIS2_PLACEMENT_3D ( 'NONE', #9491, #4263, #5166 ) ;
#534 = CARTESIAN_POINT ( 'NONE',  ( -2.499999999999968470, 0.2000000000000000111, 1.125000000000000222 ) ) ;
#535 = AXIS2_PLACEMENT_3D ( 'NONE', #11252, #6033, #2669 ) ;
#536 = EDGE_CURVE ( 'NONE', #7405, #11035, #398, .T. ) ;
#537 = CARTESIAN_POINT ( 'NONE',  ( 0.8750000000000001110, 0.04999999999999999584, 2.499999999999999556 ) ) ;
#538 = STYLED_ITEM ( 'NONE', ( #7034 ), #7284 ) ;
#539 = DIRECTION ( 'NONE',  ( 0.000000000000000000, 0.000000000000000000, -1.000000000000000000 ) ) ;
#540 = VERTEX_POINT ( 'NONE', #7415 ) ;
#541 = CARTESIAN_POINT ( 'NONE',  ( 0.7500000000000002220, 0.2000000000000000111, 2.224999999999974776 ) ) ;
#542 = ORIENTED_EDGE ( 'NONE', *, *, #135, .F. ) ;
#543 = EDGE_CURVE ( 'NONE', #2913, #6861, #10838, .T. ) ;
#544 = SURFACE_STYLE_FILL_AREA ( #5888 ) ;
#545 = CARTESIAN_POINT ( 'NONE',  ( 2.500000000000000000, 0.2000000000000000111, 1.624999999999999778 ) ) ;
#546 = DIRECTION ( 'NONE',  ( 1.000000000000000000, -0.000000000000000000, 0.000000000000000000 ) ) ;
#547 = CARTESIAN_POINT ( 'NONE',  ( -0.8749999999999994449, 0.000000000000000000, 2.499999999999999556 ) ) ;
#548 = ORIENTED_EDGE ( 'NONE', *, *, #3898, .T. ) ;
#549 = PLANE ( 'NONE',  #7178 ) ;
#550 = ADVANCED_FACE ( 'NONE', ( #10884 ), #3055, .T. ) ;
#551 = ORIENTED_EDGE ( 'NONE', *, *, #4848, .T. ) ;
#552 = VECTOR ( 'NONE', #6081, 1000.000000000000000 ) ;
#553 = VECTOR ( 'NONE', #5449, 1000.000000000000000 ) ;
#554 = VECTOR ( 'NONE', #5748, 1000.000000000000000 ) ;
#555 = FACE_OUTER_BOUND ( 'NONE', #9888, .T. ) ;
#556 = CARTESIAN_POINT ( 'NONE',  ( 2.500000000000000000, 0.000000000000000000, -0.6250000000000001110 ) ) ;
#557 =( NAMED_UNIT ( * ) PLANE_ANGLE_UNIT ( ) SI_UNIT ( $, .RADIAN. ) );
#558 = EDGE_LOOP ( 'NONE', ( #4063, #7179, #6374, #1760 ) ) ;
#559 = EDGE_CURVE ( 'NONE', #5450, #3355, #3455, .T. ) ;
#560 = DIRECTION ( 'NONE',  ( -0.000000000000000000, -1.000000000000000000, -0.000000000000000000 ) ) ;
#561 = DIRECTION ( 'NONE',  ( 0.000000000000000000, -1.000000000000000000, 0.000000000000000000 ) ) ;
#562 = LINE ( 'NONE', #4044, #7633 ) ;
#563 = VECTOR ( 'NONE', #4540, 1000.000000000000000 ) ;
#564 = ORIENTED_EDGE ( 'NONE', *, *, #4204, .F. ) ;
#565 = VECTOR ( 'NONE', #4477, 1000.000000000000000 ) ;
#566 = PLANE ( 'NONE',  #814 ) ;
#567 = CARTESIAN_POINT ( 'NONE',  ( -2.224999999999969447, 0.2000000000000000111, 1.125000000000000222 ) ) ;
#568 = ORIENTED_EDGE ( 'NONE', *, *, #9280, .F. ) ;
#569 =( NAMED_UNIT ( * ) PLANE_ANGLE_UNIT ( ) SI_UNIT ( $, .RADIAN. ) );
#570 = VECTOR ( 'NONE', #7373, 1000.000000000000000 ) ;
#571 = AXIS2_PLACEMENT_3D ( 'NONE', #3491, #7960, #6156 ) ;
#572 = CARTESIAN_POINT ( 'NONE',  ( -2.224999999999964562, 0.000000000000000000, 1.750000000000000000 ) ) ;
#573 = DIRECTION ( 'NONE',  ( -0.000000000000000000, -1.000000000000000000, -0.000000000000000000 ) ) ;
#574 = FACE_OUTER_BOUND ( 'NONE', #3215, .T. ) ;
#575 = ADVANCED_FACE ( 'NONE', ( #8438 ), #7586, .T. ) ;
#576 = ORIENTED_EDGE ( 'NONE', *, *, #5520, .F. ) ;
#577 = EDGE_CURVE ( 'NONE', #10360, #1210, #3810, .T. ) ;
#578 = LINE ( 'NONE', #3130, #3127 ) ;
#579 = FACE_OUTER_BOUND ( 'NONE', #3877, .T. ) ;
#580 = CARTESIAN_POINT ( 'NONE',  ( -0.2499999999999997224, 0.04999999999999999584, 2.224999999999985434 ) ) ;
#581 = EDGE_CURVE ( 'NONE', #7583, #10363, #3395, .T. ) ;
#582 = ORIENTED_EDGE ( 'NONE', *, *, #4105, .F. ) ;
#583 = CARTESIAN_POINT ( 'NONE',  ( 2.224999999999980549, 0.2000000000000000111, -0.2499999999999998890 ) ) ;
#584 = ORIENTED_EDGE ( 'NONE', *, *, #8519, .T. ) ;
#585 = SURFACE_STYLE_FILL_AREA ( #4432 ) ;
#586 = PRESENTATION_LAYER_ASSIGNMENT (  '', '', ( #46 ) ) ;
#587 = ORIENTED_EDGE ( 'NONE', *, *, #3124, .F. ) ;
#588 = ORIENTED_EDGE ( 'NONE', *, *, #10687, .T. ) ;
#589 = AXIS2_PLACEMENT_3D ( 'NONE', #11206, #9471, #5148 ) ;
#590 = MECHANICAL_DESIGN_GEOMETRIC_PRESENTATION_REPRESENTATION (  '', ( #10971 ), #413 ) ;
#591 = CARTESIAN_POINT ( 'NONE',  ( -1.800000000000000044, 0.2000000000000000111, 1.649999999999998579 ) ) ;
#592 = EDGE_LOOP ( 'NONE', ( #7303, #6, #4504, #1031 ) ) ;
#593 = DIRECTION ( 'NONE',  ( -0.000000000000000000, -1.000000000000000000, -0.000000000000000000 ) ) ;
#594 = CARTESIAN_POINT ( 'NONE',  ( -2.224999999999985434, 0.2000000000000000111, -0.1250000000000001110 ) ) ;
#595 = ADVANCED_FACE ( 'NONE', ( #5176 ), #9272, .T. ) ;
#596 = VERTEX_POINT ( 'NONE', #10188 ) ;
#597 = AXIS2_PLACEMENT_3D ( 'NONE', #11196, #6965, #825 ) ;
#598 = VECTOR ( 'NONE', #7823, 1000.000000000000000 ) ;
#599 = LINE ( 'NONE', #2169, #7753 ) ;
#600 = AXIS2_PLACEMENT_3D ( 'NONE', #3333, #8650, #9611 ) ;
#601 = MECHANICAL_DESIGN_GEOMETRIC_PRESENTATION_REPRESENTATION (  '', ( #6987 ), #3882 ) ;
#602 = LINE ( 'NONE', #7568, #1634 ) ;
#603 = AXIS2_PLACEMENT_3D ( 'NONE', #5452, #6186, #7125 ) ;
#604 = CARTESIAN_POINT ( 'NONE',  ( -2.499999999999963141, 0.2000000000000000111, 1.875000000000000000 ) ) ;
#605 = ORIENTED_EDGE ( 'NONE', *, *, #5960, .T. ) ;
#606 = VECTOR ( 'NONE', #1916, 1000.000000000000000 ) ;
#607 = EDGE_CURVE ( 'NONE', #5589, #3145, #5050, .T. ) ;
#608 = LINE ( 'NONE', #4085, #2745 ) ;
#609 = ORIENTED_EDGE ( 'NONE', *, *, #10063, .F. ) ;
#610 = CARTESIAN_POINT ( 'NONE',  ( 1.249999999999999778, 0.04999999999999999584, 2.224999999999969003 ) ) ;
#611 = LINE ( 'NONE', #90, #3835 ) ;
#612 = CARTESIAN_POINT ( 'NONE',  ( -2.499999999999968470, 0.2000000000000000111, 1.125000000000000222 ) ) ;
#613 = ORIENTED_EDGE ( 'NONE', *, *, #6768, .T. ) ;
#614 = DIRECTION ( 'NONE',  ( 7.885106708985523547E-16, 0.000000000000000000, 1.000000000000000000 ) ) ;
#615 = VECTOR ( 'NONE', #3329, 1000.000000000000000 ) ;
#616 = CIRCLE ( 'NONE', #8101, 0.1249999999999998890 ) ;
#617 = DIRECTION ( 'NONE',  ( 1.000000000000000000, -0.000000000000000000, 0.000000000000000000 ) ) ;
#618 = EDGE_CURVE ( 'NONE', #8444, #3373, #2299, .T. ) ;
#619 = FACE_OUTER_BOUND ( 'NONE', #6095, .T. ) ;
#620 = VERTEX_POINT ( 'NONE', #856 ) ;
#621 = CARTESIAN_POINT ( 'NONE',  ( -1.849999999999999645, 0.8499999999999999778, -1.850000000000000089 ) ) ;
#623 = LINE ( 'NONE', #1517, #2884 ) ;
#622 = UNCERTAINTY_MEASURE_WITH_UNIT (LENGTH_MEASURE( 1.000000000000000082E-05 ), #9740, 'distance_accuracy_value', 'NONE');
#624 = CYLINDRICAL_SURFACE ( 'NONE', #7453, 0.1249999999999996808 ) ;
#625 = ORIENTED_EDGE ( 'NONE', *, *, #8277, .F. ) ;
#626 = DIRECTION ( 'NONE',  ( 0.000000000000000000, 0.000000000000000000, -1.000000000000000000 ) ) ;
#627 = DIRECTION ( 'NONE',  ( 2.168404344971009499E-14, 0.000000000000000000, 1.000000000000000000 ) ) ;
#628 = ORIENTED_EDGE ( 'NONE', *, *, #3273, .F. ) ;
#629 = DIRECTION ( 'NONE',  ( -0.000000000000000000, -1.000000000000000000, -0.000000000000000000 ) ) ;
#630 = ORIENTED_EDGE ( 'NONE', *, *, #1189, .T. ) ;
#631 = EDGE_CURVE ( 'NONE', #5418, #3830, #623, .T. ) ;
#632 = DIRECTION ( 'NONE',  ( -0.000000000000000000, -1.000000000000000000, -0.000000000000000000 ) ) ;
#633 = FACE_OUTER_BOUND ( 'NONE', #3610, .T. ) ;
#634 = EDGE_CURVE ( 'NONE', #9012, #3748, #6774, .T. ) ;
#635 = CARTESIAN_POINT ( 'NONE',  ( -1.849999999999999645, 0.8499999999999999778, -1.850000000000000089 ) ) ;
#636 = ORIENTED_EDGE ( 'NONE', *, *, #11219, .F. ) ;
#637 = CARTESIAN_POINT ( 'NONE',  ( -1.374999999999999334, 0.2000000000000000111, 2.225000000000001421 ) ) ;
#638 = PLANE ( 'NONE',  #2167 ) ;
#639 = CARTESIAN_POINT ( 'NONE',  ( 2.225000000000001421, 0.04999999999999999584, 1.749999999999999778 ) ) ;
#640 = CARTESIAN_POINT ( 'NONE',  ( -2.224999999999980105, 0.2000000000000000111, 0.2500000000000000000 ) ) ;
#641 = ORIENTED_EDGE ( 'NONE', *, *, #2830, .T. ) ;
#642 = CARTESIAN_POINT ( 'NONE',  ( -1.874999999999999334, 0.000000000000000000, 2.500000000000000000 ) ) ;
#643 = CARTESIAN_POINT ( 'NONE',  ( -2.225000000000000977, 0.2000000000000000111, -1.875000000000000000 ) ) ;
#644 = ORIENTED_EDGE ( 'NONE', *, *, #8465, .F. ) ;
#645 = ORIENTED_EDGE ( 'NONE', *, *, #3549, .T. ) ;
#646 = EDGE_CURVE ( 'NONE', #9689, #3371, #5809, .T. ) ;
#647 = ADVANCED_FACE ( 'NONE', ( #4948 ), #8539, .F. ) ;
#648 = AXIS2_PLACEMENT_3D ( 'NONE', #3031, #10915, #4921 ) ;
#649 = ADVANCED_FACE ( 'NONE', ( #11172 ), #5901, .T. ) ;
#650 = CYLINDRICAL_SURFACE ( 'NONE', #7672, 0.1249999999999996808 ) ;
#651 = CARTESIAN_POINT ( 'NONE',  ( -2.499999999999999556, 0.04999999999999969746, 0.1250000000000001110 ) ) ;
#652 = ORIENTED_EDGE ( 'NONE', *, *, #6634, .F. ) ;
#653 = CARTESIAN_POINT ( 'NONE',  ( -2.224999999999974776, 0.000000000000000000, 0.6250000000000001110 ) ) ;
#654 = FACE_OUTER_BOUND ( 'NONE', #5947, .T. ) ;
#655 = ORIENTED_EDGE ( 'NONE', *, *, #777, .F. ) ;
#656 = DIRECTION ( 'NONE',  ( 0.000000000000000000, -1.000000000000000000, 0.000000000000000000 ) ) ;
#657 = EDGE_CURVE ( 'NONE', #5092, #2342, #6017, .T. ) ;
#658 = EDGE_CURVE ( 'NONE', #10963, #3399, #3281, .T. ) ;
#659 = VECTOR ( 'NONE', #2638, 1000.000000000000000 ) ;
#660 = DIRECTION ( 'NONE',  ( 0.000000000000000000, -1.000000000000000000, 0.000000000000000000 ) ) ;
#661 = DIRECTION ( 'NONE',  ( 0.000000000000000000, 1.000000000000000000, 0.000000000000000000 ) ) ;
#662 = VERTEX_POINT ( 'NONE', #7638 ) ;
#663 = CARTESIAN_POINT ( 'NONE',  ( 2.500000000000000000, 0.000000000000000000, -0.3749999999999998335 ) ) ;
#664 = ORIENTED_EDGE ( 'NONE', *, *, #1794, .F. ) ;
#665 = DIRECTION ( 'NONE',  ( 1.000000000000000000, -0.000000000000000000, 0.000000000000000000 ) ) ;
#666 = CARTESIAN_POINT ( 'NONE',  ( -2.499999999999999556, 0.2000000000000000111, -1.625000000000000222 ) ) ;
#667 = LINE ( 'NONE', #11096, #4586 ) ;
#668 = DIRECTION ( 'NONE',  ( 0.000000000000000000, 1.000000000000000000, 0.000000000000000000 ) ) ;
#669 = ORIENTED_EDGE ( 'NONE', *, *, #3634, .T. ) ;
#670 = DIRECTION ( 'NONE',  ( 1.000000000000000000, -0.000000000000000000, -0.000000000000000000 ) ) ;
#671 = CIRCLE ( 'NONE', #11232, 0.1249999999999998890 ) ;
#672 = DIRECTION ( 'NONE',  ( -1.000000000000000000, -0.000000000000000000, -0.000000000000000000 ) ) ;
#673 = FACE_OUTER_BOUND ( 'NONE', #5020, .T. ) ;
#674 = ORIENTED_EDGE ( 'NONE', *, *, #1463, .F. ) ;
#675 = LINE ( 'NONE', #5680, #5518 ) ;
#676 = CARTESIAN_POINT ( 'NONE',  ( -2.499999999999978684, 0.2000000000000000111, 0.1250000000000001110 ) ) ;
#677 = CARTESIAN_POINT ( 'NONE',  ( -1.849999999999999645, 0.8499999999999999778, -2.050000000000000266 ) ) ;
#678 = ORIENTED_EDGE ( 'NONE', *, *, #223, .T. ) ;
#679 = EDGE_LOOP ( 'NONE', ( #1841, #11280, #7590, #8395 ) ) ;
#680 = VERTEX_POINT ( 'NONE', #5949 ) ;
#681 = SURFACE_STYLE_USAGE ( .BOTH. , #2093 ) ;
#682 = ORIENTED_EDGE ( 'NONE', *, *, #7912, .F. ) ;
#683 = CIRCLE ( 'NONE', #6678, 0.1249999999999998890 ) ;
#684 = ADVANCED_FACE ( 'NONE', ( #1630 ), #803, .T. ) ;
#685 = EDGE_CURVE ( 'NONE', #5142, #201, #7758, .T. ) ;
#686 = DIRECTION ( 'NONE',  ( -1.000000000000000000, 0.000000000000000000, 1.971276677246380640E-16 ) ) ;
#687 = LINE ( 'NONE', #1703, #10859 ) ;
#688 = EDGE_LOOP ( 'NONE', ( #8083, #9869, #10132, #3840 ) ) ;
#689 = DIRECTION ( 'NONE',  ( -1.000000000000000000, 0.000000000000000000, 0.000000000000000000 ) ) ;
#690 = CARTESIAN_POINT ( 'NONE',  ( -1.624999999999999334, 0.2000000000000000111, 2.500000000000000000 ) ) ;
#691 = CARTESIAN_POINT ( 'NONE',  ( -2.499999999999999556, 0.2000000000000000111, -1.875000000000000000 ) ) ;
#692 = DIRECTION ( 'NONE',  ( 1.000000000000000000, 0.000000000000000000, -1.971276677246380887E-16 ) ) ;
#693 = ORIENTED_EDGE ( 'NONE', *, *, #6456, .F. ) ;
#694 = DIRECTION ( 'NONE',  ( 1.000000000000000000, 0.000000000000000000, 0.000000000000000000 ) ) ;
#695 = CYLINDRICAL_SURFACE ( 'NONE', #3845, 0.2000000000000003164 ) ;
#696 = EDGE_LOOP ( 'NONE', ( #8002, #6857, #6670, #10291 ) ) ;
#697 = CARTESIAN_POINT ( 'NONE',  ( -2.499999999999978684, 0.2000000000000000111, 0.1250000000000001110 ) ) ;
#698 = ORIENTED_EDGE ( 'NONE', *, *, #8665, .F. ) ;
#699 = ADVANCED_FACE ( 'NONE', ( #1139 ), #9618, .T. ) ;
#700 = VERTEX_POINT ( 'NONE', #3639 ) ;
#701 = ORIENTED_EDGE ( 'NONE', *, *, #2648, .F. ) ;
#702 = EDGE_CURVE ( 'NONE', #1171, #10772, #2712, .T. ) ;
#703 = VECTOR ( 'NONE', #8344, 1000.000000000000000 ) ;
#704 = FILL_AREA_STYLE_COLOUR ( '', #7916 ) ;
#705 = CARTESIAN_POINT ( 'NONE',  ( -0.3749999999999996114, 0.2000000000000000111, 2.225000000000000977 ) ) ;
#706 = VECTOR ( 'NONE', #8673, 1000.000000000000000 ) ;
#707 = ORIENTED_EDGE ( 'NONE', *, *, #436, .F. ) ;
#708 = DIRECTION ( 'NONE',  ( -8.673617379884057166E-16, 0.000000000000000000, 1.000000000000000000 ) ) ;
#709 = CARTESIAN_POINT ( 'NONE',  ( 1.649999999999999911, 0.2000000000000000111, 1.649999999999999689 ) ) ;
#710 = ORIENTED_EDGE ( 'NONE', *, *, #7683, .F. ) ;
#711 = ADVANCED_FACE ( 'NONE', ( #229 ), #6187, .T. ) ;
#712 = EDGE_CURVE ( 'NONE', #2953, #10510, #6306, .T. ) ;
#713 = EDGE_LOOP ( 'NONE', ( #6191, #6170, #6158, #4047 ) ) ;
#714 = CARTESIAN_POINT ( 'NONE',  ( 2.224999999999965006, 0.2000000000000000111, -1.749999999999999334 ) ) ;
#715 = VECTOR ( 'NONE', #7127, 1000.000000000000000 ) ;
#716 = AXIS2_PLACEMENT_3D ( 'NONE', #10446, #11062, #6726 ) ;
#717 = CARTESIAN_POINT ( 'NONE',  ( -2.225000000000000977, 0.000000000000000000, -1.875000000000000000 ) ) ;
#718 = DIRECTION ( 'NONE',  ( 0.000000000000000000, -1.000000000000000000, 0.000000000000000000 ) ) ;
#719 = ORIENTED_EDGE ( 'NONE', *, *, #6608, .F. ) ;
#720 = VECTOR ( 'NONE', #10413, 1000.000000000000000 ) ;
#721 = ADVANCED_FACE ( 'NONE', ( #9792 ), #9680, .F. ) ;
#722 =( LENGTH_UNIT ( ) NAMED_UNIT ( * ) SI_UNIT ( .MILLI., .METRE. ) );
#723 = CARTESIAN_POINT ( 'NONE',  ( -1.800000000000000044, 0.2000000000000000111, -1.175000000000000044 ) ) ;
#724 = ADVANCED_FACE ( 'NONE', ( #1745 ), #10604, .F. ) ;
#725 = CARTESIAN_POINT ( 'NONE',  ( 2.225000000000001421, 0.2000000000000000111, -0.6250000000000001110 ) ) ;
#726 = CARTESIAN_POINT ( 'NONE',  ( 2.225000000000001421, 0.04999999999999999584, 1.625000000000000000 ) ) ;
#727 = EDGE_CURVE ( 'NONE', #7967, #3479, #4499, .T. ) ;
#728 = VERTEX_POINT ( 'NONE', #1971 ) ;
#729 = LINE ( 'NONE', #1622, #8431 ) ;
#730 = VECTOR ( 'NONE', #523, 1000.000000000000000 ) ;
#731 = AXIS2_PLACEMENT_3D ( 'NONE', #6495, #6281, #199 ) ;
#732 = LINE ( 'NONE', #4542, #4771 ) ;
#733 = CARTESIAN_POINT ( 'NONE',  ( -1.800000000000000044, 0.2000000000000000111, -1.300000000000000044 ) ) ;
#734 = VERTEX_POINT ( 'NONE', #3522 ) ;
#735 = CARTESIAN_POINT ( 'NONE',  ( 1.750000000000000000, 0.2000000000000000111, -2.225000000000001421 ) ) ;
#736 = DIRECTION ( 'NONE',  ( 0.000000000000000000, -0.000000000000000000, -1.000000000000000000 ) ) ;
#737 = CARTESIAN_POINT ( 'NONE',  ( 2.224999999999990763, 0.2000000000000000111, 0.7499999999999997780 ) ) ;
#738 = EDGE_CURVE ( 'NONE', #1779, #6036, #3757, .T. ) ;
#739 = VERTEX_POINT ( 'NONE', #8830 ) ;
#740 = DIRECTION ( 'NONE',  ( 1.971276677246380640E-16, -0.000000000000000000, 1.000000000000000000 ) ) ;
#741 = AXIS2_PLACEMENT_3D ( 'NONE', #9506, #3343, #11237 ) ;
#742 = ORIENTED_EDGE ( 'NONE', *, *, #3867, .F. ) ;
#743 = VERTEX_POINT ( 'NONE', #2776 ) ;
#744 = LINE ( 'NONE', #4449, #9708 ) ;
#745 = ORIENTED_EDGE ( 'NONE', *, *, #3903, .T. ) ;
#746 = AXIS2_PLACEMENT_3D ( 'NONE', #8213, #10776, #3874 ) ;
#747 = VECTOR ( 'NONE', #10583, 1000.000000000000000 ) ;
#748 = CIRCLE ( 'NONE', #6548, 0.1250000000000001110 ) ;
#749 = DIRECTION ( 'NONE',  ( 0.000000000000000000, -0.000000000000000000, -1.000000000000000000 ) ) ;
#750 = CARTESIAN_POINT ( 'NONE',  ( -0.6249999999999996669, 0.05000000000000000278, 0.000000000000000000 ) ) ;
#751 = CARTESIAN_POINT ( 'NONE',  ( 2.500000000000000444, 0.2000000000000000111, 1.874999999999999778 ) ) ;
#752 = VECTOR ( 'NONE', #5196, 1000.000000000000000 ) ;
#753 = CARTESIAN_POINT ( 'NONE',  ( 1.875000000000000000, 0.2000000000000000111, 2.499999999999999112 ) ) ;
#754 = ORIENTED_EDGE ( 'NONE', *, *, #10454, .F. ) ;
#755 = DIRECTION ( 'NONE',  ( -1.000000000000000000, 0.000000000000000000, 7.885106708985522560E-16 ) ) ;
#756 = FACE_OUTER_BOUND ( 'NONE', #8378, .T. ) ;
#757 = PLANE ( 'NONE',  #1966 ) ;
#758 = DIRECTION ( 'NONE',  ( 0.000000000000000000, 0.000000000000000000, -1.000000000000000000 ) ) ;
#759 = ORIENTED_EDGE ( 'NONE', *, *, #6845, .T. ) ;
#760 = FACE_OUTER_BOUND ( 'NONE', #11037, .T. ) ;
#761 = LINE ( 'NONE', #4231, #10760 ) ;
#762 = ORIENTED_EDGE ( 'NONE', *, *, #4283, .F. ) ;
#763 =( NAMED_UNIT ( * ) PLANE_ANGLE_UNIT ( ) SI_UNIT ( $, .RADIAN. ) );
#764 = ORIENTED_EDGE ( 'NONE', *, *, #5460, .F. ) ;
#765 = EDGE_LOOP ( 'NONE', ( #6469, #4875, #3023, #3190 ) ) ;
#766 = AXIS2_PLACEMENT_3D ( 'NONE', #3291, #6138, #10310 ) ;
#767 = VECTOR ( 'NONE', #8523, 1000.000000000000000 ) ;
#768 =( NAMED_UNIT ( * ) PLANE_ANGLE_UNIT ( ) SI_UNIT ( $, .RADIAN. ) );
#769 = ADVANCED_FACE ( 'NONE', ( #10540 ), #8770, .F. ) ;
#770 = DIRECTION ( 'NONE',  ( 0.000000000000000000, 0.000000000000000000, 1.000000000000000000 ) ) ;
#771 = VECTOR ( 'NONE', #9169, 1000.000000000000000 ) ;
#772 = SURFACE_SIDE_STYLE ('',( #5874 ) ) ;
#773 = VERTEX_POINT ( 'NONE', #2834 ) ;
#774 = CARTESIAN_POINT ( 'NONE',  ( 2.225000000000001865, 0.2000000000000000111, 1.874999999999999778 ) ) ;
#775 = LINE ( 'NONE', #4243, #4153 ) ;
#776 = AXIS2_PLACEMENT_3D ( 'NONE', #7375, #3017, #9020 ) ;
#777 = EDGE_CURVE ( 'NONE', #10314, #8365, #5346, .T. ) ;
#778 = EDGE_CURVE ( 'NONE', #7717, #2027, #8709, .T. ) ;
#779 = ORIENTED_EDGE ( 'NONE', *, *, #581, .T. ) ;
#780 = ORIENTED_EDGE ( 'NONE', *, *, #4692, .T. ) ;
#781 = CARTESIAN_POINT ( 'NONE',  ( 5.913830031739143350E-15, 0.05000000000000000278, -1.875000000000006217 ) ) ;
#782 = PRESENTATION_LAYER_ASSIGNMENT (  '', '', ( #6584 ) ) ;
#783 = DIRECTION ( 'NONE',  ( 0.000000000000000000, 0.000000000000000000, -1.000000000000000000 ) ) ;
#784 = DIRECTION ( 'NONE',  ( -0.000000000000000000, -1.000000000000000000, -0.000000000000000000 ) ) ;
#785 = ORIENTED_EDGE ( 'NONE', *, *, #7472, .F. ) ;
#786 = CARTESIAN_POINT ( 'NONE',  ( -2.499999999999973799, 0.2000000000000000111, 0.6250000000000001110 ) ) ;
#787 = VECTOR ( 'NONE', #8117, 1000.000000000000000 ) ;
#788 = DIRECTION ( 'NONE',  ( 1.000000000000000000, 0.000000000000000000, 3.154042683594199163E-15 ) ) ;
#789 = CARTESIAN_POINT ( 'NONE',  ( 2.225000000000001865, 0.2000000000000000111, 1.874999999999999778 ) ) ;
#790 = DIRECTION ( 'NONE',  ( 0.000000000000000000, 0.000000000000000000, -1.000000000000000000 ) ) ;
#791 = PRESENTATION_LAYER_ASSIGNMENT (  '', '', ( #9319 ) ) ;
#792 = EDGE_LOOP ( 'NONE', ( #3627, #6846, #4659, #522 ) ) ;
#793 = DIRECTION ( 'NONE',  ( 0.000000000000000000, 0.000000000000000000, -1.000000000000000000 ) ) ;
#794 = STYLED_ITEM ( 'NONE', ( #8105 ), #11185 ) ;
#795 = AXIS2_PLACEMENT_3D ( 'NONE', #4095, #10086, #6479 ) ;
#796 = ADVANCED_FACE ( 'NONE', ( #1923, #1028 ), #6128, .F. ) ;
#797 = EDGE_CURVE ( 'NONE', #7528, #1949, #5398, .T. ) ;
#798 = ADVANCED_FACE ( 'NONE', ( #4443 ), #10664, .T. ) ;
#799 = AXIS2_PLACEMENT_3D ( 'NONE', #8481, #11043, #6586 ) ;
#800 = DIRECTION ( 'NONE',  ( -0.000000000000000000, -1.000000000000000000, -0.000000000000000000 ) ) ;
#801 = VERTEX_POINT ( 'NONE', #3041 ) ;
#802 = CYLINDRICAL_SURFACE ( 'NONE', #1324, 0.1250000000000001110 ) ;
#803 = CYLINDRICAL_SURFACE ( 'NONE', #1995, 0.1249999999999996808 ) ;
#804 = CARTESIAN_POINT ( 'NONE',  ( 2.224999999999990763, 0.000000000000000000, 0.7499999999999997780 ) ) ;
#805 = VECTOR ( 'NONE', #5889, 1000.000000000000000 ) ;
#806 = DIRECTION ( 'NONE',  ( 0.000000000000000000, -1.000000000000000000, 0.000000000000000000 ) ) ;
#807 = ORIENTED_EDGE ( 'NONE', *, *, #4391, .F. ) ;
#808 = ORIENTED_EDGE ( 'NONE', *, *, #9955, .F. ) ;
#809 = DIRECTION ( 'NONE',  ( -0.000000000000000000, -1.000000000000000000, -0.000000000000000000 ) ) ;
#810 = ORIENTED_EDGE ( 'NONE', *, *, #2977, .F. ) ;
#811 = ADVANCED_FACE ( 'NONE', ( #8204 ), #8995, .T. ) ;
#812 = ADVANCED_BREP_SHAPE_REPRESENTATION ( 'NRF24LE1-F16Q32-R', ( #11185, #11011, #10930, #3742, #7436, #3779, #11080, #3641, #11270, #10951, #7222, #11145, #11118, #3621, #3553, #3585, #11045, #10993, #7232, #7392, #3505, #7412, #7197, #3457, #7555, #3398, #11208, #7360, #3794, #3423, #7328, #11243, #7284, #11300, #3730, #3729 ), #4980 ) ;
#813 = STYLED_ITEM ( 'NONE', ( #4177 ), #812 ) ;
#814 = AXIS2_PLACEMENT_3D ( 'NONE', #6713, #1358, #460 ) ;
#815 = CARTESIAN_POINT ( 'NONE',  ( 2.224999999999969891, 0.04999999999999999584, -1.249999999999999334 ) ) ;
#816 = FACE_OUTER_BOUND ( 'NONE', #10666, .T. ) ;
#817 = DIRECTION ( 'NONE',  ( 0.000000000000000000, 0.000000000000000000, -1.000000000000000000 ) ) ;
#818 =( NAMED_UNIT ( * ) SI_UNIT ( $, .STERADIAN. ) SOLID_ANGLE_UNIT ( ) );
#819 = ORIENTED_EDGE ( 'NONE', *, *, #2413, .T. ) ;
#820 = CARTESIAN_POINT ( 'NONE',  ( -0.3749999999999994449, 0.2000000000000000111, -2.225000000000001421 ) ) ;
#821 = PLANE ( 'NONE',  #10379 ) ;
#822 = CARTESIAN_POINT ( 'NONE',  ( -1.124999999999999778, 0.000000000000000000, 2.225000000000000977 ) ) ;
#823 = DIRECTION ( 'NONE',  ( 0.000000000000000000, -1.000000000000000000, 0.000000000000000000 ) ) ;
#824 = ORIENTED_EDGE ( 'NONE', *, *, #6359, .F. ) ;
#825 = DIRECTION ( 'NONE',  ( 0.000000000000000000, -0.000000000000000000, -1.000000000000000000 ) ) ;
#826 = LINE ( 'NONE', #10270, #10590 ) ;
#827 = VERTEX_POINT ( 'NONE', #9043 ) ;
#828 = ORIENTED_EDGE ( 'NONE', *, *, #1162, .F. ) ;
#829 = ORIENTED_EDGE ( 'NONE', *, *, #3517, .F. ) ;
#830 = CARTESIAN_POINT ( 'NONE',  ( -1.800000000000000044, 0.04999999999999999584, -1.424999999999999822 ) ) ;
#831 = LINE ( 'NONE', #4179, #7871 ) ;
#832 = ORIENTED_EDGE ( 'NONE', *, *, #11088, .T. ) ;
#833 = DIRECTION ( 'NONE',  ( 0.000000000000000000, 1.000000000000000000, -0.000000000000000000 ) ) ;
#834 = DIRECTION ( 'NONE',  ( 0.000000000000000000, 0.000000000000000000, 1.000000000000000000 ) ) ;
#835 = EDGE_LOOP ( 'NONE', ( #3615, #7207, #6075, #7603, #8571, #1484, #3463, #7309, #10085, #7747, #10657, #9209, #3261, #6272, #8946, #4961, #7063, #6462, #9409, #9218, #2386, #10798, #5687, #2862, #7831, #11190, #2124, #5429, #2729, #1090, #2532, #7782, #9131, #8154, #9887, #10427 ) ) ;
#836 = VERTEX_POINT ( 'NONE', #9213 ) ;
#837 = DIRECTION ( 'NONE',  ( -0.000000000000000000, -1.000000000000000000, -0.000000000000000000 ) ) ;
#838 = VECTOR ( 'NONE', #374, 1000.000000000000000 ) ;
#839 = ADVANCED_FACE ( 'NONE', ( #5608 ), #10711, .F. ) ;
#840 = LINE ( 'NONE', #1845, #6935 ) ;
#841 = PLANE ( 'NONE',  #955 ) ;
#842 = ORIENTED_EDGE ( 'NONE', *, *, #9404, .F. ) ;
#843 = CARTESIAN_POINT ( 'NONE',  ( -0.3749999999999996114, 0.2000000000000000111, 2.225000000000000977 ) ) ;
#844 = VERTEX_POINT ( 'NONE', #8306 ) ;
#845 = FACE_OUTER_BOUND ( 'NONE', #713, .T. ) ;
#846 = FACE_OUTER_BOUND ( 'NONE', #18, .T. ) ;
#847 = CARTESIAN_POINT ( 'NONE',  ( 0.7500000000000002220, 0.2000000000000000111, 2.224999999999974776 ) ) ;
#848 = VERTEX_POINT ( 'NONE', #385 ) ;
#849 = LINE ( 'NONE', #1563, #6976 ) ;
#850 = EDGE_CURVE ( 'NONE', #4578, #5084, #4779, .T. ) ;
#851 = FACE_OUTER_BOUND ( 'NONE', #7832, .T. ) ;
#852 = AXIS2_PLACEMENT_3D ( 'NONE', #212, #10474, #11278 ) ;
#853 = ORIENTED_EDGE ( 'NONE', *, *, #8825, .T. ) ;
#854 = PRESENTATION_STYLE_ASSIGNMENT (( #11291 ) ) ;
#855 = LINE ( 'NONE', #4324, #5335 ) ;
#856 = CARTESIAN_POINT ( 'NONE',  ( 1.374999999999999778, 0.2000000000000000111, 2.225000000000000533 ) ) ;
#857 = LINE ( 'NONE', #7807, #8718 ) ;
#858 = ORIENTED_EDGE ( 'NONE', *, *, #3074, .F. ) ;
#859 = CARTESIAN_POINT ( 'NONE',  ( -1.649999999999998801, 0.2000000000000000111, -1.800000000000000044 ) ) ;
#860 = EDGE_LOOP ( 'NONE', ( #10518, #10690, #10819, #4378 ) ) ;
#861 = ORIENTED_EDGE ( 'NONE', *, *, #9138, .T. ) ;
#862 = CARTESIAN_POINT ( 'NONE',  ( 2.500000000000000000, 0.2000000000000000111, 0.3749999999999999445 ) ) ;
#863 = ORIENTED_EDGE ( 'NONE', *, *, #6867, .F. ) ;
#864 = EDGE_CURVE ( 'NONE', #361, #1052, #8384, .T. ) ;
#865 = EDGE_CURVE ( 'NONE', #2901, #3897, #7291, .T. ) ;
#866 = ORIENTED_EDGE ( 'NONE', *, *, #10533, .F. ) ;
#867 = LINE ( 'NONE', #921, #10949 ) ;
#868 = FACE_OUTER_BOUND ( 'NONE', #6772, .T. ) ;
#869 = CARTESIAN_POINT ( 'NONE',  ( -2.499999999999989342, 0.2000000000000000111, -0.8749999999999998890 ) ) ;
#870 = DIRECTION ( 'NONE',  ( 7.885106708985522560E-16, 0.000000000000000000, 1.000000000000000000 ) ) ;
#871 = ORIENTED_EDGE ( 'NONE', *, *, #2863, .T. ) ;
#872 = CARTESIAN_POINT ( 'NONE',  ( -2.499999999999999556, 0.9000000000000000222, 2.500000000000000000 ) ) ;
#873 = CARTESIAN_POINT ( 'NONE',  ( 1.125000000000000222, 0.2000000000000000111, -2.500000000000000000 ) ) ;
#875 = CYLINDRICAL_SURFACE ( 'NONE', #4550, 0.1249999999999998890 ) ;
#874 = UNCERTAINTY_MEASURE_WITH_UNIT (LENGTH_MEASURE( 1.000000000000000082E-05 ), #6978, 'distance_accuracy_value', 'NONE');
#876 = DIRECTION ( 'NONE',  ( 0.000000000000000000, -1.000000000000000000, 0.000000000000000000 ) ) ;
#877 = ORIENTED_EDGE ( 'NONE', *, *, #1754, .T. ) ;
#878 =( LENGTH_UNIT ( ) NAMED_UNIT ( * ) SI_UNIT ( .MILLI., .METRE. ) );
#879 = DIRECTION ( 'NONE',  ( 0.000000000000000000, 0.000000000000000000, -1.000000000000000000 ) ) ;
#880 = EDGE_LOOP ( 'NONE', ( #10092, #6880, #2801, #10586 ) ) ;
#881 = LINE ( 'NONE', #4739, #11100 ) ;
#882 = ORIENTED_EDGE ( 'NONE', *, *, #3348, .T. ) ;
#883 = EDGE_CURVE ( 'NONE', #11177, #8484, #7350, .T. ) ;
#884 = ADVANCED_FACE ( 'NONE', ( #6357 ), #10824, .T. ) ;
#885 = EDGE_LOOP ( 'NONE', ( #3008, #250, #7661, #971 ) ) ;
#886 = ORIENTED_EDGE ( 'NONE', *, *, #1011, .T. ) ;
#887 = VERTEX_POINT ( 'NONE', #7457 ) ;
#888 = LINE ( 'NONE', #8635, #9140 ) ;
#889 = DIRECTION ( 'NONE',  ( 0.000000000000000000, -1.000000000000000000, 0.000000000000000000 ) ) ;
#890 = CARTESIAN_POINT ( 'NONE',  ( 0.3750000000000003331, 0.04999999999999999584, -2.225000000000001421 ) ) ;
#891 = EDGE_LOOP ( 'NONE', ( #4278, #1366, #8391, #10466 ) ) ;
#892 = ORIENTED_EDGE ( 'NONE', *, *, #5618, .T. ) ;
#893 = VECTOR ( 'NONE', #3087, 1000.000000000000000 ) ;
#894 = LINE ( 'NONE', #10523, #10758 ) ;
#895 = VECTOR ( 'NONE', #3760, 1000.000000000000000 ) ;
#896 = CARTESIAN_POINT ( 'NONE',  ( 1.249999999999999778, 0.2000000000000000111, 2.099999999999969003 ) ) ;
#897 = VERTEX_POINT ( 'NONE', #4873 ) ;
#898 = LINE ( 'NONE', #8820, #9953 ) ;
#899 = ORIENTED_EDGE ( 'NONE', *, *, #9193, .F. ) ;
#900 = CARTESIAN_POINT ( 'NONE',  ( 1.125000000000000222, 0.05000000000000000278, 0.000000000000000000 ) ) ;
#901 = DIRECTION ( 'NONE',  ( 0.000000000000000000, 1.000000000000000000, -0.000000000000000000 ) ) ;
#902 = ORIENTED_EDGE ( 'NONE', *, *, #6625, .F. ) ;
#903 = VECTOR ( 'NONE', #5399, 1000.000000000000000 ) ;
#904 = DIRECTION ( 'NONE',  ( 9.856383386231903201E-17, 0.000000000000000000, 1.000000000000000000 ) ) ;
#905 = AXIS2_PLACEMENT_3D ( 'NONE', #2373, #8672, #2486 ) ;
#906 = AXIS2_PLACEMENT_3D ( 'NONE', #8648, #3331, #4199 ) ;
#907 = ADVANCED_FACE ( 'NONE', ( #1288 ), #2992, .T. ) ;
#908 = DIRECTION ( 'NONE',  ( -1.000000000000000000, 0.000000000000000000, 0.000000000000000000 ) ) ;
#909 = VERTEX_POINT ( 'NONE', #10924 ) ;
#910 = DIRECTION ( 'NONE',  ( 0.000000000000000000, 0.000000000000000000, -1.000000000000000000 ) ) ;
#911 = CARTESIAN_POINT ( 'NONE',  ( 2.500000000000000000, 0.000000000000000000, -1.124999999999999556 ) ) ;
#912 = LINE ( 'NONE', #6018, #10353 ) ;
#913 = ADVANCED_FACE ( 'NONE', ( #6465 ), #2121, .F. ) ;
#914 = ORIENTED_EDGE ( 'NONE', *, *, #2201, .F. ) ;
#915 =( NAMED_UNIT ( * ) PLANE_ANGLE_UNIT ( ) SI_UNIT ( $, .RADIAN. ) );
#916 = VERTEX_POINT ( 'NONE', #8260 ) ;
#917 = ORIENTED_EDGE ( 'NONE', *, *, #8104, .T. ) ;
#918 = DIRECTION ( 'NONE',  ( -1.000000000000000000, 0.000000000000000000, 0.000000000000000000 ) ) ;
#919 = ORIENTED_EDGE ( 'NONE', *, *, #9539, .F. ) ;
#920 = ADVANCED_FACE ( 'NONE', ( #6519 ), #3920, .T. ) ;
#921 = CARTESIAN_POINT ( 'NONE',  ( 2.500000000000000000, 0.2000000000000000111, -0.3749999999999998335 ) ) ;
#922 = DIRECTION ( 'NONE',  ( 0.000000000000000000, 0.000000000000000000, -1.000000000000000000 ) ) ;
#923 = LINE ( 'NONE', #3409, #6292 ) ;
#924 = VECTOR ( 'NONE', #4048, 1000.000000000000000 ) ;
#925 = ORIENTED_EDGE ( 'NONE', *, *, #4653, .T. ) ;
#926 = CARTESIAN_POINT ( 'NONE',  ( 0.7500000000000002220, 0.2000000000000000111, 2.099999999999975220 ) ) ;
#927 = CYLINDRICAL_SURFACE ( 'NONE', #6352, 0.1250000000000001110 ) ;
#928 = DIRECTION ( 'NONE',  ( -0.000000000000000000, 0.000000000000000000, 1.000000000000000000 ) ) ;
#929 = DIRECTION ( 'NONE',  ( 0.000000000000000000, -1.000000000000000000, 0.000000000000000000 ) ) ;
#930 = VECTOR ( 'NONE', #1646, 1000.000000000000000 ) ;
#931 = VERTEX_POINT ( 'NONE', #10012 ) ;
#932 = VECTOR ( 'NONE', #7126, 1000.000000000000000 ) ;
#933 = CARTESIAN_POINT ( 'NONE',  ( 2.225000000000001421, 0.2000000000000000111, -1.624999999999999556 ) ) ;
#934 = CARTESIAN_POINT ( 'NONE',  ( -0.1249999999999996253, 0.2000000000000000111, -2.225000000000001421 ) ) ;
#935 = EDGE_LOOP ( 'NONE', ( #1713, #9327, #3812, #2650 ) ) ;
#936 = FACE_OUTER_BOUND ( 'NONE', #9230, .T. ) ;
#937 = ORIENTED_EDGE ( 'NONE', *, *, #9902, .T. ) ;
#938 = ORIENTED_EDGE ( 'NONE', *, *, #797, .F. ) ;
#939 = EDGE_LOOP ( 'NONE', ( #4506, #8417, #4404, #7745 ) ) ;
#940 = VECTOR ( 'NONE', #5026, 1000.000000000000000 ) ;
#941 = VECTOR ( 'NONE', #10820, 1000.000000000000000 ) ;
#942 = AXIS2_PLACEMENT_3D ( 'NONE', #10322, #7032, #4296 ) ;
#943 = EDGE_CURVE ( 'NONE', #1771, #4122, #1442, .T. ) ;
#944 = EDGE_CURVE ( 'NONE', #1352, #10010, #10074, .T. ) ;
#945 = ADVANCED_FACE ( 'NONE', ( #8360 ), #1233, .F. ) ;
#946 = DIRECTION ( 'NONE',  ( 1.000000000000000000, -0.000000000000000000, 0.000000000000000000 ) ) ;
#947 = ORIENTED_EDGE ( 'NONE', *, *, #10601, .T. ) ;
#948 = CARTESIAN_POINT ( 'NONE',  ( -2.499999999999999556, 0.04999999999999969746, 2.500000000000000000 ) ) ;
#949 = CARTESIAN_POINT ( 'NONE',  ( -0.3749999999999994449, 0.2000000000000000111, -2.225000000000001421 ) ) ;
#950 = CARTESIAN_POINT ( 'NONE',  ( -0.6249999999999995559, 0.2000000000000000111, -2.500000000000000000 ) ) ;
#951 = VERTEX_POINT ( 'NONE', #2403 ) ;
#952 = VECTOR ( 'NONE', #7158, 1000.000000000000000 ) ;
#953 = LINE ( 'NONE', #3208, #9118 ) ;
#954 = ORIENTED_EDGE ( 'NONE', *, *, #7693, .T. ) ;
#955 = AXIS2_PLACEMENT_3D ( 'NONE', #1554, #9309, #1614 ) ;
#956 = VECTOR ( 'NONE', #10996, 1000.000000000000000 ) ;
#957 = EDGE_CURVE ( 'NONE', #6393, #8111, #5260, .T. ) ;
#958 = PLANE ( 'NONE',  #208 ) ;
#959 = DIRECTION ( 'NONE',  ( 0.000000000000000000, -1.000000000000000000, 0.000000000000000000 ) ) ;
#960 = VERTEX_POINT ( 'NONE', #8808 ) ;
#961 = DIRECTION ( 'NONE',  ( 0.000000000000000000, 0.000000000000000000, -1.000000000000000000 ) ) ;
#962 = FACE_OUTER_BOUND ( 'NONE', #7462, .T. ) ;
#963 = CARTESIAN_POINT ( 'NONE',  ( -1.124999999999999556, 0.2000000000000000111, 2.499999999999999556 ) ) ;
#964 = ORIENTED_EDGE ( 'NONE', *, *, #11182, .F. ) ;
#965 = DIRECTION ( 'NONE',  ( -0.000000000000000000, -1.000000000000000000, -0.000000000000000000 ) ) ;
#966 = CIRCLE ( 'NONE', #5668, 0.2000000000000003164 ) ;
#967 = EDGE_CURVE ( 'NONE', #5746, #9242, #9659, .T. ) ;
#968 = AXIS2_PLACEMENT_3D ( 'NONE', #7563, #8408, #1602 ) ;
#969 = CIRCLE ( 'NONE', #10631, 0.1250000000000001110 ) ;
#970 = CARTESIAN_POINT ( 'NONE',  ( -0.6249999999999995559, 0.000000000000000000, -2.500000000000000000 ) ) ;
#971 = ORIENTED_EDGE ( 'NONE', *, *, #8765, .T. ) ;
#972 = FACE_OUTER_BOUND ( 'NONE', #1307, .T. ) ;
#973 = DIRECTION ( 'NONE',  ( 1.000000000000000000, 0.000000000000000000, 0.000000000000000000 ) ) ;
#974 = DIRECTION ( 'NONE',  ( -1.000000000000000000, 0.000000000000000000, 0.000000000000000000 ) ) ;
#975 = ORIENTED_EDGE ( 'NONE', *, *, #9405, .F. ) ;
#976 = VERTEX_POINT ( 'NONE', #7046 ) ;
#977 = ORIENTED_EDGE ( 'NONE', *, *, #8380, .F. ) ;
#978 = DIRECTION ( 'NONE',  ( -0.000000000000000000, -0.000000000000000000, 1.000000000000000000 ) ) ;
#979 = EDGE_LOOP ( 'NONE', ( #7966, #9772, #808, #9881, #7319 ) ) ;
#980 = MECHANICAL_DESIGN_GEOMETRIC_PRESENTATION_REPRESENTATION (  '', ( #794 ), #8798 ) ;
#981 = VECTOR ( 'NONE', #7886, 1000.000000000000000 ) ;
#982 = VECTOR ( 'NONE', #9796, 1000.000000000000000 ) ;
#983 = EDGE_CURVE ( 'NONE', #3922, #10600, #8478, .T. ) ;
#984 = DIRECTION ( 'NONE',  ( -1.000000000000000000, 0.000000000000000000, -3.154042683594198769E-15 ) ) ;
#985 = LINE ( 'NONE', #8667, #10581 ) ;
#986 = DIRECTION ( 'NONE',  ( 0.000000000000000000, -1.000000000000000000, 0.000000000000000000 ) ) ;
#987 = VECTOR ( 'NONE', #10603, 1000.000000000000000 ) ;
#988 = PLANE ( 'NONE',  #7695 ) ;
#989 = ORIENTED_EDGE ( 'NONE', *, *, #6204, .T. ) ;
#990 = CARTESIAN_POINT ( 'NONE',  ( -0.2499999999999997224, 0.2000000000000000111, 2.099999999999985434 ) ) ;
#991 = DIRECTION ( 'NONE',  ( 0.000000000000000000, 0.000000000000000000, 1.000000000000000000 ) ) ;
#993 = LINE ( 'NONE', #70, #8719 ) ;
#992 = UNCERTAINTY_MEASURE_WITH_UNIT (LENGTH_MEASURE( 1.000000000000000082E-05 ), #3230, 'distance_accuracy_value', 'NONE');
#994 = DIRECTION ( 'NONE',  ( 0.000000000000000000, 1.000000000000000000, 0.000000000000000000 ) ) ;
#995 = EDGE_LOOP ( 'NONE', ( #4327, #10078, #3687, #2521 ) ) ;
#996 = FILL_AREA_STYLE ('',( #10382 ) ) ;
#997 = LINE ( 'NONE', #9806, #6937 ) ;
#998 = EDGE_LOOP ( 'NONE', ( #6851, #8009, #10982, #9400 ) ) ;
#999 = DIRECTION ( 'NONE',  ( 0.000000000000000000, 0.000000000000000000, -1.000000000000000000 ) ) ;
#1000 = VERTEX_POINT ( 'NONE', #725 ) ;
#1001 = VECTOR ( 'NONE', #275, 1000.000000000000000 ) ;
#1002 = PLANE ( 'NONE',  #10937 ) ;
#1003 = EDGE_LOOP ( 'NONE', ( #10443, #2879, #8126, #9062 ) ) ;
#1004 = CARTESIAN_POINT ( 'NONE',  ( 2.500000000000000444, 0.04999999999999969746, -1.624999999999999334 ) ) ;
#1005 = CYLINDRICAL_SURFACE ( 'NONE', #7260, 0.1249999999999996808 ) ;
#1006 = DIRECTION ( 'NONE',  ( -0.000000000000000000, -1.000000000000000000, -0.000000000000000000 ) ) ;
#1007 = ORIENTED_EDGE ( 'NONE', *, *, #4319, .F. ) ;
#1008 = DIRECTION ( 'NONE',  ( 0.000000000000000000, -1.000000000000000000, 0.000000000000000000 ) ) ;
#1009 = VERTEX_POINT ( 'NONE', #9653 ) ;
#1010 = EDGE_CURVE ( 'NONE', #5921, #5006, #4418, .T. ) ;
#1011 = EDGE_CURVE ( 'NONE', #532, #596, #611, .T. ) ;
#1012 = EDGE_CURVE ( 'NONE', #6818, #383, #2687, .T. ) ;
#1013 = CARTESIAN_POINT ( 'NONE',  ( 2.500000000000000000, 0.000000000000000000, 1.374999999999999778 ) ) ;
#1014 = CARTESIAN_POINT ( 'NONE',  ( -0.7499999999999994449, 0.000000000000000000, -2.224999999999975220 ) ) ;
#1015 = EDGE_LOOP ( 'NONE', ( #2436, #3820, #10729, #10542 ) ) ;
#1016 = LINE ( 'NONE', #10294, #7687 ) ;
#1017 = CARTESIAN_POINT ( 'NONE',  ( 1.125000000000000444, 0.2000000000000000111, -2.225000000000001421 ) ) ;
#1018 = CARTESIAN_POINT ( 'NONE',  ( 1.625000000000000222, 0.2000000000000000111, -2.225000000000001421 ) ) ;
#1019 = VECTOR ( 'NONE', #7617, 1000.000000000000000 ) ;
#1020 = CARTESIAN_POINT ( 'NONE',  ( 0.2500000000000004441, 0.2000000000000000111, -2.224999999999985878 ) ) ;
#1021 = ORIENTED_EDGE ( 'NONE', *, *, #5430, .F. ) ;
#1022 = LINE ( 'NONE', #6244, #6610 ) ;
#1023 = EDGE_CURVE ( 'NONE', #3362, #7717, #8748, .T. ) ;
#1024 = EDGE_CURVE ( 'NONE', #9913, #4738, #3498, .T. ) ;
#1025 = FACE_OUTER_BOUND ( 'NONE', #1449, .T. ) ;
#1026 = EDGE_LOOP ( 'NONE', ( #5779, #2183, #1368, #10343 ) ) ;
#1027 = CARTESIAN_POINT ( 'NONE',  ( 1.374999999999999778, 0.04999999999999999584, 2.499999999999999112 ) ) ;
#1028 = FACE_OUTER_BOUND ( 'NONE', #5642, .T. ) ;
#1029 = DIRECTION ( 'NONE',  ( 0.000000000000000000, 1.000000000000000000, -0.000000000000000000 ) ) ;
#1030 = ORIENTED_EDGE ( 'NONE', *, *, #8099, .F. ) ;
#1031 = ORIENTED_EDGE ( 'NONE', *, *, #10063, .T. ) ;
#1032 = ORIENTED_EDGE ( 'NONE', *, *, #7899, .T. ) ;
#1033 = DIRECTION ( 'NONE',  ( 0.000000000000000000, 1.000000000000000000, 0.000000000000000000 ) ) ;
#1034 = VECTOR ( 'NONE', #7482, 1000.000000000000000 ) ;
#1035 = ORIENTED_EDGE ( 'NONE', *, *, #9642, .F. ) ;
#1036 = DIRECTION ( 'NONE',  ( 0.000000000000000000, 0.000000000000000000, -1.000000000000000000 ) ) ;
#1037 = DIRECTION ( 'NONE',  ( 0.000000000000000000, 1.000000000000000000, -0.000000000000000000 ) ) ;
#1038 = CARTESIAN_POINT ( 'NONE',  ( 2.500000000000000444, 0.000000000000000000, 1.874999999999999778 ) ) ;
#1039 =( NAMED_UNIT ( * ) PLANE_ANGLE_UNIT ( ) SI_UNIT ( $, .RADIAN. ) );
#1040 = ORIENTED_EDGE ( 'NONE', *, *, #3425, .T. ) ;
#1041 = DIRECTION ( 'NONE',  ( -1.000000000000000000, -0.000000000000000000, -0.000000000000000000 ) ) ;
#1042 = DIRECTION ( 'NONE',  ( 0.000000000000000000, 0.000000000000000000, -1.000000000000000000 ) ) ;
#1043 = CARTESIAN_POINT ( 'NONE',  ( -2.499999999999994227, 0.2000000000000000111, -1.125000000000000222 ) ) ;
#1044 = DIRECTION ( 'NONE',  ( 0.000000000000000000, -1.000000000000000000, 0.000000000000000000 ) ) ;
#1045 = VERTEX_POINT ( 'NONE', #4088 ) ;
#1046 = CARTESIAN_POINT ( 'NONE',  ( 2.500000000000000000, 0.2000000000000000111, 0.8749999999999996669 ) ) ;
#1047 = FACE_OUTER_BOUND ( 'NONE', #4988, .T. ) ;
#1048 = ORIENTED_EDGE ( 'NONE', *, *, #3532, .F. ) ;
#1049 =( NAMED_UNIT ( * ) SI_UNIT ( $, .STERADIAN. ) SOLID_ANGLE_UNIT ( ) );
#1050 = ORIENTED_EDGE ( 'NONE', *, *, #9207, .T. ) ;
#1051 = EDGE_CURVE ( 'NONE', #3188, #662, #5767, .T. ) ;
#1052 = VERTEX_POINT ( 'NONE', #6164 ) ;
#1053 = CARTESIAN_POINT ( 'NONE',  ( 2.225000000000001421, 0.000000000000000000, -0.1250000000000000278 ) ) ;
#1054 = CARTESIAN_POINT ( 'NONE',  ( 0.000000000000000000, 0.05000000000000000278, -0.6250000000000001110 ) ) ;
#1055 = ORIENTED_EDGE ( 'NONE', *, *, #3013, .F. ) ;
#1056 = EDGE_CURVE ( 'NONE', #8062, #1168, #4993, .T. ) ;
#1057 = FACE_OUTER_BOUND ( 'NONE', #4845, .T. ) ;
#1058 = CARTESIAN_POINT ( 'NONE',  ( -1.374999999999999334, 0.2000000000000000111, 2.500000000000000000 ) ) ;
#1059 = CARTESIAN_POINT ( 'NONE',  ( 0.7500000000000003331, 0.2000000000000000111, -2.224999999999990763 ) ) ;
#1060 = VERTEX_POINT ( 'NONE', #7516 ) ;
#1061 = DIRECTION ( 'NONE',  ( -1.000000000000000000, 0.000000000000000000, 0.000000000000000000 ) ) ;
#1062 = ORIENTED_EDGE ( 'NONE', *, *, #4894, .T. ) ;
#1063 = EDGE_CURVE ( 'NONE', #9425, #2267, #953, .T. ) ;
#1064 = CYLINDRICAL_SURFACE ( 'NONE', #6190, 0.1250000000000001110 ) ;
#1065 = DIRECTION ( 'NONE',  ( 0.000000000000000000, -1.000000000000000000, 0.000000000000000000 ) ) ;
#1066 = ORIENTED_EDGE ( 'NONE', *, *, #2497, .T. ) ;
#1067 = EDGE_CURVE ( 'NONE', #10629, #976, #9259, .T. ) ;
#1068 = DIRECTION ( 'NONE',  ( 0.000000000000000000, 0.000000000000000000, -1.000000000000000000 ) ) ;
#1069 = CYLINDRICAL_SURFACE ( 'NONE', #2645, 0.1250000000000001110 ) ;
#1070 = ADVANCED_FACE ( 'NONE', ( #6697 ), #5828, .F. ) ;
#1071 = CIRCLE ( 'NONE', #8522, 0.1249999999999996808 ) ;
#1072 = ORIENTED_EDGE ( 'NONE', *, *, #6396, .T. ) ;
#1073 = DIRECTION ( 'NONE',  ( 0.000000000000000000, 0.000000000000000000, 1.000000000000000000 ) ) ;
#1074 = DIRECTION ( 'NONE',  ( 0.000000000000000000, 0.000000000000000000, -1.000000000000000000 ) ) ;
#1075 = ORIENTED_EDGE ( 'NONE', *, *, #8641, .T. ) ;
#1076 = CARTESIAN_POINT ( 'NONE',  ( 2.224999999999990763, 0.04999999999999999584, 0.6249999999999998890 ) ) ;
#1077 = CIRCLE ( 'NONE', #2494, 0.1249999999999998890 ) ;
#1078 = EDGE_CURVE ( 'NONE', #1898, #6809, #667, .T. ) ;
#1079 = EDGE_CURVE ( 'NONE', #5377, #7296, #3267, .T. ) ;
#1080 = EDGE_CURVE ( 'NONE', #3814, #2342, #9372, .T. ) ;
#1081 = CARTESIAN_POINT ( 'NONE',  ( -2.224999999999995648, 0.000000000000000000, -1.250000000000000000 ) ) ;
#1082 = AXIS2_PLACEMENT_3D ( 'NONE', #1764, #8622, #758 ) ;
#1083 = ORIENTED_EDGE ( 'NONE', *, *, #8299, .F. ) ;
#1084 = CARTESIAN_POINT ( 'NONE',  ( 2.500000000000001332, 0.04999999999999969746, 2.500000000000000000 ) ) ;
#1085 = DIRECTION ( 'NONE',  ( -0.000000000000000000, -1.000000000000000000, -0.000000000000000000 ) ) ;
#1086 = CARTESIAN_POINT ( 'NONE',  ( -0.7499999999999995559, 0.000000000000000000, 2.224999999999990319 ) ) ;
#1087 = CARTESIAN_POINT ( 'NONE',  ( -0.3749999999999994449, 0.000000000000000000, -2.225000000000001421 ) ) ;
#1088 = VECTOR ( 'NONE', #2955, 1000.000000000000000 ) ;
#1089 = ORIENTED_EDGE ( 'NONE', *, *, #7780, .T. ) ;
#1090 = ORIENTED_EDGE ( 'NONE', *, *, #5772, .T. ) ;
#1091 = DIRECTION ( 'NONE',  ( 0.000000000000000000, -1.000000000000000000, 0.000000000000000000 ) ) ;
#1092 = ORIENTED_EDGE ( 'NONE', *, *, #6137, .T. ) ;
#1093 = VECTOR ( 'NONE', #6481, 1000.000000000000000 ) ;
#1094 = EDGE_CURVE ( 'NONE', #2037, #916, #2630, .T. ) ;
#1095 = CARTESIAN_POINT ( 'NONE',  ( -2.499999999999999556, 0.04999999999999969746, 1.625000000000000222 ) ) ;
#1096 = CARTESIAN_POINT ( 'NONE',  ( -2.224999999999969447, 0.04999999999999999584, 1.125000000000000222 ) ) ;
#1097 = PRESENTATION_STYLE_ASSIGNMENT (( #177 ) ) ;
#1098 = ORIENTED_EDGE ( 'NONE', *, *, #6509, .T. ) ;
#1099 = DIRECTION ( 'NONE',  ( 0.000000000000000000, -1.000000000000000000, 0.000000000000000000 ) ) ;
#1100 = CARTESIAN_POINT ( 'NONE',  ( 1.649999999999998801, 0.2000000000000000111, -1.800000000000000044 ) ) ;
#1101 = CARTESIAN_POINT ( 'NONE',  ( 1.374999999999999778, 0.2000000000000000111, 2.225000000000000533 ) ) ;
#1102 = EDGE_LOOP ( 'NONE', ( #5563, #4040, #5197, #7910 ) ) ;
#1103 =( LENGTH_UNIT ( ) NAMED_UNIT ( * ) SI_UNIT ( .MILLI., .METRE. ) );
#1104 = DIRECTION ( 'NONE',  ( 0.000000000000000000, 0.000000000000000000, 1.000000000000000000 ) ) ;
#1105 = ORIENTED_EDGE ( 'NONE', *, *, #6487, .F. ) ;
#1106 = ORIENTED_EDGE ( 'NONE', *, *, #10113, .F. ) ;
#1107 = VECTOR ( 'NONE', #2552, 1000.000000000000000 ) ;
#1108 = AXIS2_PLACEMENT_3D ( 'NONE', #2797, #6266, #9755 ) ;
#1109 = LINE ( 'NONE', #9878, #2354 ) ;
#1110 = DIRECTION ( 'NONE',  ( 1.000000000000000000, 0.000000000000000000, -1.734723475976808475E-15 ) ) ;
#1111 = VERTEX_POINT ( 'NONE', #7165 ) ;
#1112 = CARTESIAN_POINT ( 'NONE',  ( 0.000000000000000000, 0.05000000000000000278, 0.6250000000000001110 ) ) ;
#1113 = DIRECTION ( 'NONE',  ( 0.000000000000000000, -1.000000000000000000, 0.000000000000000000 ) ) ;
#1114 = ORIENTED_EDGE ( 'NONE', *, *, #1412, .F. ) ;
#1115 = CARTESIAN_POINT ( 'NONE',  ( 0.7500000000000002220, 0.000000000000000000, 2.099999999999975220 ) ) ;
#1116 = ORIENTED_EDGE ( 'NONE', *, *, #9787, .F. ) ;
#1117 =( GEOMETRIC_REPRESENTATION_CONTEXT ( 3 ) GLOBAL_UNCERTAINTY_ASSIGNED_CONTEXT ( ( #2415 ) ) GLOBAL_UNIT_ASSIGNED_CONTEXT ( ( #7645, #569, #1411 ) ) REPRESENTATION_CONTEXT ( 'NONE', 'WORKASPACE' ) );
#1118 = VECTOR ( 'NONE', #4136, 1000.000000000000000 ) ;
#1119 = VECTOR ( 'NONE', #9099, 1000.000000000000000 ) ;
#1120 = FACE_OUTER_BOUND ( 'NONE', #10705, .T. ) ;
#1121 = EDGE_CURVE ( 'NONE', #960, #7614, #2914, .T. ) ;
#1122 = FACE_OUTER_BOUND ( 'NONE', #5105, .T. ) ;
#1123 = ORIENTED_EDGE ( 'NONE', *, *, #7767, .T. ) ;
#1124 = CARTESIAN_POINT ( 'NONE',  ( -1.649999999999998801, 0.000000000000000000, -1.800000000000000044 ) ) ;
#1125 = DIRECTION ( 'NONE',  ( 0.000000000000000000, -1.000000000000000000, 0.000000000000000000 ) ) ;
#1126 = CIRCLE ( 'NONE', #6936, 0.2000000000000003164 ) ;
#1127 = AXIS2_PLACEMENT_3D ( 'NONE', #9317, #1505, #10468 ) ;
#1128 = ORIENTED_EDGE ( 'NONE', *, *, #8025, .T. ) ;
#1129 = CARTESIAN_POINT ( 'NONE',  ( -2.224999999999964562, 0.2000000000000000111, 1.750000000000000000 ) ) ;
#1130 = CARTESIAN_POINT ( 'NONE',  ( 0.1250000000000004163, 0.2000000000000000111, 2.499999999999999556 ) ) ;
#1131 = ORIENTED_EDGE ( 'NONE', *, *, #4674, .F. ) ;
#1132 = DIRECTION ( 'NONE',  ( 0.000000000000000000, 0.000000000000000000, -1.000000000000000000 ) ) ;
#1133 = VECTOR ( 'NONE', #63, 1000.000000000000000 ) ;
#1134 = PRESENTATION_LAYER_ASSIGNMENT (  '', '', ( #6019 ) ) ;
#1135 = DIRECTION ( 'NONE',  ( 0.000000000000000000, 0.000000000000000000, -1.000000000000000000 ) ) ;
#1136 = VERTEX_POINT ( 'NONE', #9886 ) ;
#1137 = CARTESIAN_POINT ( 'NONE',  ( 1.125000000000000000, 0.2000000000000000111, 2.225000000000000977 ) ) ;
#1138 = CARTESIAN_POINT ( 'NONE',  ( -2.499999999999963141, 0.2000000000000000111, 1.625000000000000222 ) ) ;
#1139 = FACE_OUTER_BOUND ( 'NONE', #10429, .T. ) ;
#1140 = LINE ( 'NONE', #7188, #7273 ) ;
#1141 = DIRECTION ( 'NONE',  ( 0.000000000000000000, 1.000000000000000000, -0.000000000000000000 ) ) ;
#1142 = VERTEX_POINT ( 'NONE', #3841 ) ;
#1143 = DIRECTION ( 'NONE',  ( -0.000000000000000000, -1.000000000000000000, -0.000000000000000000 ) ) ;
#1144 = EDGE_CURVE ( 'NONE', #11076, #5005, #4651, .T. ) ;
#1145 = EDGE_CURVE ( 'NONE', #4513, #2362, #9821, .T. ) ;
#1146 = EDGE_CURVE ( 'NONE', #2601, #10010, #6392, .T. ) ;
#1147 = PRESENTATION_LAYER_ASSIGNMENT (  '', '', ( #10971 ) ) ;
#1148 = DIRECTION ( 'NONE',  ( -0.000000000000000000, 0.000000000000000000, 1.000000000000000000 ) ) ;
#1149 = VERTEX_POINT ( 'NONE', #6446 ) ;
#1150 = CARTESIAN_POINT ( 'NONE',  ( 0.000000000000000000, 0.05000000000000000278, 1.874999999999999778 ) ) ;
#1151 = DIRECTION ( 'NONE',  ( 0.000000000000000000, 1.000000000000000000, -0.000000000000000000 ) ) ;
#1152 = LINE ( 'NONE', #7307, #2500 ) ;
#1153 = MECHANICAL_DESIGN_GEOMETRIC_PRESENTATION_REPRESENTATION (  '', ( #4451 ), #3335 ) ;
#1154 = ORIENTED_EDGE ( 'NONE', *, *, #6300, .F. ) ;
#1155 = VECTOR ( 'NONE', #3356, 1000.000000000000000 ) ;
#1156 = DIRECTION ( 'NONE',  ( -1.000000000000000000, 0.000000000000000000, 0.000000000000000000 ) ) ;
#1157 = DIRECTION ( 'NONE',  ( 0.000000000000000000, -1.000000000000000000, 0.000000000000000000 ) ) ;
#1158 = EDGE_LOOP ( 'NONE', ( #2319, #10384, #4405, #5844 ) ) ;
#1159 = FILL_AREA_STYLE_COLOUR ( '', #2899 ) ;
#1160 = CIRCLE ( 'NONE', #4801, 0.1249999999999998890 ) ;
#1161 = ORIENTED_EDGE ( 'NONE', *, *, #7343, .F. ) ;
#1162 = EDGE_CURVE ( 'NONE', #9885, #6354, #2351, .T. ) ;
#1163 = VECTOR ( 'NONE', #7932, 1000.000000000000000 ) ;
#1164 = AXIS2_PLACEMENT_3D ( 'NONE', #5397, #8886, #7065 ) ;
#1165 = AXIS2_PLACEMENT_3D ( 'NONE', #3923, #7402, #10015 ) ;
#1166 = DIRECTION ( 'NONE',  ( 0.000000000000000000, 0.000000000000000000, -1.000000000000000000 ) ) ;
#1167 = DIRECTION ( 'NONE',  ( 0.000000000000000000, 0.000000000000000000, -1.000000000000000000 ) ) ;
#1168 = VERTEX_POINT ( 'NONE', #4533 ) ;
#1169 = DIRECTION ( 'NONE',  ( 0.000000000000000000, -1.000000000000000000, 0.000000000000000000 ) ) ;
#1170 = LINE ( 'NONE', #1948, #2158 ) ;
#1171 = VERTEX_POINT ( 'NONE', #10742 ) ;
#1172 = DIRECTION ( 'NONE',  ( -1.000000000000000000, 0.000000000000000000, 0.000000000000000000 ) ) ;
#1173 = ORIENTED_EDGE ( 'NONE', *, *, #5929, .F. ) ;
#1174 = AXIS2_PLACEMENT_3D ( 'NONE', #7335, #6453, #4709 ) ;
#1175 = ADVANCED_FACE ( 'NONE', ( #3788 ), #2057, .F. ) ;
#1176 = PLANE ( 'NONE',  #9472 ) ;
#1177 = VECTOR ( 'NONE', #6796, 1000.000000000000000 ) ;
#1178 = CARTESIAN_POINT ( 'NONE',  ( 0.1250000000000004163, 0.2000000000000000111, 2.499999999999999556 ) ) ;
#1179 = EDGE_LOOP ( 'NONE', ( #5121, #8480, #10210, #1055 ) ) ;
#1180 = DIRECTION ( 'NONE',  ( 0.000000000000000000, 0.000000000000000000, -1.000000000000000000 ) ) ;
#1181 = CARTESIAN_POINT ( 'NONE',  ( 1.375000000000000000, 0.2000000000000000111, -2.500000000000000000 ) ) ;
#1182 = VERTEX_POINT ( 'NONE', #314 ) ;
#1183 = PLANE ( 'NONE',  #9532 ) ;
#1184 = ORIENTED_EDGE ( 'NONE', *, *, #7045, .T. ) ;
#1185 = CARTESIAN_POINT ( 'NONE',  ( -0.2499999999999997224, 0.04999999999999999584, 2.099999999999985434 ) ) ;
#1186 = EDGE_CURVE ( 'NONE', #7979, #1611, #10800, .T. ) ;
#1187 = CARTESIAN_POINT ( 'NONE',  ( -1.624999999999999556, 0.000000000000000000, 2.225000000000001421 ) ) ;
#1188 = ORIENTED_EDGE ( 'NONE', *, *, #8248, .F. ) ;
#1189 = EDGE_CURVE ( 'NONE', #5370, #6661, #10645, .T. ) ;
#1190 = PLANE ( 'NONE',  #9514 ) ;
#1191 = CARTESIAN_POINT ( 'NONE',  ( -2.499999999999999556, 0.04999999999999969746, 2.500000000000000000 ) ) ;
#1192 = DIRECTION ( 'NONE',  ( -0.000000000000000000, -1.000000000000000000, -0.000000000000000000 ) ) ;
#1193 = DIRECTION ( 'NONE',  ( 0.000000000000000000, 0.000000000000000000, -1.000000000000000000 ) ) ;
#1194 = LINE ( 'NONE', #6415, #3971 ) ;
#1195 = EDGE_LOOP ( 'NONE', ( #7898, #780 ) ) ;
#1196 = DIRECTION ( 'NONE',  ( 0.000000000000000000, 1.000000000000000000, -0.000000000000000000 ) ) ;
#1197 = ORIENTED_EDGE ( 'NONE', *, *, #2429, .T. ) ;
#1198 = DIRECTION ( 'NONE',  ( -0.000000000000000000, -0.000000000000000000, -1.000000000000000000 ) ) ;
#1199 = CARTESIAN_POINT ( 'NONE',  ( -1.624999999999999334, 0.2000000000000000111, -2.500000000000000000 ) ) ;
#1200 = VERTEX_POINT ( 'NONE', #5542 ) ;
#1201 = EDGE_CURVE ( 'NONE', #5434, #743, #9939, .T. ) ;
#1202 = DIRECTION ( 'NONE',  ( 1.000000000000000000, 0.000000000000000000, 0.000000000000000000 ) ) ;
#1204 = CARTESIAN_POINT ( 'NONE',  ( 1.625000000000000000, 0.2000000000000000111, -2.500000000000000000 ) ) ;
#1203 = UNCERTAINTY_MEASURE_WITH_UNIT (LENGTH_MEASURE( 1.000000000000000082E-05 ), #4156, 'distance_accuracy_value', 'NONE');
#1205 = DIRECTION ( 'NONE',  ( 0.000000000000000000, -1.000000000000000000, 0.000000000000000000 ) ) ;
#1206 = EDGE_CURVE ( 'NONE', #165, #9648, #10944, .T. ) ;
#1207 = ORIENTED_EDGE ( 'NONE', *, *, #5151, .T. ) ;
#1208 = DIRECTION ( 'NONE',  ( -1.000000000000000000, -0.000000000000000000, -0.000000000000000000 ) ) ;
#1209 = CYLINDRICAL_SURFACE ( 'NONE', #190, 0.1249999999999998890 ) ;
#1210 = VERTEX_POINT ( 'NONE', #5378 ) ;
#1211 = DIRECTION ( 'NONE',  ( -0.000000000000000000, -1.000000000000000000, -0.000000000000000000 ) ) ;
#1212 = EDGE_CURVE ( 'NONE', #8818, #2566, #2006, .T. ) ;
#1213 = VERTEX_POINT ( 'NONE', #1115 ) ;
#1214 = FACE_OUTER_BOUND ( 'NONE', #1102, .T. ) ;
#1215 = ADVANCED_FACE ( 'NONE', ( #5486 ), #9025, .F. ) ;
#1216 = ORIENTED_EDGE ( 'NONE', *, *, #8663, .F. ) ;
#1217 = DIRECTION ( 'NONE',  ( -1.000000000000000000, -0.000000000000000000, -0.000000000000000000 ) ) ;
#1218 = ORIENTED_EDGE ( 'NONE', *, *, #7834, .F. ) ;
#1219 = LINE ( 'NONE', #10649, #4016 ) ;
#1220 = DIRECTION ( 'NONE',  ( 1.000000000000000000, 0.000000000000000000, 0.000000000000000000 ) ) ;
#1221 = VERTEX_POINT ( 'NONE', #7220 ) ;
#1222 = CARTESIAN_POINT ( 'NONE',  ( 1.749999999999999778, 0.2000000000000000111, 2.224999999999964118 ) ) ;
#1223 = CARTESIAN_POINT ( 'NONE',  ( -2.224999999999974776, 0.04999999999999999584, 0.7500000000000000000 ) ) ;
#1224 = EDGE_LOOP ( 'NONE', ( #4387, #5055, #3242, #1591 ) ) ;
#1225 = LINE ( 'NONE', #8457, #2807 ) ;
#1226 = LINE ( 'NONE', #103, #9337 ) ;
#1227 = CARTESIAN_POINT ( 'NONE',  ( 0.1250000000000005829, 0.2000000000000000111, -2.500000000000000000 ) ) ;
#1228 = ORIENTED_EDGE ( 'NONE', *, *, #2129, .T. ) ;
#1229 = CARTESIAN_POINT ( 'NONE',  ( 1.749999999999999778, 0.2000000000000000111, 2.224999999999964118 ) ) ;
#1230 = VERTEX_POINT ( 'NONE', #10694 ) ;
#1231 = LINE ( 'NONE', #3864, #419 ) ;
#1232 = DIRECTION ( 'NONE',  ( -7.885106708985523547E-16, 0.000000000000000000, -1.000000000000000000 ) ) ;
#1233 = PLANE ( 'NONE',  #10756 ) ;
#1234 = CARTESIAN_POINT ( 'NONE',  ( 2.224999999999980549, 0.04999999999999999584, -0.2499999999999998890 ) ) ;
#1235 = EDGE_LOOP ( 'NONE', ( #4004, #1371, #1123, #10268 ) ) ;
#1236 = DIRECTION ( 'NONE',  ( 0.000000000000000000, -1.000000000000000000, 0.000000000000000000 ) ) ;
#1237 = EDGE_LOOP ( 'NONE', ( #1688, #8677, #11271, #861 ) ) ;
#1238 = AXIS2_PLACEMENT_3D ( 'NONE', #4698, #6331, #3737 ) ;
#1239 = ADVANCED_FACE ( 'NONE', ( #2861 ), #6333, .T. ) ;
#1240 = AXIS2_PLACEMENT_3D ( 'NONE', #10447, #4343, #2614 ) ;
#1241 = DIRECTION ( 'NONE',  ( 1.734723475976814589E-15, 0.000000000000000000, -1.000000000000000000 ) ) ;
#1242 = EDGE_CURVE ( 'NONE', #1803, #7565, #7104, .T. ) ;
#1243 = FACE_OUTER_BOUND ( 'NONE', #995, .T. ) ;
#1244 = CLOSED_SHELL ( 'NONE', ( #6388, #11024, #4368, #2216, #7752, #6072 ) ) ;
#1245 = FILL_AREA_STYLE_COLOUR ( '', #2209 ) ;
#1246 = ORIENTED_EDGE ( 'NONE', *, *, #9418, .T. ) ;
#1247 = LINE ( 'NONE', #9754, #8616 ) ;
#1248 = PLANE ( 'NONE',  #6543 ) ;
#1249 = DIRECTION ( 'NONE',  ( -0.000000000000000000, -0.000000000000000000, -1.000000000000000000 ) ) ;
#1250 = PLANE ( 'NONE',  #8011 ) ;
#1251 = ORIENTED_EDGE ( 'NONE', *, *, #2719, .F. ) ;
#1252 = CARTESIAN_POINT ( 'NONE',  ( -2.499999999999999556, 0.000000000000000000, -1.625000000000000222 ) ) ;
#1253 = DIRECTION ( 'NONE',  ( 0.000000000000000000, 0.000000000000000000, -1.000000000000000000 ) ) ;
#1254 = ORIENTED_EDGE ( 'NONE', *, *, #3258, .T. ) ;
#1255 = AXIS2_PLACEMENT_3D ( 'NONE', #7702, #11173, #11110 ) ;
#1256 = AXIS2_PLACEMENT_3D ( 'NONE', #639, #4112, #11253 ) ;
#1257 = EDGE_CURVE ( 'NONE', #472, #4562, #11066, .T. ) ;
#1258 = CARTESIAN_POINT ( 'NONE',  ( 2.500000000000000000, 0.2000000000000000111, 1.624999999999999778 ) ) ;
#1259 = ORIENTED_EDGE ( 'NONE', *, *, #2739, .T. ) ;
#1260 = CARTESIAN_POINT ( 'NONE',  ( -2.224999999999964562, 0.04999999999999999584, 1.750000000000000000 ) ) ;
#1261 = DIRECTION ( 'NONE',  ( 0.000000000000000000, 0.000000000000000000, -1.000000000000000000 ) ) ;
#1262 = ORIENTED_EDGE ( 'NONE', *, *, #4410, .F. ) ;
#1263 = FACE_OUTER_BOUND ( 'NONE', #10362, .T. ) ;
#1264 = ORIENTED_EDGE ( 'NONE', *, *, #7593, .T. ) ;
#1265 = EDGE_CURVE ( 'NONE', #4643, #10314, #3134, .T. ) ;
#1266 = EDGE_CURVE ( 'NONE', #7257, #4676, #9190, .T. ) ;
#1267 = CIRCLE ( 'NONE', #1600, 0.1249999999999996808 ) ;
#1268 = ADVANCED_FACE ( 'NONE', ( #7380 ), #3948, .F. ) ;
#1269 = AXIS2_PLACEMENT_3D ( 'NONE', #3664, #5415, #1104 ) ;
#1270 = DIRECTION ( 'NONE',  ( -0.000000000000000000, -1.000000000000000000, -0.000000000000000000 ) ) ;
#1271 = LINE ( 'NONE', #2162, #11144 ) ;
#1272 = ORIENTED_EDGE ( 'NONE', *, *, #8587, .T. ) ;
#1273 = CARTESIAN_POINT ( 'NONE',  ( -0.8749999999999994449, 0.2000000000000000111, 2.499999999999999556 ) ) ;
#1274 = DIRECTION ( 'NONE',  ( 0.000000000000000000, 0.000000000000000000, -1.000000000000000000 ) ) ;
#1275 = FACE_OUTER_BOUND ( 'NONE', #5916, .T. ) ;
#1276 = VECTOR ( 'NONE', #7300, 1000.000000000000000 ) ;
#1277 = AXIS2_PLACEMENT_3D ( 'NONE', #6710, #4096, #2528 ) ;
#1278 = CARTESIAN_POINT ( 'NONE',  ( 2.500000000000000000, 0.2000000000000000111, 0.3749999999999999445 ) ) ;
#1279 = EDGE_CURVE ( 'NONE', #6887, #2027, #7552, .T. ) ;
#1280 = VECTOR ( 'NONE', #10699, 1000.000000000000000 ) ;
#1281 = CIRCLE ( 'NONE', #10200, 0.1249999999999996808 ) ;
#1282 = CIRCLE ( 'NONE', #2746, 0.1250000000000001110 ) ;
#1283 = DIRECTION ( 'NONE',  ( 0.000000000000000000, 0.000000000000000000, -1.000000000000000000 ) ) ;
#1284 = ORIENTED_EDGE ( 'NONE', *, *, #1818, .T. ) ;
#1285 = DIRECTION ( 'NONE',  ( 1.000000000000000000, -0.000000000000000000, -9.856383386231903201E-17 ) ) ;
#1286 = ORIENTED_EDGE ( 'NONE', *, *, #5085, .F. ) ;
#1287 = PLANE ( 'NONE',  #4981 ) ;
#1288 = FACE_OUTER_BOUND ( 'NONE', #9121, .T. ) ;
#1289 = CARTESIAN_POINT ( 'NONE',  ( -0.6249999999999996669, 0.000000000000000000, 2.499999999999999556 ) ) ;
#1290 = CIRCLE ( 'NONE', #3678, 0.1250000000000001110 ) ;
#1291 = ORIENTED_EDGE ( 'NONE', *, *, #5650, .T. ) ;
#1292 = DIRECTION ( 'NONE',  ( -1.000000000000000000, 0.000000000000000000, 0.000000000000000000 ) ) ;
#1293 = VECTOR ( 'NONE', #6234, 1000.000000000000000 ) ;
#1294 = ORIENTED_EDGE ( 'NONE', *, *, #9534, .T. ) ;
#1295 = EDGE_CURVE ( 'NONE', #11003, #8243, #10853, .T. ) ;
#1296 = AXIS2_PLACEMENT_3D ( 'NONE', #3973, #5617, #6591 ) ;
#1297 = VECTOR ( 'NONE', #10572, 1000.000000000000000 ) ;
#1298 = LINE ( 'NONE', #3929, #9874 ) ;
#1299 = DIRECTION ( 'NONE',  ( 0.000000000000000000, 0.000000000000000000, 1.000000000000000000 ) ) ;
#1300 = ORIENTED_EDGE ( 'NONE', *, *, #3258, .F. ) ;
#1301 = DIRECTION ( 'NONE',  ( 0.000000000000000000, -1.000000000000000000, 0.000000000000000000 ) ) ;
#1302 = CARTESIAN_POINT ( 'NONE',  ( 1.749999999999999778, 0.000000000000000000, 2.224999999999964118 ) ) ;
#1303 = DIRECTION ( 'NONE',  ( 0.000000000000000000, 0.000000000000000000, 1.000000000000000000 ) ) ;
#1304 = VERTEX_POINT ( 'NONE', #9075 ) ;
#1305 = LINE ( 'NONE', #2802, #4267 ) ;
#1306 = CARTESIAN_POINT ( 'NONE',  ( -1.874999999999999334, 0.2000000000000000111, -2.500000000000000000 ) ) ;
#1307 = EDGE_LOOP ( 'NONE', ( #1161, #7230, #3977, #5306, #5243 ) ) ;
#1308 = VECTOR ( 'NONE', #1774, 1000.000000000000000 ) ;
#1309 =( GEOMETRIC_REPRESENTATION_CONTEXT ( 3 ) GLOBAL_UNCERTAINTY_ASSIGNED_CONTEXT ( ( #3599 ) ) GLOBAL_UNIT_ASSIGNED_CONTEXT ( ( #1471, #7596, #818 ) ) REPRESENTATION_CONTEXT ( 'NONE', 'WORKASPACE' ) );
#1310 = EDGE_CURVE ( 'NONE', #680, #9364, #2173, .T. ) ;
#1311 = CARTESIAN_POINT ( 'NONE',  ( -1.749999999999999334, 0.2000000000000000111, 2.225000000000001421 ) ) ;
#1312 = CARTESIAN_POINT ( 'NONE',  ( 2.224999999999990763, 0.2000000000000000111, 0.7499999999999997780 ) ) ;
#1313 = VECTOR ( 'NONE', #6895, 1000.000000000000000 ) ;
#1314 = ORIENTED_EDGE ( 'NONE', *, *, #8520, .F. ) ;
#1315 = CARTESIAN_POINT ( 'NONE',  ( 0.1250000000000004163, 0.2000000000000000111, 2.499999999999999556 ) ) ;
#1316 = DIRECTION ( 'NONE',  ( -0.000000000000000000, -1.000000000000000000, -0.000000000000000000 ) ) ;
#1317 = AXIS2_PLACEMENT_3D ( 'NONE', #1751, #918, #4388 ) ;
#1318 = VERTEX_POINT ( 'NONE', #5701 ) ;
#1319 = CARTESIAN_POINT ( 'NONE',  ( 2.224999999999985878, 0.2000000000000000111, 0.2500000000000001110 ) ) ;
#1320 = EDGE_LOOP ( 'NONE', ( #4155, #2548, #4351, #7783 ) ) ;
#1321 = DIRECTION ( 'NONE',  ( 0.000000000000000000, 0.000000000000000000, 1.000000000000000000 ) ) ;
#1322 = EDGE_CURVE ( 'NONE', #5475, #5893, #11019, .T. ) ;
#1323 = PRESENTATION_LAYER_ASSIGNMENT (  '', '', ( #8613 ) ) ;
#1324 = AXIS2_PLACEMENT_3D ( 'NONE', #735, #10357, #910 ) ;
#1325 = VECTOR ( 'NONE', #10715, 1000.000000000000000 ) ;
#1326 = DIRECTION ( 'NONE',  ( -0.000000000000000000, -1.000000000000000000, -0.000000000000000000 ) ) ;
#1327 = ORIENTED_EDGE ( 'NONE', *, *, #5447, .T. ) ;
#1328 = DIRECTION ( 'NONE',  ( -1.000000000000000000, 0.000000000000000000, 0.000000000000000000 ) ) ;
#1329 = DIRECTION ( 'NONE',  ( 0.000000000000000000, 0.000000000000000000, 1.000000000000000000 ) ) ;
#1330 = AXIS2_PLACEMENT_3D ( 'NONE', #9290, #8505, #10862 ) ;
#1331 = ADVANCED_FACE ( 'NONE', ( #9291 ), #7431, .F. ) ;
#1332 = ADVANCED_FACE ( 'NONE', ( #8396 ), #6557, .F. ) ;
#1333 = ADVANCED_FACE ( 'NONE', ( #1263 ), #3899, .T. ) ;
#1334 = VECTOR ( 'NONE', #8145, 1000.000000000000000 ) ;
#1335 = DIRECTION ( 'NONE',  ( -0.000000000000000000, -1.000000000000000000, -0.000000000000000000 ) ) ;
#1336 = AXIS2_PLACEMENT_3D ( 'NONE', #4736, #3885, #3009 ) ;
#1337 = CARTESIAN_POINT ( 'NONE',  ( -2.224999999999980105, 0.000000000000000000, 0.2500000000000000000 ) ) ;
#1338 = EDGE_LOOP ( 'NONE', ( #124, #584, #6963, #8253 ) ) ;
#1339 = CARTESIAN_POINT ( 'NONE',  ( -1.624999999999999334, 0.05000000000000000278, 0.000000000000000000 ) ) ;
#1340 = ORIENTED_EDGE ( 'NONE', *, *, #5631, .T. ) ;
#1341 = ADVANCED_FACE ( 'NONE', ( #1423 ), #521, .F. ) ;
#1342 = DIRECTION ( 'NONE',  ( -0.000000000000000000, -1.000000000000000000, -0.000000000000000000 ) ) ;
#1343 = PLANE ( 'NONE',  #6992 ) ;
#1344 = LINE ( 'NONE', #4934, #9088 ) ;
#1345 = EDGE_CURVE ( 'NONE', #2241, #1555, #7606, .T. ) ;
#1346 = ORIENTED_EDGE ( 'NONE', *, *, #4769, .F. ) ;
#1347 = CARTESIAN_POINT ( 'NONE',  ( -0.6249999999999996669, 0.000000000000000000, 2.499999999999999556 ) ) ;
#1348 = EDGE_LOOP ( 'NONE', ( #1472, #3887, #1291, #2152 ) ) ;
#1349 = CARTESIAN_POINT ( 'NONE',  ( -2.499999999999963141, 0.000000000000000000, 1.875000000000000000 ) ) ;
#1350 = CARTESIAN_POINT ( 'NONE',  ( 1.875000000000000000, 0.04999999999999969746, -2.500000000000000000 ) ) ;
#1351 =( NAMED_UNIT ( * ) PLANE_ANGLE_UNIT ( ) SI_UNIT ( $, .RADIAN. ) );
#1352 = VERTEX_POINT ( 'NONE', #9133 ) ;
#1353 = DIRECTION ( 'NONE',  ( 0.000000000000000000, 0.000000000000000000, 1.000000000000000000 ) ) ;
#1354 = CARTESIAN_POINT ( 'NONE',  ( 1.125000000000000000, 0.2000000000000000111, 2.499999999999999556 ) ) ;
#1355 = CYLINDRICAL_SURFACE ( 'NONE', #9811, 0.1250000000000001110 ) ;
#1356 = EDGE_CURVE ( 'NONE', #3133, #5044, #6375, .T. ) ;
#1357 = ORIENTED_EDGE ( 'NONE', *, *, #4623, .F. ) ;
#1358 = DIRECTION ( 'NONE',  ( 1.000000000000000000, 0.000000000000000000, 0.000000000000000000 ) ) ;
#1359 = CARTESIAN_POINT ( 'NONE',  ( -1.874999999999999334, 0.2000000000000000111, 2.500000000000000000 ) ) ;
#1360 = ORIENTED_EDGE ( 'NONE', *, *, #6768, .F. ) ;
#1361 = SURFACE_SIDE_STYLE ('',( #3985 ) ) ;
#1362 = VECTOR ( 'NONE', #10061, 1000.000000000000000 ) ;
#1363 = CARTESIAN_POINT ( 'NONE',  ( 2.500000000000000444, 0.04999999999999969746, 2.500000000000000000 ) ) ;
#1364 = CARTESIAN_POINT ( 'NONE',  ( -2.499999999999978684, 0.000000000000000000, 0.3749999999999998890 ) ) ;
#1365 = CARTESIAN_POINT ( 'NONE',  ( -0.7499999999999994449, 0.2000000000000000111, -2.224999999999975220 ) ) ;
#1366 = ORIENTED_EDGE ( 'NONE', *, *, #8584, .F. ) ;
#1367 = DIRECTION ( 'NONE',  ( 0.000000000000000000, 0.000000000000000000, -1.000000000000000000 ) ) ;
#1368 = ORIENTED_EDGE ( 'NONE', *, *, #10482, .F. ) ;
#1369 = EDGE_CURVE ( 'NONE', #3814, #700, #5478, .T. ) ;
#1370 = DIRECTION ( 'NONE',  ( 1.000000000000000000, 0.000000000000000000, 0.000000000000000000 ) ) ;
#1371 = ORIENTED_EDGE ( 'NONE', *, *, #7013, .F. ) ;
#1372 =( NAMED_UNIT ( * ) SI_UNIT ( $, .STERADIAN. ) SOLID_ANGLE_UNIT ( ) );
#1373 = VERTEX_POINT ( 'NONE', #4855 ) ;
#1374 = EDGE_CURVE ( 'NONE', #9196, #844, #471, .T. ) ;
#1375 = CARTESIAN_POINT ( 'NONE',  ( 2.500000000000000000, 0.2000000000000000111, 1.374999999999999778 ) ) ;
#1376 = EDGE_LOOP ( 'NONE', ( #9049, #1655, #9261, #9096 ) ) ;
#1377 = VECTOR ( 'NONE', #1809, 1000.000000000000000 ) ;
#1378 = LINE ( 'NONE', #10222, #237 ) ;
#1379 = DIRECTION ( 'NONE',  ( 0.000000000000000000, 0.000000000000000000, -1.000000000000000000 ) ) ;
#1380 = EDGE_CURVE ( 'NONE', #493, #4765, #761, .T. ) ;
#1381 = EDGE_CURVE ( 'NONE', #10714, #6385, #7726, .T. ) ;
#1382 = LINE ( 'NONE', #534, #11025 ) ;
#1383 = ADVANCED_FACE ( 'NONE', ( #74 ), #695, .F. ) ;
#1384 = LINE ( 'NONE', #2279, #2531 ) ;
#1385 = CARTESIAN_POINT ( 'NONE',  ( -1.374999999999999334, 0.000000000000000000, 2.500000000000000000 ) ) ;
#1386 = ORIENTED_EDGE ( 'NONE', *, *, #7526, .T. ) ;
#1387 = FACE_OUTER_BOUND ( 'NONE', #4075, .T. ) ;
#1388 = ORIENTED_EDGE ( 'NONE', *, *, #10473, .F. ) ;
#1389 = CYLINDRICAL_SURFACE ( 'NONE', #7730, 0.1249999999999998890 ) ;
#1390 = DIRECTION ( 'NONE',  ( 1.000000000000000000, 0.000000000000000000, -7.885106708985523547E-16 ) ) ;
#1391 = CARTESIAN_POINT ( 'NONE',  ( -1.849999999999999645, 0.9000000000000000222, -1.850000000000000089 ) ) ;
#1392 = FACE_OUTER_BOUND ( 'NONE', #5875, .T. ) ;
#1393 = EDGE_LOOP ( 'NONE', ( #6341, #1802, #9344, #9194 ) ) ;
#1394 = CARTESIAN_POINT ( 'NONE',  ( 0.1250000000000004163, 0.2000000000000000111, 2.499999999999999556 ) ) ;
#1395 = ORIENTED_EDGE ( 'NONE', *, *, #5315, .F. ) ;
#1396 = EDGE_CURVE ( 'NONE', #9926, #5751, #6195, .T. ) ;
#1397 = ADVANCED_FACE ( 'NONE', ( #10508 ), #8676, .F. ) ;
#1398 = EDGE_CURVE ( 'NONE', #728, #4272, #1282, .T. ) ;
#1399 = DIRECTION ( 'NONE',  ( 0.000000000000000000, 1.000000000000000000, -0.000000000000000000 ) ) ;
#1400 = DIRECTION ( 'NONE',  ( 0.000000000000000000, -1.000000000000000000, 0.000000000000000000 ) ) ;
#1401 = ORIENTED_EDGE ( 'NONE', *, *, #3489, .F. ) ;
#1402 = PLANE ( 'NONE',  #6056 ) ;
#1404 = DIRECTION ( 'NONE',  ( -0.000000000000000000, -1.000000000000000000, -0.000000000000000000 ) ) ;
#1403 = UNCERTAINTY_MEASURE_WITH_UNIT (LENGTH_MEASURE( 1.000000000000000082E-05 ), #10137, 'distance_accuracy_value', 'NONE');
#1405 = DIRECTION ( 'NONE',  ( 0.000000000000000000, 1.000000000000000000, -0.000000000000000000 ) ) ;
#1406 = ORIENTED_EDGE ( 'NONE', *, *, #3385, .T. ) ;
#1407 = VECTOR ( 'NONE', #2113, 1000.000000000000000 ) ;
#1408 = PRESENTATION_STYLE_ASSIGNMENT (( #9228 ) ) ;
#1409 = CARTESIAN_POINT ( 'NONE',  ( 2.500000000000000444, 0.2000000000000000111, 1.874999999999999778 ) ) ;
#1410 = ORIENTED_EDGE ( 'NONE', *, *, #4594, .T. ) ;
#1411 =( NAMED_UNIT ( * ) SI_UNIT ( $, .STERADIAN. ) SOLID_ANGLE_UNIT ( ) );
#1412 = EDGE_CURVE ( 'NONE', #6776, #10380, #826, .T. ) ;
#1413 = CLOSED_SHELL ( 'NONE', ( #2365, #3682, #6457, #5774, #2999, #2095, #2477 ) ) ;
#1414 = DIRECTION ( 'NONE',  ( -1.000000000000000000, 0.000000000000000000, -0.000000000000000000 ) ) ;
#1415 = CARTESIAN_POINT ( 'NONE',  ( 1.800000000000000044, 0.2000000000000000111, -1.649999999999998801 ) ) ;
#1416 = PLANE ( 'NONE',  #2380 ) ;
#1417 = ORIENTED_EDGE ( 'NONE', *, *, #7810, .F. ) ;
#1418 = DIRECTION ( 'NONE',  ( -0.000000000000000000, -1.000000000000000000, -0.000000000000000000 ) ) ;
#1419 = DIRECTION ( 'NONE',  ( 0.000000000000000000, 1.000000000000000000, -0.000000000000000000 ) ) ;
#1420 = PLANE ( 'NONE',  #6175 ) ;
#1421 = VERTEX_POINT ( 'NONE', #5864 ) ;
#1422 = CIRCLE ( 'NONE', #10164, 0.1250000000000001110 ) ;
#1423 = FACE_OUTER_BOUND ( 'NONE', #9725, .T. ) ;
#1424 = ORIENTED_EDGE ( 'NONE', *, *, #3363, .T. ) ;
#1425 = ORIENTED_EDGE ( 'NONE', *, *, #7981, .T. ) ;
#1426 = VECTOR ( 'NONE', #7145, 1000.000000000000000 ) ;
#1427 = EDGE_CURVE ( 'NONE', #3046, #8062, #2550, .T. ) ;
#1428 = PRESENTATION_STYLE_ASSIGNMENT (( #8697 ) ) ;
#1429 = VECTOR ( 'NONE', #5724, 1000.000000000000000 ) ;
#1430 = EDGE_LOOP ( 'NONE', ( #8660, #9370, #6152, #470 ) ) ;
#1431 = DIRECTION ( 'NONE',  ( 0.000000000000000000, -1.000000000000000000, 0.000000000000000000 ) ) ;
#1432 = CARTESIAN_POINT ( 'NONE',  ( -0.1249999999999996253, 0.04999999999999999584, -2.225000000000001421 ) ) ;
#1433 = VECTOR ( 'NONE', #9015, 1000.000000000000000 ) ;
#1434 = CARTESIAN_POINT ( 'NONE',  ( 2.225000000000001421, 0.2000000000000000111, -1.124999999999999556 ) ) ;
#1435 = AXIS2_PLACEMENT_3D ( 'NONE', #6848, #2489, #1657 ) ;
#1436 = EDGE_CURVE ( 'NONE', #8202, #6579, #4170, .T. ) ;
#1437 = FILL_AREA_STYLE ('',( #11086 ) ) ;
#1438 = MECHANICAL_DESIGN_GEOMETRIC_PRESENTATION_REPRESENTATION (  '', ( #11112 ), #1117 ) ;
#1439 = CARTESIAN_POINT ( 'NONE',  ( 0.2500000000000002776, 0.000000000000000000, 2.224999999999980105 ) ) ;
#1440 = ORIENTED_EDGE ( 'NONE', *, *, #5099, .F. ) ;
#1441 = AXIS2_PLACEMENT_3D ( 'NONE', #6028, #9576, #116 ) ;
#1442 = CIRCLE ( 'NONE', #8937, 0.1249999999999998890 ) ;
#1443 = DIRECTION ( 'NONE',  ( 0.000000000000000000, 0.000000000000000000, -1.000000000000000000 ) ) ;
#1444 = VERTEX_POINT ( 'NONE', #5245 ) ;
#1445 = FILL_AREA_STYLE_COLOUR ( '', #10810 ) ;
#1446 = DIRECTION ( 'NONE',  ( 7.885106708985523547E-16, 0.000000000000000000, 1.000000000000000000 ) ) ;
#1447 = CARTESIAN_POINT ( 'NONE',  ( -1.874999999999999334, 0.000000000000000000, -2.500000000000000000 ) ) ;
#1448 = CARTESIAN_POINT ( 'NONE',  ( 2.225000000000001421, 0.2000000000000000111, 1.749999999999999778 ) ) ;
#1449 = EDGE_LOOP ( 'NONE', ( #7259, #11174, #7184, #1650 ) ) ;
#1450 = CARTESIAN_POINT ( 'NONE',  ( 1.375000000000000000, 0.2000000000000000111, -2.500000000000000000 ) ) ;
#1451 = ADVANCED_FACE ( 'NONE', ( #3419 ), #5923, .T. ) ;
#1452 = VECTOR ( 'NONE', #2818, 1000.000000000000000 ) ;
#1453 = CARTESIAN_POINT ( 'NONE',  ( 2.500000000000000000, 0.2000000000000000111, -0.3749999999999998335 ) ) ;
#1454 = CARTESIAN_POINT ( 'NONE',  ( 1.125000000000000000, 0.2000000000000000111, 2.499999999999999556 ) ) ;
#1455 = ORIENTED_EDGE ( 'NONE', *, *, #5958, .F. ) ;
#1456 = CARTESIAN_POINT ( 'NONE',  ( 0.1250000000000004163, 0.2000000000000000111, 2.499999999999999556 ) ) ;
#1457 = DIRECTION ( 'NONE',  ( 0.000000000000000000, -1.000000000000000000, 0.000000000000000000 ) ) ;
#1458 = DIRECTION ( 'NONE',  ( 0.000000000000000000, 0.000000000000000000, -1.000000000000000000 ) ) ;
#1459 = VECTOR ( 'NONE', #10746, 1000.000000000000000 ) ;
#1460 = ORIENTED_EDGE ( 'NONE', *, *, #5757, .F. ) ;
#1461 = DIRECTION ( 'NONE',  ( -1.000000000000000000, 0.000000000000000000, 0.000000000000000000 ) ) ;
#1462 = ORIENTED_EDGE ( 'NONE', *, *, #3927, .T. ) ;
#1463 = EDGE_CURVE ( 'NONE', #2241, #6393, #5073, .T. ) ;
#1464 = ADVANCED_FACE ( 'NONE', ( #6039 ), #9353, .T. ) ;
#1465 = ADVANCED_FACE ( 'NONE', ( #1590 ), #2617, .F. ) ;
#1466 = VECTOR ( 'NONE', #1211, 1000.000000000000000 ) ;
#1467 = AXIS2_PLACEMENT_3D ( 'NONE', #3952, #10057, #3428 ) ;
#1468 = DIRECTION ( 'NONE',  ( 0.000000000000000000, 0.000000000000000000, -1.000000000000000000 ) ) ;
#1469 = DIRECTION ( 'NONE',  ( 1.000000000000000000, -0.000000000000000000, 0.000000000000000000 ) ) ;
#1470 = CYLINDRICAL_SURFACE ( 'NONE', #4665, 0.1249999999999998890 ) ;
#1471 =( LENGTH_UNIT ( ) NAMED_UNIT ( * ) SI_UNIT ( .MILLI., .METRE. ) );
#1472 = ORIENTED_EDGE ( 'NONE', *, *, #2510, .T. ) ;
#1473 = DIRECTION ( 'NONE',  ( 8.673617379884057166E-16, 0.000000000000000000, 1.000000000000000000 ) ) ;
#1474 = DIRECTION ( 'NONE',  ( -1.000000000000000000, 0.000000000000000000, 0.000000000000000000 ) ) ;
#1475 = DIRECTION ( 'NONE',  ( 0.000000000000000000, 0.000000000000000000, -1.000000000000000000 ) ) ;
#1476 = VERTEX_POINT ( 'NONE', #5018 ) ;
#1477 = CIRCLE ( 'NONE', #2021, 0.1249999999999996808 ) ;
#1478 = DIRECTION ( 'NONE',  ( 0.000000000000000000, 0.000000000000000000, -1.000000000000000000 ) ) ;
#1479 = CARTESIAN_POINT ( 'NONE',  ( 1.649999999999999911, 0.2000000000000000111, -1.649999999999999911 ) ) ;
#1480 = ORIENTED_EDGE ( 'NONE', *, *, #4693, .F. ) ;
#1481 = PRESENTATION_STYLE_ASSIGNMENT (( #9192 ) ) ;
#1482 = EDGE_CURVE ( 'NONE', #3735, #7583, #1620, .T. ) ;
#1483 = ORIENTED_EDGE ( 'NONE', *, *, #1067, .F. ) ;
#1484 = ORIENTED_EDGE ( 'NONE', *, *, #1186, .T. ) ;
#1485 = VECTOR ( 'NONE', #10574, 1000.000000000000000 ) ;
#1486 = FACE_OUTER_BOUND ( 'NONE', #9313, .T. ) ;
#1487 = FILL_AREA_STYLE_COLOUR ( '', #4032 ) ;
#1488 = EDGE_LOOP ( 'NONE', ( #2421, #644, #5706, #6109 ) ) ;
#1489 = CARTESIAN_POINT ( 'NONE',  ( 0.7500000000000002220, 0.04999999999999999584, 2.224999999999974776 ) ) ;
#1490 = LINE ( 'NONE', #3315, #703 ) ;
#1491 = VERTEX_POINT ( 'NONE', #3361 ) ;
#1492 = EDGE_CURVE ( 'NONE', #5602, #6105, #3257, .T. ) ;
#1493 = COLOUR_RGB ( '',1.000000000000000000, 1.000000000000000000, 1.000000000000000000 ) ;
#1494 = AXIS2_PLACEMENT_3D ( 'NONE', #7025, #6143, #4457 ) ;
#1495 = CARTESIAN_POINT ( 'NONE',  ( 0.2500000000000004441, 0.2000000000000000111, -2.224999999999985878 ) ) ;
#1496 = AXIS2_PLACEMENT_3D ( 'NONE', #1927, #10828, #2887 ) ;
#1497 = LINE ( 'NONE', #8471, #1827 ) ;
#1498 = AXIS2_PLACEMENT_3D ( 'NONE', #7868, #2527, #1568 ) ;
#1499 = DIRECTION ( 'NONE',  ( 0.000000000000000000, 0.000000000000000000, -1.000000000000000000 ) ) ;
#1500 = ORIENTED_EDGE ( 'NONE', *, *, #4551, .F. ) ;
#1501 = DIRECTION ( 'NONE',  ( 1.000000000000000000, 0.000000000000000000, 0.000000000000000000 ) ) ;
#1502 = ORIENTED_EDGE ( 'NONE', *, *, #1310, .T. ) ;
#1503 =( NAMED_UNIT ( * ) SI_UNIT ( $, .STERADIAN. ) SOLID_ANGLE_UNIT ( ) );
#1504 = CARTESIAN_POINT ( 'NONE',  ( 1.874999999999999778, 0.2000000000000000111, 2.225000000000000533 ) ) ;
#1505 = DIRECTION ( 'NONE',  ( 0.000000000000000000, -1.000000000000000000, 0.000000000000000000 ) ) ;
#1506 = CARTESIAN_POINT ( 'NONE',  ( -7.392287539673916615E-17, 0.05000000000000000278, -0.3749999999999993339 ) ) ;
#1507 = EDGE_CURVE ( 'NONE', #7591, #9910, #6902, .T. ) ;
#1508 = ORIENTED_EDGE ( 'NONE', *, *, #4979, .T. ) ;
#1509 = DIRECTION ( 'NONE',  ( 0.000000000000000000, 1.000000000000000000, -0.000000000000000000 ) ) ;
#1510 = AXIS2_PLACEMENT_3D ( 'NONE', #610, #2179, #2238 ) ;
#1511 = EDGE_CURVE ( 'NONE', #5377, #2241, #3481, .T. ) ;
#1512 = DIRECTION ( 'NONE',  ( 0.000000000000000000, 0.000000000000000000, -1.000000000000000000 ) ) ;
#1513 =( GEOMETRIC_REPRESENTATION_CONTEXT ( 3 ) GLOBAL_UNCERTAINTY_ASSIGNED_CONTEXT ( ( #11108 ) ) GLOBAL_UNIT_ASSIGNED_CONTEXT ( ( #1987, #300, #10785 ) ) REPRESENTATION_CONTEXT ( 'NONE', 'WORKASPACE' ) );
#1514 = CARTESIAN_POINT ( 'NONE',  ( 1.649999999999999911, 0.2000000000000000111, 1.649999999999999689 ) ) ;
#1515 = ORIENTED_EDGE ( 'NONE', *, *, #5993, .T. ) ;
#1516 = DIRECTION ( 'NONE',  ( -1.000000000000000000, 0.000000000000000000, 0.000000000000000000 ) ) ;
#1517 = CARTESIAN_POINT ( 'NONE',  ( 0.3750000000000001665, 0.2000000000000000111, 2.499999999999999556 ) ) ;
#1518 = DIRECTION ( 'NONE',  ( 0.000000000000000000, -1.000000000000000000, 0.000000000000000000 ) ) ;
#1519 = ORIENTED_EDGE ( 'NONE', *, *, #5313, .F. ) ;
#1520 = FACE_OUTER_BOUND ( 'NONE', #3499, .T. ) ;
#1521 = ORIENTED_EDGE ( 'NONE', *, *, #7344, .F. ) ;
#1522 = ORIENTED_EDGE ( 'NONE', *, *, #6346, .T. ) ;
#1523 = FACE_OUTER_BOUND ( 'NONE', #2011, .T. ) ;
#1524 = ORIENTED_EDGE ( 'NONE', *, *, #3487, .F. ) ;
#1525 = ADVANCED_FACE ( 'NONE', ( #2736 ), #3604, .T. ) ;
#1526 = EDGE_CURVE ( 'NONE', #1843, #1491, #8922, .T. ) ;
#1527 = FACE_OUTER_BOUND ( 'NONE', #7288, .T. ) ;
#1528 = DIRECTION ( 'NONE',  ( 0.000000000000000000, 0.000000000000000000, -1.000000000000000000 ) ) ;
#1529 = DIRECTION ( 'NONE',  ( -0.000000000000000000, -0.000000000000000000, 1.000000000000000000 ) ) ;
#1530 = ORIENTED_EDGE ( 'NONE', *, *, #1398, .F. ) ;
#1531 = LINE ( 'NONE', #516, #6409 ) ;
#1532 = CARTESIAN_POINT ( 'NONE',  ( -0.1249999999999996531, 0.2000000000000000111, -2.500000000000000000 ) ) ;
#1533 = LINE ( 'NONE', #11193, #5251 ) ;
#1534 = CARTESIAN_POINT ( 'NONE',  ( 2.224999999999969891, 0.04999999999999999584, -1.374999999999999334 ) ) ;
#1535 = ORIENTED_EDGE ( 'NONE', *, *, #1941, .T. ) ;
#1536 = DIRECTION ( 'NONE',  ( 0.000000000000000000, 0.000000000000000000, 1.000000000000000000 ) ) ;
#1537 = CARTESIAN_POINT ( 'NONE',  ( 0.2500000000000004441, 0.2000000000000000111, -2.224999999999985878 ) ) ;
#1538 = ORIENTED_EDGE ( 'NONE', *, *, #10830, .F. ) ;
#1539 =( NAMED_UNIT ( * ) SI_UNIT ( $, .STERADIAN. ) SOLID_ANGLE_UNIT ( ) );
#1540 = ORIENTED_EDGE ( 'NONE', *, *, #4239, .T. ) ;
#1541 = EDGE_LOOP ( 'NONE', ( #5423, #1030, #701, #9440 ) ) ;
#1542 = EDGE_CURVE ( 'NONE', #10495, #6101, #5308, .T. ) ;
#1543 = EDGE_CURVE ( 'NONE', #203, #4272, #997, .T. ) ;
#1544 = ADVANCED_FACE ( 'NONE', ( #9871 ), #10628, .T. ) ;
#1545 = CARTESIAN_POINT ( 'NONE',  ( -1.124999999999999334, 0.000000000000000000, -2.500000000000000000 ) ) ;
#1546 = LINE ( 'NONE', #5202, #10224 ) ;
#1547 = ORIENTED_EDGE ( 'NONE', *, *, #11250, .T. ) ;
#1548 = DIRECTION ( 'NONE',  ( 1.000000000000000000, 0.000000000000000000, -0.000000000000000000 ) ) ;
#1549 = CARTESIAN_POINT ( 'NONE',  ( 2.224999999999969891, 0.2000000000000000111, -1.249999999999999334 ) ) ;
#1550 = ORIENTED_EDGE ( 'NONE', *, *, #5104, .T. ) ;
#1551 = AXIS2_PLACEMENT_3D ( 'NONE', #6720, #2309, #10847 ) ;
#1552 = LINE ( 'NONE', #781, #8836 ) ;
#1553 = ADVANCED_FACE ( 'NONE', ( #8792 ), #7149, .F. ) ;
#1554 = CARTESIAN_POINT ( 'NONE',  ( 0.6250000000000003331, 0.2000000000000000111, 2.499999999999999556 ) ) ;
#1555 = VERTEX_POINT ( 'NONE', #4689 ) ;
#1556 = ORIENTED_EDGE ( 'NONE', *, *, #778, .T. ) ;
#1557 = SURFACE_SIDE_STYLE ('',( #7574 ) ) ;
#1558 = CARTESIAN_POINT ( 'NONE',  ( -2.224999999999974776, 0.2000000000000000111, 0.6250000000000001110 ) ) ;
#1559 = DIRECTION ( 'NONE',  ( -0.000000000000000000, -1.000000000000000000, -0.000000000000000000 ) ) ;
#1560 = PLANE ( 'NONE',  #906 ) ;
#1561 = CIRCLE ( 'NONE', #129, 0.1499999999999999667 ) ;
#1562 = EDGE_LOOP ( 'NONE', ( #5200, #7323, #11155, #5366 ) ) ;
#1563 = CARTESIAN_POINT ( 'NONE',  ( 0.8750000000000001110, 0.2000000000000000111, 2.225000000000000977 ) ) ;
#1564 = ADVANCED_FACE ( 'NONE', ( #3724 ), #125, .F. ) ;
#1565 = CARTESIAN_POINT ( 'NONE',  ( -2.499999999999999556, 0.04999999999999969746, 2.500000000000000000 ) ) ;
#1566 =( NAMED_UNIT ( * ) SI_UNIT ( $, .STERADIAN. ) SOLID_ANGLE_UNIT ( ) );
#1567 = VERTEX_POINT ( 'NONE', #9013 ) ;
#1568 = DIRECTION ( 'NONE',  ( 0.000000000000000000, 0.000000000000000000, -1.000000000000000000 ) ) ;
#1569 = DIRECTION ( 'NONE',  ( 0.000000000000000000, -0.000000000000000000, -1.000000000000000000 ) ) ;
#1570 = CARTESIAN_POINT ( 'NONE',  ( 0.000000000000000000, 0.05000000000000000278, -1.875000000000000000 ) ) ;
#1571 = ORIENTED_EDGE ( 'NONE', *, *, #6134, .T. ) ;
#1572 = FACE_OUTER_BOUND ( 'NONE', #9460, .T. ) ;
#1573 = VERTEX_POINT ( 'NONE', #2849 ) ;
#1574 = ORIENTED_EDGE ( 'NONE', *, *, #2810, .F. ) ;
#1575 = CARTESIAN_POINT ( 'NONE',  ( -0.2499999999999997224, 0.2000000000000000111, 2.099999999999985434 ) ) ;
#1576 = EDGE_CURVE ( 'NONE', #4362, #474, #3827, .T. ) ;
#1577 = ADVANCED_FACE ( 'NONE', ( #8904 ), #7206, .T. ) ;
#1578 = PRODUCT_DEFINITION_SHAPE ( 'NONE', 'NONE',  #8810 ) ;
#1579 = CARTESIAN_POINT ( 'NONE',  ( 2.500000000000000000, 0.2000000000000000111, -0.6250000000000001110 ) ) ;
#1580 = DIRECTION ( 'NONE',  ( 0.000000000000000000, 0.000000000000000000, -1.000000000000000000 ) ) ;
#1581 = CYLINDRICAL_SURFACE ( 'NONE', #4839, 0.1499999999999999667 ) ;
#1582 = DIRECTION ( 'NONE',  ( 1.971276677246380887E-16, 0.000000000000000000, 1.000000000000000000 ) ) ;
#1583 = ORIENTED_EDGE ( 'NONE', *, *, #6820, .T. ) ;
#1584 = CARTESIAN_POINT ( 'NONE',  ( 2.500000000000000000, 0.04999999999999999584, -0.3749999999999998335 ) ) ;
#1585 = CARTESIAN_POINT ( 'NONE',  ( -2.224999999999974776, 0.000000000000000000, 0.8749999999999998890 ) ) ;
#1586 = CARTESIAN_POINT ( 'NONE',  ( -2.224999999999964562, 0.2000000000000000111, 1.625000000000000222 ) ) ;
#1587 = LINE ( 'NONE', #5920, #5959 ) ;
#1588 = VERTEX_POINT ( 'NONE', #8848 ) ;
#1589 = FACE_OUTER_BOUND ( 'NONE', #4476, .T. ) ;
#1590 = FACE_OUTER_BOUND ( 'NONE', #4456, .T. ) ;
#1591 = ORIENTED_EDGE ( 'NONE', *, *, #5393, .F. ) ;
#1592 = PLANE ( 'NONE',  #5991 ) ;
#1593 = ORIENTED_EDGE ( 'NONE', *, *, #285, .T. ) ;
#1594 = ORIENTED_EDGE ( 'NONE', *, *, #7408, .T. ) ;
#1595 = ADVANCED_FACE ( 'NONE', ( #9759 ), #1209, .T. ) ;
#1596 = AXIS2_PLACEMENT_3D ( 'NONE', #7842, #889, #2750 ) ;
#1597 = EDGE_CURVE ( 'NONE', #739, #9178, #1823, .T. ) ;
#1598 = CARTESIAN_POINT ( 'NONE',  ( 1.125000000000000222, 0.2000000000000000111, -2.500000000000000000 ) ) ;
#1599 = PLANE ( 'NONE',  #3105 ) ;
#1600 = AXIS2_PLACEMENT_3D ( 'NONE', #580, #7550, #6669 ) ;
#1601 = ORIENTED_EDGE ( 'NONE', *, *, #6921, .F. ) ;
#1602 = DIRECTION ( 'NONE',  ( -1.000000000000000000, 0.000000000000000000, 1.734723475976808672E-15 ) ) ;
#1603 = CARTESIAN_POINT ( 'NONE',  ( -2.499999999999999556, 0.2000000000000000111, -1.625000000000000222 ) ) ;
#1604 = CLOSED_SHELL ( 'NONE', ( #649, #5171, #10534, #9363, #2820, #10698, #798 ) ) ;
#1605 = ORIENTED_EDGE ( 'NONE', *, *, #4252, .T. ) ;
#1606 = ORIENTED_EDGE ( 'NONE', *, *, #6225, .F. ) ;
#1607 = LINE ( 'NONE', #11083, #464 ) ;
#1608 = ADVANCED_FACE ( 'NONE', ( #1047 ), #3776, .F. ) ;
#1609 = EDGE_CURVE ( 'NONE', #6101, #7199, #3472, .T. ) ;
#1610 = ADVANCED_FACE ( 'NONE', ( #7254 ), #8169, .T. ) ;
#1611 = VERTEX_POINT ( 'NONE', #4580 ) ;
#1612 = AXIS2_PLACEMENT_3D ( 'NONE', #8488, #7587, #10088 ) ;
#1613 = AXIS2_PLACEMENT_3D ( 'NONE', #11234, #8602, #3340 ) ;
#1614 = DIRECTION ( 'NONE',  ( 0.000000000000000000, 0.000000000000000000, -1.000000000000000000 ) ) ;
#1615 = ORIENTED_EDGE ( 'NONE', *, *, #7189, .F. ) ;
#1616 = CIRCLE ( 'NONE', #6167, 0.1249999999999998890 ) ;
#1617 = FILL_AREA_STYLE ('',( #1850 ) ) ;
#1618 = PLANE ( 'NONE',  #6803 ) ;
#1619 = DIRECTION ( 'NONE',  ( 1.000000000000000000, -0.000000000000000000, 0.000000000000000000 ) ) ;
#1620 = CIRCLE ( 'NONE', #9445, 0.1250000000000001110 ) ;
#1621 = ORIENTED_EDGE ( 'NONE', *, *, #9462, .T. ) ;
#1622 = CARTESIAN_POINT ( 'NONE',  ( -1.800000000000000044, 0.2000000000000000111, -1.424999999999999822 ) ) ;
#1623 = EDGE_CURVE ( 'NONE', #6972, #10985, #3174, .T. ) ;
#1624 =( GEOMETRIC_REPRESENTATION_CONTEXT ( 3 ) GLOBAL_UNCERTAINTY_ASSIGNED_CONTEXT ( ( #9969 ) ) GLOBAL_UNIT_ASSIGNED_CONTEXT ( ( #10272, #5866, #1539 ) ) REPRESENTATION_CONTEXT ( 'NONE', 'WORKASPACE' ) );
#1625 = VECTOR ( 'NONE', #9394, 1000.000000000000000 ) ;
#1626 = CARTESIAN_POINT ( 'NONE',  ( -2.499999999999968470, 0.000000000000000000, 1.125000000000000222 ) ) ;
#1627 = LINE ( 'NONE', #10084, #2570 ) ;
#1628 = ORIENTED_EDGE ( 'NONE', *, *, #3057, .F. ) ;
#1629 = DIRECTION ( 'NONE',  ( -0.000000000000000000, -1.000000000000000000, -0.000000000000000000 ) ) ;
#1630 = FACE_OUTER_BOUND ( 'NONE', #3624, .T. ) ;
#1631 = LINE ( 'NONE', #8771, #4169 ) ;
#1632 = ORIENTED_EDGE ( 'NONE', *, *, #8100, .T. ) ;
#1633 = DIRECTION ( 'NONE',  ( 0.000000000000000000, -0.000000000000000000, -1.000000000000000000 ) ) ;
#1634 = VECTOR ( 'NONE', #4866, 1000.000000000000000 ) ;
#1635 = ORIENTED_EDGE ( 'NONE', *, *, #6137, .F. ) ;
#1636 = ORIENTED_EDGE ( 'NONE', *, *, #4865, .F. ) ;
#1637 = DIRECTION ( 'NONE',  ( 0.000000000000000000, -0.000000000000000000, -1.000000000000000000 ) ) ;
#1638 = ORIENTED_EDGE ( 'NONE', *, *, #6820, .F. ) ;
#1639 = EDGE_CURVE ( 'NONE', #5434, #7035, #2255, .T. ) ;
#1640 = AXIS2_PLACEMENT_3D ( 'NONE', #604, #10981, #6513 ) ;
#1641 = VECTOR ( 'NONE', #8887, 1000.000000000000000 ) ;
#1642 = ORIENTED_EDGE ( 'NONE', *, *, #171, .T. ) ;
#1643 = VECTOR ( 'NONE', #7969, 1000.000000000000000 ) ;
#1644 = VECTOR ( 'NONE', #4860, 1000.000000000000000 ) ;
#1645 = DIRECTION ( 'NONE',  ( -0.000000000000000000, -1.000000000000000000, -0.000000000000000000 ) ) ;
#1646 = DIRECTION ( 'NONE',  ( 1.000000000000000000, -0.000000000000000000, 0.000000000000000000 ) ) ;
#1647 = FACE_OUTER_BOUND ( 'NONE', #6132, .T. ) ;
#1648 = VECTOR ( 'NONE', #4933, 1000.000000000000000 ) ;
#1649 = DIRECTION ( 'NONE',  ( 0.000000000000000000, -0.000000000000000000, -1.000000000000000000 ) ) ;
#1650 = ORIENTED_EDGE ( 'NONE', *, *, #11032, .T. ) ;
#1651 = CARTESIAN_POINT ( 'NONE',  ( -1.849999999999999645, 0.9000000000000000222, -1.649999999999999689 ) ) ;
#1652 = PLANE ( 'NONE',  #2906 ) ;
#1653 = DIRECTION ( 'NONE',  ( 0.000000000000000000, -1.000000000000000000, 0.000000000000000000 ) ) ;
#1654 = LINE ( 'NONE', #6146, #4711 ) ;
#1655 = ORIENTED_EDGE ( 'NONE', *, *, #7975, .T. ) ;
#1656 = LINE ( 'NONE', #5137, #2575 ) ;
#1657 = DIRECTION ( 'NONE',  ( 0.000000000000000000, 0.000000000000000000, -1.000000000000000000 ) ) ;
#1658 = VERTEX_POINT ( 'NONE', #567 ) ;
#1659 = EDGE_LOOP ( 'NONE', ( #2361, #8525, #7221, #5038 ) ) ;
#1660 = ORIENTED_EDGE ( 'NONE', *, *, #9559, .T. ) ;
#1661 = ADVANCED_FACE ( 'NONE', ( #2139 ), #10034, .T. ) ;
#1662 = VECTOR ( 'NONE', #3227, 1000.000000000000000 ) ;
#1663 = DIRECTION ( 'NONE',  ( -0.000000000000000000, -1.000000000000000000, -0.000000000000000000 ) ) ;
#1664 = SURFACE_STYLE_USAGE ( .BOTH. , #772 ) ;
#1665 = ORIENTED_EDGE ( 'NONE', *, *, #5328, .T. ) ;
#1666 = ADVANCED_FACE ( 'NONE', ( #2304 ), #5577, .F. ) ;
#1667 = DIRECTION ( 'NONE',  ( 1.000000000000000000, 0.000000000000000000, 0.000000000000000000 ) ) ;
#1668 = VECTOR ( 'NONE', #1220, 1000.000000000000000 ) ;
#1669 = ORIENTED_EDGE ( 'NONE', *, *, #9080, .T. ) ;
#1670 = DIRECTION ( 'NONE',  ( 0.000000000000000000, -1.000000000000000000, 0.000000000000000000 ) ) ;
#1671 = CIRCLE ( 'NONE', #9312, 0.1249999999999996808 ) ;
#1672 =( GEOMETRIC_REPRESENTATION_CONTEXT ( 3 ) GLOBAL_UNCERTAINTY_ASSIGNED_CONTEXT ( ( #181 ) ) GLOBAL_UNIT_ASSIGNED_CONTEXT ( ( #2099, #7484, #8129 ) ) REPRESENTATION_CONTEXT ( 'NONE', 'WORKASPACE' ) );
#1673 = CARTESIAN_POINT ( 'NONE',  ( 2.224999999999969891, 0.2000000000000000111, -1.249999999999999334 ) ) ;
#1674 = DIRECTION ( 'NONE',  ( 1.000000000000000000, 0.000000000000000000, 0.000000000000000000 ) ) ;
#1675 = EDGE_LOOP ( 'NONE', ( #2355, #210, #11242, #9070 ) ) ;
#1676 = CARTESIAN_POINT ( 'NONE',  ( -1.649999999999999911, 0.04999999999999999584, 1.649999999999999689 ) ) ;
#1677 = EDGE_CURVE ( 'NONE', #620, #5746, #9857, .T. ) ;
#1678 = AXIS2_PLACEMENT_3D ( 'NONE', #6554, #2207, #4163 ) ;
#1679 =( LENGTH_UNIT ( ) NAMED_UNIT ( * ) SI_UNIT ( .MILLI., .METRE. ) );
#1680 = LINE ( 'NONE', #789, #2975 ) ;
#1681 = CARTESIAN_POINT ( 'NONE',  ( -1.124999999999999334, 0.2000000000000000111, -2.225000000000001421 ) ) ;
#1682 = ORIENTED_EDGE ( 'NONE', *, *, #8382, .F. ) ;
#1683 = DIRECTION ( 'NONE',  ( 0.000000000000000000, -1.000000000000000000, 0.000000000000000000 ) ) ;
#1684 = VECTOR ( 'NONE', #1292, 1000.000000000000000 ) ;
#1685 = ADVANCED_FACE ( 'NONE', ( #3938 ), #7419, .T. ) ;
#1686 = EDGE_CURVE ( 'NONE', #2530, #6839, #4951, .T. ) ;
#1687 = CARTESIAN_POINT ( 'NONE',  ( -1.749999999999999334, 0.2000000000000000111, 2.225000000000001421 ) ) ;
#1688 = ORIENTED_EDGE ( 'NONE', *, *, #10969, .F. ) ;
#1689 = LINE ( 'NONE', #4497, #1163 ) ;
#1690 = DIRECTION ( 'NONE',  ( 0.000000000000000000, 0.000000000000000000, 1.000000000000000000 ) ) ;
#1691 = DIRECTION ( 'NONE',  ( 0.000000000000000000, -1.000000000000000000, 0.000000000000000000 ) ) ;
#1692 = DIRECTION ( 'NONE',  ( 0.000000000000000000, 0.000000000000000000, -1.000000000000000000 ) ) ;
#1693 = VECTOR ( 'NONE', #6760, 1000.000000000000000 ) ;
#1694 = VERTEX_POINT ( 'NONE', #7476 ) ;
#1695 = VERTEX_POINT ( 'NONE', #9927 ) ;
#1696 = FACE_OUTER_BOUND ( 'NONE', #2192, .T. ) ;
#1697 = ORIENTED_EDGE ( 'NONE', *, *, #5960, .F. ) ;
#1698 = VECTOR ( 'NONE', #7057, 1000.000000000000000 ) ;
#1699 = AXIS2_PLACEMENT_3D ( 'NONE', #8961, #1156, #7589 ) ;
#1700 = EDGE_CURVE ( 'NONE', #184, #10779, #3446, .T. ) ;
#1701 = CARTESIAN_POINT ( 'NONE',  ( 2.500000000000000000, 0.2000000000000000111, -1.624999999999999556 ) ) ;
#1702 = CARTESIAN_POINT ( 'NONE',  ( 2.500000000000000000, 0.000000000000000000, -1.624999999999999556 ) ) ;
#1703 = CARTESIAN_POINT ( 'NONE',  ( -1.800000000000000044, 0.2000000000000000111, 1.649999999999998579 ) ) ;
#1704 = LINE ( 'NONE', #1932, #238 ) ;
#1705 = VERTEX_POINT ( 'NONE', #5686 ) ;
#1706 = CARTESIAN_POINT ( 'NONE',  ( -2.499999999999963141, 0.2000000000000000111, 1.875000000000000000 ) ) ;
#1707 = FACE_OUTER_BOUND ( 'NONE', #6045, .T. ) ;
#1708 = PLANE ( 'NONE',  #10551 ) ;
#1709 = DIRECTION ( 'NONE',  ( 0.000000000000000000, -1.000000000000000000, 0.000000000000000000 ) ) ;
#1710 = ORIENTED_EDGE ( 'NONE', *, *, #9844, .F. ) ;
#1711 = PRESENTATION_STYLE_ASSIGNMENT (( #2674 ) ) ;
#1712 = DIRECTION ( 'NONE',  ( 0.000000000000000000, 0.000000000000000000, 1.000000000000000000 ) ) ;
#1713 = ORIENTED_EDGE ( 'NONE', *, *, #6802, .T. ) ;
#1714 = DIRECTION ( 'NONE',  ( 0.000000000000000000, 0.000000000000000000, 1.000000000000000000 ) ) ;
#1715 = EDGE_LOOP ( 'NONE', ( #882, #3417, #8097, #11146 ) ) ;
#1716 = ORIENTED_EDGE ( 'NONE', *, *, #2068, .F. ) ;
#1717 = ORIENTED_EDGE ( 'NONE', *, *, #351, .T. ) ;
#1718 = ADVANCED_FACE ( 'NONE', ( #10091 ), #5626, .F. ) ;
#1719 =( NAMED_UNIT ( * ) PLANE_ANGLE_UNIT ( ) SI_UNIT ( $, .RADIAN. ) );
#1720 = VERTEX_POINT ( 'NONE', #10786 ) ;
#1721 = PLANE ( 'NONE',  #10968 ) ;
#1722 = CARTESIAN_POINT ( 'NONE',  ( 0.7500000000000002220, 0.2000000000000000111, 2.224999999999974776 ) ) ;
#1723 = LINE ( 'NONE', #7843, #7480 ) ;
#1724 = ORIENTED_EDGE ( 'NONE', *, *, #5958, .T. ) ;
#1725 = ORIENTED_EDGE ( 'NONE', *, *, #5945, .T. ) ;
#1726 = DIRECTION ( 'NONE',  ( -0.000000000000000000, -0.000000000000000000, -1.000000000000000000 ) ) ;
#1727 = EDGE_CURVE ( 'NONE', #773, #3905, #4046, .T. ) ;
#1728 = EDGE_CURVE ( 'NONE', #4676, #7877, #9276, .T. ) ;
#1729 = LINE ( 'NONE', #8642, #8047 ) ;
#1730 = LINE ( 'NONE', #4311, #3681 ) ;
#1731 = ORIENTED_EDGE ( 'NONE', *, *, #7962, .F. ) ;
#1732 = CARTESIAN_POINT ( 'NONE',  ( 1.250000000000000222, 0.2000000000000000111, -2.224999999999996092 ) ) ;
#1733 = VERTEX_POINT ( 'NONE', #7535 ) ;
#1734 = CARTESIAN_POINT ( 'NONE',  ( 2.500000000000000444, 0.2000000000000000111, -1.874999999999998446 ) ) ;
#1735 = CARTESIAN_POINT ( 'NONE',  ( -1.124999999999999334, 0.2000000000000000111, -2.500000000000000000 ) ) ;
#1736 = DIRECTION ( 'NONE',  ( 0.000000000000000000, -1.000000000000000000, 0.000000000000000000 ) ) ;
#1737 = ORIENTED_EDGE ( 'NONE', *, *, #8238, .F. ) ;
#1738 = CARTESIAN_POINT ( 'NONE',  ( 1.625000000000000000, 0.000000000000000000, 2.225000000000000533 ) ) ;
#1739 = EDGE_CURVE ( 'NONE', #4445, #6798, #2091, .T. ) ;
#1740 = FACE_OUTER_BOUND ( 'NONE', #4299, .T. ) ;
#1741 = ORIENTED_EDGE ( 'NONE', *, *, #6287, .F. ) ;
#1743 = AXIS2_PLACEMENT_3D ( 'NONE', #10615, #9751, #1148 ) ;
#1742 = CARTESIAN_POINT ( 'NONE',  ( -2.224999999999969447, 0.000000000000000000, 1.250000000000000000 ) ) ;
#1744 = CARTESIAN_POINT ( 'NONE',  ( 0.8750000000000002220, 0.000000000000000000, -2.225000000000001421 ) ) ;
#1745 = FACE_OUTER_BOUND ( 'NONE', #8679, .T. ) ;
#1746 = DIRECTION ( 'NONE',  ( 1.000000000000000000, -0.000000000000000000, -0.000000000000000000 ) ) ;
#1747 = EDGE_LOOP ( 'NONE', ( #4583, #9684, #9414, #8071 ) ) ;
#1748 = CARTESIAN_POINT ( 'NONE',  ( 1.625000000000000000, 0.2000000000000000111, 2.499999999999999112 ) ) ;
#1749 = ORIENTED_EDGE ( 'NONE', *, *, #6838, .F. ) ;
#1750 = ORIENTED_EDGE ( 'NONE', *, *, #797, .T. ) ;
#1751 = CARTESIAN_POINT ( 'NONE',  ( 0.3750000000000001665, 0.2000000000000000111, 2.499999999999999556 ) ) ;
#1752 = EDGE_CURVE ( 'NONE', #1949, #10992, #8225, .T. ) ;
#1753 = EDGE_CURVE ( 'NONE', #9047, #9277, #7370, .T. ) ;
#1754 = EDGE_CURVE ( 'NONE', #6313, #9059, #6484, .T. ) ;
#1755 = CIRCLE ( 'NONE', #7604, 0.1249999999999998890 ) ;
#1756 = DIRECTION ( 'NONE',  ( 0.000000000000000000, -1.000000000000000000, 0.000000000000000000 ) ) ;
#1757 = CARTESIAN_POINT ( 'NONE',  ( 2.500000000000000000, 0.2000000000000000111, -1.624999999999999556 ) ) ;
#1758 = CARTESIAN_POINT ( 'NONE',  ( 1.875000000000000000, 0.2000000000000000111, -2.500000000000000000 ) ) ;
#1759 = DIRECTION ( 'NONE',  ( -0.000000000000000000, -1.000000000000000000, -0.000000000000000000 ) ) ;
#1760 = ORIENTED_EDGE ( 'NONE', *, *, #5024, .F. ) ;
#1761 = CARTESIAN_POINT ( 'NONE',  ( -0.6249999999999995559, 0.2000000000000000111, -2.500000000000000000 ) ) ;
#1762 = FACE_OUTER_BOUND ( 'NONE', #9507, .T. ) ;
#1763 = DIRECTION ( 'NONE',  ( -1.971276677246380887E-16, 0.000000000000000000, -1.000000000000000000 ) ) ;
#1764 = CARTESIAN_POINT ( 'NONE',  ( 2.224999999999990763, 0.000000000000000000, 0.7499999999999997780 ) ) ;
#1765 = ORIENTED_EDGE ( 'NONE', *, *, #2966, .T. ) ;
#1766 = DIRECTION ( 'NONE',  ( 9.856383386231903201E-17, 0.000000000000000000, 1.000000000000000000 ) ) ;
#1767 = CARTESIAN_POINT ( 'NONE',  ( 1.749999999999999778, 0.2000000000000000111, 2.224999999999964118 ) ) ;
#1768 = VERTEX_POINT ( 'NONE', #4844 ) ;
#1769 = CARTESIAN_POINT ( 'NONE',  ( -1.124999999999999334, 0.2000000000000000111, -2.225000000000001421 ) ) ;
#1770 = ORIENTED_EDGE ( 'NONE', *, *, #9193, .T. ) ;
#1771 = VERTEX_POINT ( 'NONE', #8323 ) ;
#1772 = ADVANCED_FACE ( 'NONE', ( #506 ), #3119, .F. ) ;
#1773 = VERTEX_POINT ( 'NONE', #3476 ) ;
#1774 = DIRECTION ( 'NONE',  ( -1.000000000000000000, 0.000000000000000000, 0.000000000000000000 ) ) ;
#1775 = PLANE ( 'NONE',  #6507 ) ;
#1776 = DIRECTION ( 'NONE',  ( -0.000000000000000000, -1.000000000000000000, -0.000000000000000000 ) ) ;
#1777 = ORIENTED_EDGE ( 'NONE', *, *, #7683, .T. ) ;
#1778 = DIRECTION ( 'NONE',  ( -0.000000000000000000, -1.000000000000000000, -0.000000000000000000 ) ) ;
#1779 = VERTEX_POINT ( 'NONE', #7773 ) ;
#1780 = VECTOR ( 'NONE', #5149, 1000.000000000000000 ) ;
#1781 = AXIS2_PLACEMENT_3D ( 'NONE', #640, #9239, #1475 ) ;
#1782 = CARTESIAN_POINT ( 'NONE',  ( -0.1249999999999996808, 0.04999999999999969746, -2.500000000000000000 ) ) ;
#1783 = CLOSED_SHELL ( 'NONE', ( #2809, #3647, #811, #1465, #10053, #2007 ) ) ;
#1784 = LINE ( 'NONE', #3623, #5820 ) ;
#1785 = VERTEX_POINT ( 'NONE', #873 ) ;
#1786 = CARTESIAN_POINT ( 'NONE',  ( -1.749999999999999334, 0.2000000000000000111, 2.225000000000001421 ) ) ;
#1787 = VERTEX_POINT ( 'NONE', #2612 ) ;
#1788 = CARTESIAN_POINT ( 'NONE',  ( -2.224999999999990319, 0.2000000000000000111, -0.8749999999999998890 ) ) ;
#1789 = DIRECTION ( 'NONE',  ( 0.000000000000000000, 1.000000000000000000, -0.000000000000000000 ) ) ;
#1790 = FACE_OUTER_BOUND ( 'NONE', #8280, .T. ) ;
#1791 = VERTEX_POINT ( 'NONE', #69 ) ;
#1792 = DIRECTION ( 'NONE',  ( -0.000000000000000000, -1.000000000000000000, -0.000000000000000000 ) ) ;
#1793 = EDGE_CURVE ( 'NONE', #3053, #2604, #5302, .T. ) ;
#1794 = EDGE_CURVE ( 'NONE', #11035, #7996, #9581, .T. ) ;
#1795 = VECTOR ( 'NONE', #7655, 1000.000000000000000 ) ;
#1796 = CIRCLE ( 'NONE', #7829, 0.1250000000000001110 ) ;
#1797 = CARTESIAN_POINT ( 'NONE',  ( -1.249999999999999556, 0.2000000000000000111, 2.224999999999996092 ) ) ;
#1798 = ORIENTED_EDGE ( 'NONE', *, *, #3350, .T. ) ;
#1799 = FACE_OUTER_BOUND ( 'NONE', #8335, .T. ) ;
#1800 = CARTESIAN_POINT ( 'NONE',  ( -2.224999999999995648, 0.2000000000000000111, -1.125000000000000222 ) ) ;
#1801 = CARTESIAN_POINT ( 'NONE',  ( -1.800000000000000044, 0.05000000000000000278, 1.649999999999998579 ) ) ;
#1802 = ORIENTED_EDGE ( 'NONE', *, *, #6821, .F. ) ;
#1803 = VERTEX_POINT ( 'NONE', #2545 ) ;
#1804 = ORIENTED_EDGE ( 'NONE', *, *, #1295, .F. ) ;
#1805 = CARTESIAN_POINT ( 'NONE',  ( 1.749999999999999778, 0.2000000000000000111, 2.224999999999964118 ) ) ;
#1806 = VECTOR ( 'NONE', #412, 1000.000000000000000 ) ;
#1807 = PLANE ( 'NONE',  #2182 ) ;
#1808 = DIRECTION ( 'NONE',  ( -0.000000000000000000, -1.000000000000000000, -0.000000000000000000 ) ) ;
#1809 = DIRECTION ( 'NONE',  ( 1.000000000000000000, 0.000000000000000000, 0.000000000000000000 ) ) ;
#1810 = AXIS2_PLACEMENT_3D ( 'NONE', #8415, #3200, #5883 ) ;
#1811 = EDGE_CURVE ( 'NONE', #1182, #10927, #5448, .T. ) ;
#1812 = ORIENTED_EDGE ( 'NONE', *, *, #171, .F. ) ;
#1813 = ADVANCED_FACE ( 'NONE', ( #121 ), #3540, .F. ) ;
#1814 = LINE ( 'NONE', #872, #981 ) ;
#1815 = DIRECTION ( 'NONE',  ( 0.000000000000000000, -1.000000000000000000, 0.000000000000000000 ) ) ;
#1816 = LINE ( 'NONE', #1100, #4361 ) ;
#1817 = LINE ( 'NONE', #9521, #2128 ) ;
#1818 = EDGE_CURVE ( 'NONE', #1491, #5627, #2731, .T. ) ;
#1819 = VECTOR ( 'NONE', #1474, 1000.000000000000000 ) ;
#1820 = ORIENTED_EDGE ( 'NONE', *, *, #7836, .T. ) ;
#1821 = VECTOR ( 'NONE', #2344, 1000.000000000000000 ) ;
#1822 = CARTESIAN_POINT ( 'NONE',  ( -0.8749999999999993339, 0.2000000000000000111, -2.500000000000000000 ) ) ;
#1823 = LINE ( 'NONE', #6319, #4189 ) ;
#1824 = VERTEX_POINT ( 'NONE', #6092 ) ;
#1825 = CARTESIAN_POINT ( 'NONE',  ( -2.499999999999963141, 0.2000000000000000111, 1.625000000000000222 ) ) ;
#1826 = ORIENTED_EDGE ( 'NONE', *, *, #2349, .F. ) ;
#1827 = VECTOR ( 'NONE', #2634, 1000.000000000000000 ) ;
#1828 = VECTOR ( 'NONE', #7234, 1000.000000000000000 ) ;
#1829 = AXIS2_PLACEMENT_3D ( 'NONE', #1479, #8289, #4906 ) ;
#1830 = FACE_OUTER_BOUND ( 'NONE', #2446, .T. ) ;
#1831 = SURFACE_SIDE_STYLE ('',( #4411 ) ) ;
#1832 = EDGE_CURVE ( 'NONE', #3883, #10476, #10376, .T. ) ;
#1833 = ORIENTED_EDGE ( 'NONE', *, *, #10417, .F. ) ;
#1834 = DIRECTION ( 'NONE',  ( 1.000000000000000000, 0.000000000000000000, 0.000000000000000000 ) ) ;
#1835 = FACE_OUTER_BOUND ( 'NONE', #10747, .T. ) ;
#1836 = ADVANCED_FACE ( 'NONE', ( #7824 ), #927, .F. ) ;
#1837 = CARTESIAN_POINT ( 'NONE',  ( -0.6249999999999996669, 0.2000000000000000111, 2.225000000000000977 ) ) ;
#1838 = ORIENTED_EDGE ( 'NONE', *, *, #1067, .T. ) ;
#1839 = AXIS2_PLACEMENT_3D ( 'NONE', #4896, #8387, #4053 ) ;
#1840 = DIRECTION ( 'NONE',  ( 1.000000000000000000, 0.000000000000000000, 0.000000000000000000 ) ) ;
#1841 = ORIENTED_EDGE ( 'NONE', *, *, #8595, .T. ) ;
#1842 = VECTOR ( 'NONE', #5095, 1000.000000000000000 ) ;
#1843 = VERTEX_POINT ( 'NONE', #7947 ) ;
#1844 = VECTOR ( 'NONE', #7299, 1000.000000000000000 ) ;
#1845 = CARTESIAN_POINT ( 'NONE',  ( 1.374999999999999778, 0.2000000000000000111, 2.499999999999999112 ) ) ;
#1846 = ORIENTED_EDGE ( 'NONE', *, *, #1201, .F. ) ;
#1847 = PLANE ( 'NONE',  #3857 ) ;
#1848 = CARTESIAN_POINT ( 'NONE',  ( -1.874999999999999334, 0.2000000000000000111, 2.500000000000000000 ) ) ;
#1849 = ADVANCED_FACE ( 'NONE', ( #6896 ), #10503, .F. ) ;
#1850 = FILL_AREA_STYLE_COLOUR ( '', #6622 ) ;
#1851 = FACE_OUTER_BOUND ( 'NONE', #6950, .T. ) ;
#1852 = CYLINDRICAL_SURFACE ( 'NONE', #7463, 0.1249999999999996808 ) ;
#1853 = CIRCLE ( 'NONE', #7159, 0.1250000000000001110 ) ;
#1854 = ORIENTED_EDGE ( 'NONE', *, *, #6718, .T. ) ;
#1855 = DIRECTION ( 'NONE',  ( -1.000000000000000000, 0.000000000000000000, -0.000000000000000000 ) ) ;
#1856 = AXIS2_PLACEMENT_3D ( 'NONE', #6330, #4697, #9985 ) ;
#1857 = CIRCLE ( 'NONE', #4787, 0.1249999999999998890 ) ;
#1858 = ADVANCED_FACE ( 'NONE', ( #1707 ), #6144, .F. ) ;
#1859 = DIRECTION ( 'NONE',  ( -0.000000000000000000, -0.000000000000000000, -1.000000000000000000 ) ) ;
#1860 = ORIENTED_EDGE ( 'NONE', *, *, #2143, .T. ) ;
#1861 = DIRECTION ( 'NONE',  ( 0.000000000000000000, 1.000000000000000000, -0.000000000000000000 ) ) ;
#1862 = LINE ( 'NONE', #228, #7355 ) ;
#1863 = DIRECTION ( 'NONE',  ( 0.000000000000000000, -1.000000000000000000, 0.000000000000000000 ) ) ;
#1864 = DIRECTION ( 'NONE',  ( 0.000000000000000000, -1.000000000000000000, 0.000000000000000000 ) ) ;
#1865 = ORIENTED_EDGE ( 'NONE', *, *, #7490, .F. ) ;
#1866 = ORIENTED_EDGE ( 'NONE', *, *, #2646, .F. ) ;
#1867 = VERTEX_POINT ( 'NONE', #3598 ) ;
#1868 = CARTESIAN_POINT ( 'NONE',  ( -1.874999999999999334, 0.2000000000000000111, 2.225000000000001421 ) ) ;
#1869 = EDGE_LOOP ( 'NONE', ( #7636, #4236, #2234, #1642 ) ) ;
#1870 = AXIS2_PLACEMENT_3D ( 'NONE', #7699, #10298, #52 ) ;
#1871 = AXIS2_PLACEMENT_3D ( 'NONE', #3212, #10991, #4091 ) ;
#1872 = ADVANCED_FACE ( 'NONE', ( #1762 ), #7082, .F. ) ;
#1873 = DIRECTION ( 'NONE',  ( 0.000000000000000000, -1.000000000000000000, 0.000000000000000000 ) ) ;
#1874 = DIRECTION ( 'NONE',  ( -0.000000000000000000, -1.000000000000000000, -0.000000000000000000 ) ) ;
#1875 = FACE_OUTER_BOUND ( 'NONE', #7992, .T. ) ;
#1876 = AXIS2_PLACEMENT_3D ( 'NONE', #545, #4718, #1390 ) ;
#1877 = CARTESIAN_POINT ( 'NONE',  ( 0.1250000000000005829, 0.2000000000000000111, -2.500000000000000000 ) ) ;
#1878 = ORIENTED_EDGE ( 'NONE', *, *, #3124, .T. ) ;
#1879 = CARTESIAN_POINT ( 'NONE',  ( 2.224999999999969891, 0.2000000000000000111, -1.374999999999999334 ) ) ;
#1880 = DIRECTION ( 'NONE',  ( 0.000000000000000000, -1.000000000000000000, 0.000000000000000000 ) ) ;
#1881 = CARTESIAN_POINT ( 'NONE',  ( -0.3749999999999994449, 0.2000000000000000111, -2.500000000000000000 ) ) ;
#1882 = CARTESIAN_POINT ( 'NONE',  ( 1.800000000000000044, 0.2000000000000000111, 1.649999999999998579 ) ) ;
#1883 = CIRCLE ( 'NONE', #7539, 0.1249999999999996808 ) ;
#1884 = ORIENTED_EDGE ( 'NONE', *, *, #2559, .T. ) ;
#1885 = CARTESIAN_POINT ( 'NONE',  ( 0.1250000000000005829, 0.000000000000000000, -2.500000000000000000 ) ) ;
#1886 = CARTESIAN_POINT ( 'NONE',  ( 1.375000000000000000, 0.2000000000000000111, -2.500000000000000000 ) ) ;
#1887 = ORIENTED_EDGE ( 'NONE', *, *, #8854, .F. ) ;
#1888 = LINE ( 'NONE', #6850, #10568 ) ;
#1889 = ORIENTED_EDGE ( 'NONE', *, *, #9200, .T. ) ;
#1890 = VERTEX_POINT ( 'NONE', #4515 ) ;
#1891 = ORIENTED_EDGE ( 'NONE', *, *, #7665, .F. ) ;
#1892 = APPLICATION_CONTEXT ( 'automotive_design' ) ;
#1893 = STYLED_ITEM ( 'NONE', ( #10681 ), #10993 ) ;
#1894 = EDGE_CURVE ( 'NONE', #4729, #9425, #9698, .T. ) ;
#1895 = EDGE_CURVE ( 'NONE', #11262, #7405, #8842, .T. ) ;
#1896 = CARTESIAN_POINT ( 'NONE',  ( -1.124999999999999334, 0.05000000000000000278, 0.000000000000000000 ) ) ;
#1897 =( NAMED_UNIT ( * ) SI_UNIT ( $, .STERADIAN. ) SOLID_ANGLE_UNIT ( ) );
#1898 = VERTEX_POINT ( 'NONE', #7144 ) ;
#1899 = FACE_OUTER_BOUND ( 'NONE', #7381, .T. ) ;
#1900 = DIRECTION ( 'NONE',  ( 1.000000000000000000, -0.000000000000000000, -0.000000000000000000 ) ) ;
#1901 = DIRECTION ( 'NONE',  ( -0.000000000000000000, -0.000000000000000000, 1.000000000000000000 ) ) ;
#1902 = ORIENTED_EDGE ( 'NONE', *, *, #4479, .T. ) ;
#1903 = CARTESIAN_POINT ( 'NONE',  ( -2.224999999999964562, 0.2000000000000000111, 1.750000000000000000 ) ) ;
#1904 = ORIENTED_EDGE ( 'NONE', *, *, #10327, .F. ) ;
#1905 = EDGE_CURVE ( 'NONE', #10685, #1149, #11116, .T. ) ;
#1906 = ADVANCED_FACE ( 'NONE', ( #5132 ), #821, .F. ) ;
#1907 = ADVANCED_FACE ( 'NONE', ( #7305 ), #1248, .F. ) ;
#1908 = FACE_OUTER_BOUND ( 'NONE', #10821, .T. ) ;
#1909 = LINE ( 'NONE', #7970, #9856 ) ;
#1910 = ORIENTED_EDGE ( 'NONE', *, *, #2427, .F. ) ;
#1911 = DIRECTION ( 'NONE',  ( 0.000000000000000000, 1.000000000000000000, -0.000000000000000000 ) ) ;
#1912 = DIRECTION ( 'NONE',  ( -0.000000000000000000, -1.000000000000000000, -0.000000000000000000 ) ) ;
#1913 = CARTESIAN_POINT ( 'NONE',  ( 2.224999999999996092, 0.2000000000000000111, 1.250000000000000000 ) ) ;
#1914 = DIRECTION ( 'NONE',  ( 1.000000000000000000, 0.000000000000000000, 0.000000000000000000 ) ) ;
#1915 = ORIENTED_EDGE ( 'NONE', *, *, #9350, .T. ) ;
#1916 = DIRECTION ( 'NONE',  ( -0.000000000000000000, -1.000000000000000000, -0.000000000000000000 ) ) ;
#1917 = ADVANCED_FACE ( 'NONE', ( #8218 ), #3717, .F. ) ;
#1918 = VECTOR ( 'NONE', #10896, 1000.000000000000000 ) ;
#1919 = CARTESIAN_POINT ( 'NONE',  ( 1.625000000000000222, 0.2000000000000000111, -2.225000000000001421 ) ) ;
#1920 = EDGE_LOOP ( 'NONE', ( #1854, #7908, #2320, #6849 ) ) ;
#1921 = DIRECTION ( 'NONE',  ( 0.000000000000000000, 0.000000000000000000, -1.000000000000000000 ) ) ;
#1922 = LINE ( 'NONE', #3807, #10254 ) ;
#1923 = FACE_BOUND ( 'NONE', #8452, .T. ) ;
#1924 = FACE_OUTER_BOUND ( 'NONE', #10802, .T. ) ;
#1925 = ORIENTED_EDGE ( 'NONE', *, *, #559, .F. ) ;
#1926 = ORIENTED_EDGE ( 'NONE', *, *, #254, .T. ) ;
#1927 = CARTESIAN_POINT ( 'NONE',  ( -1.749999999999999334, 0.2000000000000000111, 2.225000000000001421 ) ) ;
#1928 = EDGE_CURVE ( 'NONE', #11134, #6460, #7713, .T. ) ;
#1929 = LINE ( 'NONE', #8837, #10405 ) ;
#1930 = LINE ( 'NONE', #7599, #10008 ) ;
#1931 = PLANE ( 'NONE',  #10127 ) ;
#1932 = CARTESIAN_POINT ( 'NONE',  ( 2.500000000000000444, 0.2000000000000000111, 1.874999999999999778 ) ) ;
#1933 = EDGE_LOOP ( 'NONE', ( #1605, #2492, #4147, #6184 ) ) ;
#1934 = CARTESIAN_POINT ( 'NONE',  ( -2.224999999999974776, 0.2000000000000000111, 0.8749999999999998890 ) ) ;
#1935 = DIRECTION ( 'NONE',  ( 0.000000000000000000, 0.000000000000000000, 1.000000000000000000 ) ) ;
#1936 = CARTESIAN_POINT ( 'NONE',  ( 0.8750000000000002220, 0.2000000000000000111, -2.500000000000000000 ) ) ;
#1937 = ORIENTED_EDGE ( 'NONE', *, *, #2910, .F. ) ;
#1938 = DIRECTION ( 'NONE',  ( 0.000000000000000000, 0.000000000000000000, -1.000000000000000000 ) ) ;
#1939 = ORIENTED_EDGE ( 'NONE', *, *, #6692, .F. ) ;
#1940 = LINE ( 'NONE', #8125, #8376 ) ;
#1941 = EDGE_CURVE ( 'NONE', #7614, #3035, #7648, .T. ) ;
#1942 = VERTEX_POINT ( 'NONE', #5063 ) ;
#1943 = EDGE_CURVE ( 'NONE', #4329, #6809, #4054, .T. ) ;
#1944 = DIRECTION ( 'NONE',  ( -1.000000000000000000, 0.000000000000000000, 0.000000000000000000 ) ) ;
#1945 = LINE ( 'NONE', #10513, #10606 ) ;
#1946 = ORIENTED_EDGE ( 'NONE', *, *, #7710, .T. ) ;
#1947 = DIRECTION ( 'NONE',  ( 0.000000000000000000, 0.000000000000000000, -1.000000000000000000 ) ) ;
#1948 = CARTESIAN_POINT ( 'NONE',  ( -2.499999999999973799, 0.000000000000000000, 0.6250000000000001110 ) ) ;
#1949 = VERTEX_POINT ( 'NONE', #4220 ) ;
#1950 = DIRECTION ( 'NONE',  ( 0.000000000000000000, -1.000000000000000000, 0.000000000000000000 ) ) ;
#1951 = ORIENTED_EDGE ( 'NONE', *, *, #8248, .T. ) ;
#1952 = ADVANCED_FACE ( 'NONE', ( #7544 ), #8450, .T. ) ;
#1953 = EDGE_CURVE ( 'NONE', #3936, #3962, #985, .T. ) ;
#1954 = LINE ( 'NONE', #9081, #30 ) ;
#1955 = ORIENTED_EDGE ( 'NONE', *, *, #2808, .T. ) ;
#1956 = CARTESIAN_POINT ( 'NONE',  ( -2.499999999999999556, 0.04999999999999969746, 2.500000000000000000 ) ) ;
#1957 = CARTESIAN_POINT ( 'NONE',  ( 2.500000000000000444, 0.04999999999999969746, -0.1250000000000001110 ) ) ;
#1958 = VECTOR ( 'NONE', #9086, 1000.000000000000000 ) ;
#1959 = EDGE_CURVE ( 'NONE', #9254, #519, #8838, .T. ) ;
#1960 = PLANE ( 'NONE',  #9726 ) ;
#1961 = EDGE_CURVE ( 'NONE', #6776, #8736, #6955, .T. ) ;
#1962 = CARTESIAN_POINT ( 'NONE',  ( 2.500000000000000444, 0.2000000000000000111, -1.874999999999998446 ) ) ;
#1963 = EDGE_CURVE ( 'NONE', #7764, #11135, #4333, .T. ) ;
#1964 = ORIENTED_EDGE ( 'NONE', *, *, #3500, .T. ) ;
#1965 = DIRECTION ( 'NONE',  ( 0.000000000000000000, 0.000000000000000000, -1.000000000000000000 ) ) ;
#1966 = AXIS2_PLACEMENT_3D ( 'NONE', #7774, #4226, #1763 ) ;
#1967 = CARTESIAN_POINT ( 'NONE',  ( 0.8750000000000003331, 0.04999999999999969746, -2.500000000000000000 ) ) ;
#1968 = AXIS2_PLACEMENT_3D ( 'NONE', #6129, #10489, #9383 ) ;
#1969 = VERTEX_POINT ( 'NONE', #1702 ) ;
#1970 = DIRECTION ( 'NONE',  ( 1.000000000000000000, 0.000000000000000000, -0.000000000000000000 ) ) ;
#1971 = CARTESIAN_POINT ( 'NONE',  ( -1.624999999999999334, 0.04999999999999999584, -2.225000000000001421 ) ) ;
#1972 = CARTESIAN_POINT ( 'NONE',  ( -1.874999999999999334, 0.2000000000000000111, -2.500000000000000000 ) ) ;
#1973 = EDGE_CURVE ( 'NONE', #19, #4373, #5128, .T. ) ;
#1974 = AXIS2_PLACEMENT_3D ( 'NONE', #9699, #8900, #2896 ) ;
#1975 = VERTEX_POINT ( 'NONE', #6199 ) ;
#1976 = ORIENTED_EDGE ( 'NONE', *, *, #6681, .F. ) ;
#1977 = CARTESIAN_POINT ( 'NONE',  ( -1.800000000000000044, 0.2000000000000000111, 1.649999999999998579 ) ) ;
#1978 = VECTOR ( 'NONE', #6597, 1000.000000000000000 ) ;
#1979 = CARTESIAN_POINT ( 'NONE',  ( -1.624999999999999334, 0.2000000000000000111, -2.500000000000000000 ) ) ;
#1980 = CARTESIAN_POINT ( 'NONE',  ( 2.224999999999965006, 0.2000000000000000111, -1.874999999999999334 ) ) ;
#1981 = FACE_OUTER_BOUND ( 'NONE', #4856, .T. ) ;
#1982 = ORIENTED_EDGE ( 'NONE', *, *, #5904, .F. ) ;
#1983 = CARTESIAN_POINT ( 'NONE',  ( -2.224999999999969447, 0.000000000000000000, 1.375000000000000000 ) ) ;
#1984 = DIRECTION ( 'NONE',  ( -0.000000000000000000, -0.000000000000000000, 1.000000000000000000 ) ) ;
#1985 = DIRECTION ( 'NONE',  ( 0.000000000000000000, -1.000000000000000000, 0.000000000000000000 ) ) ;
#1986 = EDGE_LOOP ( 'NONE', ( #7738, #112, #7500, #3550 ) ) ;
#1987 =( LENGTH_UNIT ( ) NAMED_UNIT ( * ) SI_UNIT ( .MILLI., .METRE. ) );
#1988 = CARTESIAN_POINT ( 'NONE',  ( -2.224999999999985434, 0.2000000000000000111, -0.2500000000000000000 ) ) ;
#1989 = ORIENTED_EDGE ( 'NONE', *, *, #7836, .F. ) ;
#1990 = FILL_AREA_STYLE ('',( #7256 ) ) ;
#1991 = VECTOR ( 'NONE', #1815, 1000.000000000000000 ) ;
#1992 = VERTEX_POINT ( 'NONE', #5963 ) ;
#1993 = AXIS2_PLACEMENT_3D ( 'NONE', #9675, #4377, #3452 ) ;
#1994 = PLANE ( 'NONE',  #220 ) ;
#1995 = AXIS2_PLACEMENT_3D ( 'NONE', #11109, #4274, #2416 ) ;
#1996 =( NAMED_UNIT ( * ) SI_UNIT ( $, .STERADIAN. ) SOLID_ANGLE_UNIT ( ) );
#1997 = ORIENTED_EDGE ( 'NONE', *, *, #5847, .F. ) ;
#1998 = LINE ( 'NONE', #6386, #408 ) ;
#1999 = CARTESIAN_POINT ( 'NONE',  ( -2.225000000000000977, 0.04999999999999999584, -1.875000000000000000 ) ) ;
#2000 = EDGE_LOOP ( 'NONE', ( #7263, #4936, #7044, #8020 ) ) ;
#2001 = EDGE_CURVE ( 'NONE', #6839, #1867, #8036, .T. ) ;
#2002 = CARTESIAN_POINT ( 'NONE',  ( -2.499999999999968470, 0.2000000000000000111, 1.125000000000000222 ) ) ;
#2003 = ORIENTED_EDGE ( 'NONE', *, *, #5690, .T. ) ;
#2004 = AXIS2_PLACEMENT_3D ( 'NONE', #508, #4846, #5688 ) ;
#2005 = VECTOR ( 'NONE', #1285, 1000.000000000000000 ) ;
#2006 = CIRCLE ( 'NONE', #6563, 0.1250000000000001110 ) ;
#2007 = ADVANCED_FACE ( 'NONE', ( #816 ), #9693, .T. ) ;
#2008 = DIRECTION ( 'NONE',  ( 0.000000000000000000, 0.000000000000000000, 1.000000000000000000 ) ) ;
#2009 = AXIS2_PLACEMENT_3D ( 'NONE', #4310, #9547, #5212 ) ;
#2010 = DIRECTION ( 'NONE',  ( 0.000000000000000000, 0.000000000000000000, -1.000000000000000000 ) ) ;
#2011 = EDGE_LOOP ( 'NONE', ( #4308, #5702, #3586, #7833 ) ) ;
#2012 = DIRECTION ( 'NONE',  ( 0.000000000000000000, 0.000000000000000000, 1.000000000000000000 ) ) ;
#2013 = CARTESIAN_POINT ( 'NONE',  ( 0.1250000000000004163, 0.2000000000000000111, 2.499999999999999556 ) ) ;
#2014 = AXIS2_PLACEMENT_3D ( 'NONE', #7225, #6169, #144 ) ;
#2015 = VECTOR ( 'NONE', #2675, 1000.000000000000000 ) ;
#2016 = LINE ( 'NONE', #3570, #7361 ) ;
#2017 = EDGE_LOOP ( 'NONE', ( #6269, #1982, #8761, #10071 ) ) ;
#2018 = DIRECTION ( 'NONE',  ( 0.000000000000000000, -1.000000000000000000, 0.000000000000000000 ) ) ;
#2019 = AXIS2_PLACEMENT_3D ( 'NONE', #6719, #465, #8497 ) ;
#2020 = LINE ( 'NONE', #7287, #10391 ) ;
#2021 = AXIS2_PLACEMENT_3D ( 'NONE', #9963, #5729, #8314 ) ;
#2022 = ORIENTED_EDGE ( 'NONE', *, *, #2283, .F. ) ;
#2023 = CARTESIAN_POINT ( 'NONE',  ( -1.649999999999998801, 0.2000000000000000111, 1.799999999999999822 ) ) ;
#2024 = LINE ( 'NONE', #9741, #5341 ) ;
#2025 = CARTESIAN_POINT ( 'NONE',  ( -1.649999999999999911, 0.2000000000000000111, -1.649999999999999911 ) ) ;
#2026 = PLANE ( 'NONE',  #5442 ) ;
#2027 = VERTEX_POINT ( 'NONE', #7819 ) ;
#2028 = CARTESIAN_POINT ( 'NONE',  ( -1.874999999999999334, 0.2000000000000000111, 2.225000000000001421 ) ) ;
#2029 = ORIENTED_EDGE ( 'NONE', *, *, #4358, .F. ) ;
#2030 = FACE_OUTER_BOUND ( 'NONE', #1986, .T. ) ;
#2031 = AXIS2_PLACEMENT_3D ( 'NONE', #9537, #133, #9594 ) ;
#2032 = EDGE_CURVE ( 'NONE', #9760, #5370, #5459, .T. ) ;
#2033 = ADVANCED_FACE ( 'NONE', ( #8781 ), #2, .T. ) ;
#2034 = VECTOR ( 'NONE', #8316, 1000.000000000000000 ) ;
#2035 = CARTESIAN_POINT ( 'NONE',  ( 0.3750000000000001665, 0.05000000000000000278, 0.000000000000000000 ) ) ;
#2036 = CARTESIAN_POINT ( 'NONE',  ( 0.8750000000000002220, 0.2000000000000000111, -2.500000000000000000 ) ) ;
#2037 = VERTEX_POINT ( 'NONE', #4393 ) ;
#2038 = CARTESIAN_POINT ( 'NONE',  ( 0.6250000000000004441, 0.2000000000000000111, -2.500000000000000000 ) ) ;
#2039 = CARTESIAN_POINT ( 'NONE',  ( 0.000000000000000000, 0.05000000000000000278, 1.875000000000000000 ) ) ;
#2040 = DIRECTION ( 'NONE',  ( 1.000000000000000000, 0.000000000000000000, -0.000000000000000000 ) ) ;
#2041 = STYLED_ITEM ( 'NONE', ( #1408 ), #11045 ) ;
#2042 = ORIENTED_EDGE ( 'NONE', *, *, #1482, .F. ) ;
#2043 = AXIS2_PLACEMENT_3D ( 'NONE', #5698, #5013, #1367 ) ;
#2044 = CARTESIAN_POINT ( 'NONE',  ( 0.6250000000000003331, 0.2000000000000000111, 2.499999999999999556 ) ) ;
#2045 = DIRECTION ( 'NONE',  ( -0.000000000000000000, -0.000000000000000000, 1.000000000000000000 ) ) ;
#2046 = ORIENTED_EDGE ( 'NONE', *, *, #2427, .T. ) ;
#2047 = FILL_AREA_STYLE_COLOUR ( '', #2905 ) ;
#2048 = CIRCLE ( 'NONE', #8096, 0.1250000000000001110 ) ;
#2049 = ORIENTED_EDGE ( 'NONE', *, *, #4280, .F. ) ;
#2050 = VERTEX_POINT ( 'NONE', #7882 ) ;
#2051 = VECTOR ( 'NONE', #1690, 1000.000000000000000 ) ;
#2052 = CARTESIAN_POINT ( 'NONE',  ( -2.499999999999994227, 0.2000000000000000111, -1.125000000000000222 ) ) ;
#2053 = ORIENTED_EDGE ( 'NONE', *, *, #335, .T. ) ;
#2054 = DIRECTION ( 'NONE',  ( 0.000000000000000000, 0.000000000000000000, 1.000000000000000000 ) ) ;
#2055 = CARTESIAN_POINT ( 'NONE',  ( 1.125000000000000000, 0.000000000000000000, 2.225000000000000977 ) ) ;
#2056 = ORIENTED_EDGE ( 'NONE', *, *, #6685, .F. ) ;
#2057 = PLANE ( 'NONE',  #10400 ) ;
#2058 = ORIENTED_EDGE ( 'NONE', *, *, #8432, .F. ) ;
#2059 = COLOUR_RGB ( '',0.7921568627450980005, 0.8196078431372548767, 0.9333333333333333481 ) ;
#2060 = AXIS2_PLACEMENT_3D ( 'NONE', #4992, #9371, #7858 ) ;
#2061 = CARTESIAN_POINT ( 'NONE',  ( 2.500000000000000444, 0.2000000000000000111, 1.874999999999999778 ) ) ;
#2062 = VECTOR ( 'NONE', #1536, 1000.000000000000000 ) ;
#2063 = ORIENTED_EDGE ( 'NONE', *, *, #5536, .T. ) ;
#2064 = DIRECTION ( 'NONE',  ( 0.000000000000000000, -0.000000000000000000, -1.000000000000000000 ) ) ;
#2065 = FACE_OUTER_BOUND ( 'NONE', #9494, .T. ) ;
#2066 = PLANE ( 'NONE',  #6059 ) ;
#2067 = CARTESIAN_POINT ( 'NONE',  ( -0.2499999999999995837, 0.2000000000000000111, -2.224999999999980549 ) ) ;
#2068 = EDGE_CURVE ( 'NONE', #272, #1694, #4285, .T. ) ;
#2069 = ADVANCED_FACE ( 'NONE', ( #10371 ), #5355, .T. ) ;
#2070 = ORIENTED_EDGE ( 'NONE', *, *, #9474, .T. ) ;
#2071 = DIRECTION ( 'NONE',  ( 0.000000000000000000, -1.000000000000000000, 0.000000000000000000 ) ) ;
#2072 = ORIENTED_EDGE ( 'NONE', *, *, #4181, .T. ) ;
#2073 = SURFACE_SIDE_STYLE ('',( #7236 ) ) ;
#2074 = DIRECTION ( 'NONE',  ( 0.000000000000000000, 0.000000000000000000, 1.000000000000000000 ) ) ;
#2075 = DIRECTION ( 'NONE',  ( 0.000000000000000000, -1.000000000000000000, 0.000000000000000000 ) ) ;
#2076 = CARTESIAN_POINT ( 'NONE',  ( -2.499999999999963141, 0.2000000000000000111, 1.875000000000000000 ) ) ;
#2077 = CARTESIAN_POINT ( 'NONE',  ( 2.224999999999975220, 0.000000000000000000, -0.7500000000000000000 ) ) ;
#2078 = ORIENTED_EDGE ( 'NONE', *, *, #438, .T. ) ;
#2079 = DIRECTION ( 'NONE',  ( -1.000000000000000000, 0.000000000000000000, 1.971276677246380887E-16 ) ) ;
#2080 = EDGE_CURVE ( 'NONE', #3371, #1705, #4453, .T. ) ;
#2081 = EDGE_LOOP ( 'NONE', ( #4812, #3608, #8696, #3284 ) ) ;
#2082 = CARTESIAN_POINT ( 'NONE',  ( -2.499999999999994227, 0.2000000000000000111, -1.375000000000000000 ) ) ;
#2083 = DIRECTION ( 'NONE',  ( 1.000000000000000000, 0.000000000000000000, 0.000000000000000000 ) ) ;
#2084 = FACE_OUTER_BOUND ( 'NONE', #5287, .T. ) ;
#2085 = PRESENTATION_STYLE_ASSIGNMENT (( #3003 ) ) ;
#2086 = ORIENTED_EDGE ( 'NONE', *, *, #3487, .T. ) ;
#2087 = LINE ( 'NONE', #397, #8976 ) ;
#2088 = LINE ( 'NONE', #9225, #10910 ) ;
#2089 = CARTESIAN_POINT ( 'NONE',  ( -1.874999999999999334, 0.2000000000000000111, 2.225000000000001421 ) ) ;
#2090 = ORIENTED_EDGE ( 'NONE', *, *, #6860, .F. ) ;
#2091 = LINE ( 'NONE', #1359, #4926 ) ;
#2092 = ORIENTED_EDGE ( 'NONE', *, *, #2647, .T. ) ;
#2093 = SURFACE_SIDE_STYLE ('',( #6437 ) ) ;
#2094 = ADVANCED_FACE ( 'NONE', ( #868 ), #6087, .T. ) ;
#2095 = ADVANCED_FACE ( 'NONE', ( #64 ), #9448, .F. ) ;
#2096 = EDGE_CURVE ( 'NONE', #9800, #10485, #3536, .T. ) ;
#2097 = ORIENTED_EDGE ( 'NONE', *, *, #9714, .F. ) ;
#2098 = LINE ( 'NONE', #9813, #1466 ) ;
#2099 =( LENGTH_UNIT ( ) NAMED_UNIT ( * ) SI_UNIT ( .MILLI., .METRE. ) );
#2100 = ORIENTED_EDGE ( 'NONE', *, *, #5221, .F. ) ;
#2101 = DIRECTION ( 'NONE',  ( 0.000000000000000000, 0.000000000000000000, -1.000000000000000000 ) ) ;
#2102 = DIRECTION ( 'NONE',  ( 0.000000000000000000, 1.000000000000000000, -0.000000000000000000 ) ) ;
#2103 = ORIENTED_EDGE ( 'NONE', *, *, #5169, .F. ) ;
#2104 = DIRECTION ( 'NONE',  ( 1.000000000000000000, -0.000000000000000000, 0.000000000000000000 ) ) ;
#2105 = ORIENTED_EDGE ( 'NONE', *, *, #7939, .T. ) ;
#2106 = AXIS2_PLACEMENT_3D ( 'NONE', #4511, #3594, #339 ) ;
#2107 = ADVANCED_FACE ( 'NONE', ( #2664 ), #4569, .T. ) ;
#2108 = AXIS2_PLACEMENT_3D ( 'NONE', #1732, #147, #2696 ) ;
#2109 = DIRECTION ( 'NONE',  ( 0.000000000000000000, 1.000000000000000000, 0.000000000000000000 ) ) ;
#2110 = CARTESIAN_POINT ( 'NONE',  ( -1.624999999999999334, 0.000000000000000000, -2.225000000000001421 ) ) ;
#2111 = VERTEX_POINT ( 'NONE', #3817 ) ;
#2112 = LINE ( 'NONE', #9410, #6037 ) ;
#2113 = DIRECTION ( 'NONE',  ( 0.000000000000000000, -1.000000000000000000, 0.000000000000000000 ) ) ;
#2114 = CARTESIAN_POINT ( 'NONE',  ( -2.499999999999989342, 0.2000000000000000111, -0.8749999999999998890 ) ) ;
#2115 = CARTESIAN_POINT ( 'NONE',  ( 2.224999999999990763, 0.2000000000000000111, 0.7499999999999997780 ) ) ;
#2116 = DIRECTION ( 'NONE',  ( 0.000000000000000000, -1.000000000000000000, 0.000000000000000000 ) ) ;
#2117 = ORIENTED_EDGE ( 'NONE', *, *, #10290, .F. ) ;
#2118 = DIRECTION ( 'NONE',  ( 0.000000000000000000, 0.000000000000000000, -1.000000000000000000 ) ) ;
#2119 = VERTEX_POINT ( 'NONE', #8059 ) ;
#2120 = DIRECTION ( 'NONE',  ( 0.000000000000000000, 0.000000000000000000, -1.000000000000000000 ) ) ;
#2121 = PLANE ( 'NONE',  #4196 ) ;
#2122 = CARTESIAN_POINT ( 'NONE',  ( -2.499999999999973799, 0.2000000000000000111, 0.8749999999999998890 ) ) ;
#2123 = EDGE_CURVE ( 'NONE', #519, #9795, #8160, .T. ) ;
#2124 = ORIENTED_EDGE ( 'NONE', *, *, #983, .F. ) ;
#2125 = DIRECTION ( 'NONE',  ( 0.000000000000000000, -0.000000000000000000, 1.000000000000000000 ) ) ;
#2126 = ORIENTED_EDGE ( 'NONE', *, *, #9429, .F. ) ;
#2127 = VECTOR ( 'NONE', #5654, 1000.000000000000000 ) ;
#2128 = VECTOR ( 'NONE', #3478, 1000.000000000000000 ) ;
#2129 = EDGE_CURVE ( 'NONE', #8634, #459, #2891, .T. ) ;
#2130 = DIRECTION ( 'NONE',  ( 1.000000000000000000, 0.000000000000000000, 0.000000000000000000 ) ) ;
#2131 = CARTESIAN_POINT ( 'NONE',  ( -2.499999999999999556, 0.2000000000000000111, -1.875000000000000000 ) ) ;
#2132 = CLOSED_SHELL ( 'NONE', ( #6489, #10328, #2998, #363, #2275, #4465 ) ) ;
#2133 = ORIENTED_EDGE ( 'NONE', *, *, #376, .F. ) ;
#2134 = FACE_OUTER_BOUND ( 'NONE', #6085, .T. ) ;
#2135 = DIRECTION ( 'NONE',  ( 0.000000000000000000, -0.000000000000000000, -1.000000000000000000 ) ) ;
#2136 = CARTESIAN_POINT ( 'NONE',  ( -0.3749999999999994449, 0.04999999999999969746, 2.500000000000000000 ) ) ;
#2137 = EDGE_LOOP ( 'NONE', ( #5070, #1440, #1798, #5811 ) ) ;
#2138 = LINE ( 'NONE', #6434, #5504 ) ;
#2139 = FACE_OUTER_BOUND ( 'NONE', #137, .T. ) ;
#2140 = ORIENTED_EDGE ( 'NONE', *, *, #5773, .F. ) ;
#2141 = AXIS2_PLACEMENT_3D ( 'NONE', #8152, #7067, #6358 ) ;
#2142 = CIRCLE ( 'NONE', #9812, 0.1250000000000001110 ) ;
#2143 = EDGE_CURVE ( 'NONE', #191, #2901, #175, .T. ) ;
#2144 = EDGE_CURVE ( 'NONE', #4722, #8564, #2734, .T. ) ;
#2145 = ADVANCED_FACE ( 'NONE', ( #6424 ), #393, .F. ) ;
#2146 = CARTESIAN_POINT ( 'NONE',  ( 2.500000000000000000, 0.2000000000000000111, -1.624999999999999556 ) ) ;
#2147 = DIRECTION ( 'NONE',  ( 0.000000000000000000, 1.000000000000000000, -0.000000000000000000 ) ) ;
#2148 = CARTESIAN_POINT ( 'NONE',  ( 1.250000000000000222, 0.000000000000000000, -2.224999999999996092 ) ) ;
#2149 = EDGE_LOOP ( 'NONE', ( #5939, #10579, #5456, #9301 ) ) ;
#2150 = CARTESIAN_POINT ( 'NONE',  ( 1.874999999999999778, 0.04999999999999999584, 2.225000000000000533 ) ) ;
#2151 = FACE_OUTER_BOUND ( 'NONE', #7069, .T. ) ;
#2152 = ORIENTED_EDGE ( 'NONE', *, *, #11219, .T. ) ;
#2153 = CARTESIAN_POINT ( 'NONE',  ( -2.499999999999968470, 0.2000000000000000111, 1.125000000000000222 ) ) ;
#2154 = ORIENTED_EDGE ( 'NONE', *, *, #2779, .T. ) ;
#2155 = DIRECTION ( 'NONE',  ( 0.000000000000000000, 0.000000000000000000, -1.000000000000000000 ) ) ;
#2156 = VERTEX_POINT ( 'NONE', #5619 ) ;
#2157 = PRESENTATION_LAYER_ASSIGNMENT (  '', '', ( #8033 ) ) ;
#2158 = VECTOR ( 'NONE', #3839, 1000.000000000000000 ) ;
#2159 = AXIS2_PLACEMENT_3D ( 'NONE', #6377, #8068, #8008 ) ;
#2160 = EDGE_CURVE ( 'NONE', #5214, #2177, #1930, .T. ) ;
#2161 = ADVANCED_FACE ( 'NONE', ( #5067 ), #3296, .F. ) ;
#2162 = CARTESIAN_POINT ( 'NONE',  ( 2.225000000000001421, 0.2000000000000000111, -1.624999999999999556 ) ) ;
#2163 = VERTEX_POINT ( 'NONE', #9454 ) ;
#2164 = LINE ( 'NONE', #9145, #3300 ) ;
#2165 = DIRECTION ( 'NONE',  ( 1.000000000000000000, 0.000000000000000000, -0.000000000000000000 ) ) ;
#2166 = VECTOR ( 'NONE', #629, 1000.000000000000000 ) ;
#2167 = AXIS2_PLACEMENT_3D ( 'NONE', #1532, #8393, #4225 ) ;
#2168 = VECTOR ( 'NONE', #973, 1000.000000000000000 ) ;
#2169 = CARTESIAN_POINT ( 'NONE',  ( 2.500000000000000000, 0.000000000000000000, 0.6249999999999998890 ) ) ;
#2170 = VECTOR ( 'NONE', #2811, 1000.000000000000000 ) ;
#2171 = EDGE_CURVE ( 'NONE', #10842, #5390, #5808, .T. ) ;
#2172 = CIRCLE ( 'NONE', #8040, 0.1499999999999999667 ) ;
#2173 = CIRCLE ( 'NONE', #4920, 0.1250000000000001110 ) ;
#2174 = CARTESIAN_POINT ( 'NONE',  ( -0.2499999999999995837, 0.2000000000000000111, -2.224999999999980549 ) ) ;
#2175 = ORIENTED_EDGE ( 'NONE', *, *, #9474, .F. ) ;
#2176 = PLANE ( 'NONE',  #3464 ) ;
#2177 = VERTEX_POINT ( 'NONE', #3996 ) ;
#2178 = LINE ( 'NONE', #5664, #10634 ) ;
#2179 = DIRECTION ( 'NONE',  ( -0.000000000000000000, -1.000000000000000000, -0.000000000000000000 ) ) ;
#2180 = CARTESIAN_POINT ( 'NONE',  ( -1.624999999999999334, 0.2000000000000000111, 2.500000000000000000 ) ) ;
#2181 = LINE ( 'NONE', #5667, #9815 ) ;
#2182 = AXIS2_PLACEMENT_3D ( 'NONE', #1701, #9575, #7768 ) ;
#2183 = ORIENTED_EDGE ( 'NONE', *, *, #4741, .F. ) ;
#2184 = CARTESIAN_POINT ( 'NONE',  ( -1.874999999999999112, 0.04999999999999999584, -2.225000000000001421 ) ) ;
#2185 = ORIENTED_EDGE ( 'NONE', *, *, #8855, .T. ) ;
#2186 = VECTOR ( 'NONE', #4713, 1000.000000000000000 ) ;
#2187 = ORIENTED_EDGE ( 'NONE', *, *, #3903, .F. ) ;
#2188 = EDGE_CURVE ( 'NONE', #3825, #7156, #11192, .T. ) ;
#2189 = DIRECTION ( 'NONE',  ( 0.000000000000000000, -0.000000000000000000, -1.000000000000000000 ) ) ;
#2190 = DIRECTION ( 'NONE',  ( 0.000000000000000000, 0.000000000000000000, -1.000000000000000000 ) ) ;
#2191 = CARTESIAN_POINT ( 'NONE',  ( 2.224999999999990763, 0.2000000000000000111, 0.6249999999999998890 ) ) ;
#2192 = EDGE_LOOP ( 'NONE', ( #1300, #3070, #11261, #4282 ) ) ;
#2193 = DIRECTION ( 'NONE',  ( 0.000000000000000000, 1.000000000000000000, 0.000000000000000000 ) ) ;
#2194 = CARTESIAN_POINT ( 'NONE',  ( -0.8749999999999993339, 0.2000000000000000111, -2.500000000000000000 ) ) ;
#2195 = DIRECTION ( 'NONE',  ( 9.856383386231904433E-17, 0.000000000000000000, 1.000000000000000000 ) ) ;
#2196 = ORIENTED_EDGE ( 'NONE', *, *, #1023, .F. ) ;
#2197 = DIRECTION ( 'NONE',  ( 1.000000000000000000, 0.000000000000000000, 0.000000000000000000 ) ) ;
#2198 = CARTESIAN_POINT ( 'NONE',  ( 1.649999999999999911, 0.04999999999999999584, 1.649999999999999689 ) ) ;
#2199 = ORIENTED_EDGE ( 'NONE', *, *, #8257, .F. ) ;
#2200 = AXIS2_PLACEMENT_3D ( 'NONE', #10515, #26, #85 ) ;
#2201 = EDGE_CURVE ( 'NONE', #5427, #7313, #3233, .T. ) ;
#2202 = VECTOR ( 'NONE', #1529, 1000.000000000000000 ) ;
#2203 = EDGE_CURVE ( 'NONE', #5804, #8823, #2485, .T. ) ;
#2204 = DIRECTION ( 'NONE',  ( 0.000000000000000000, 1.000000000000000000, -0.000000000000000000 ) ) ;
#2205 = LINE ( 'NONE', #513, #1918 ) ;
#2206 = ORIENTED_EDGE ( 'NONE', *, *, #8989, .F. ) ;
#2207 = DIRECTION ( 'NONE',  ( -0.000000000000000000, -1.000000000000000000, -0.000000000000000000 ) ) ;
#2208 = CARTESIAN_POINT ( 'NONE',  ( -2.499999999999999556, 0.04999999999999969746, 2.500000000000000000 ) ) ;
#2209 = COLOUR_RGB ( '',0.7921568627450980005, 0.8196078431372548767, 0.9333333333333333481 ) ;
#2210 = ORIENTED_EDGE ( 'NONE', *, *, #3071, .T. ) ;
#2211 = DIRECTION ( 'NONE',  ( 0.000000000000000000, 0.000000000000000000, 1.000000000000000000 ) ) ;
#2212 = ORIENTED_EDGE ( 'NONE', *, *, #2633, .F. ) ;
#2213 = FACE_OUTER_BOUND ( 'NONE', #10544, .T. ) ;
#2214 = ORIENTED_EDGE ( 'NONE', *, *, #536, .F. ) ;
#2215 = ADVANCED_FACE ( 'NONE', ( #756 ), #1652, .F. ) ;
#2216 = ADVANCED_FACE ( 'NONE', ( #8454 ), #10265, .F. ) ;
#2217 = COLOUR_RGB ( '',0.7921568627450980005, 0.8196078431372548767, 0.9333333333333333481 ) ;
#2218 = CIRCLE ( 'NONE', #66, 0.1249999999999996808 ) ;
#2219 = VECTOR ( 'NONE', #1091, 1000.000000000000000 ) ;
#2220 = CARTESIAN_POINT ( 'NONE',  ( -1.874999999999999334, 0.2000000000000000111, -2.500000000000000000 ) ) ;
#2221 = ORIENTED_EDGE ( 'NONE', *, *, #4436, .T. ) ;
#2222 = DIRECTION ( 'NONE',  ( -0.000000000000000000, -1.000000000000000000, -0.000000000000000000 ) ) ;
#2223 = CARTESIAN_POINT ( 'NONE',  ( -0.1249999999999996531, 0.2000000000000000111, -2.500000000000000000 ) ) ;
#2224 = MECHANICAL_DESIGN_GEOMETRIC_PRESENTATION_REPRESENTATION (  '', ( #5691 ), #2806 ) ;
#2225 = CIRCLE ( 'NONE', #6609, 0.1249999999999998890 ) ;
#2226 = VECTOR ( 'NONE', #6299, 1000.000000000000000 ) ;
#2227 = CARTESIAN_POINT ( 'NONE',  ( 0.1250000000000004163, 0.2000000000000000111, 2.499999999999999556 ) ) ;
#2228 = ADVANCED_FACE ( 'NONE', ( #4060 ), #638, .F. ) ;
#2229 = ADVANCED_FACE ( 'NONE', ( #579 ), #4111, .T. ) ;
#2230 = EDGE_CURVE ( 'NONE', #50, #6192, #7719, .T. ) ;
#2231 = VECTOR ( 'NONE', #6038, 1000.000000000000000 ) ;
#2232 = CARTESIAN_POINT ( 'NONE',  ( 0.8750000000000002220, 0.2000000000000000111, -2.500000000000000000 ) ) ;
#2233 = DIRECTION ( 'NONE',  ( 0.000000000000000000, -1.000000000000000000, 0.000000000000000000 ) ) ;
#2234 = ORIENTED_EDGE ( 'NONE', *, *, #11163, .T. ) ;
#2235 = DIRECTION ( 'NONE',  ( 0.000000000000000000, 0.000000000000000000, -1.000000000000000000 ) ) ;
#2236 = ORIENTED_EDGE ( 'NONE', *, *, #8464, .T. ) ;
#2237 = DIRECTION ( 'NONE',  ( 0.000000000000000000, 0.000000000000000000, -1.000000000000000000 ) ) ;
#2238 = DIRECTION ( 'NONE',  ( 0.000000000000000000, 0.000000000000000000, 1.000000000000000000 ) ) ;
#2239 = DIRECTION ( 'NONE',  ( 0.000000000000000000, 1.000000000000000000, 0.000000000000000000 ) ) ;
#2240 = LINE ( 'NONE', #10925, #1429 ) ;
#2241 = VERTEX_POINT ( 'NONE', #3131 ) ;
#2242 = CARTESIAN_POINT ( 'NONE',  ( 1.249999999999999778, 0.2000000000000000111, 2.224999999999969003 ) ) ;
#2243 = ADVANCED_FACE ( 'NONE', ( #10100 ), #10145, .F. ) ;
#2244 = ORIENTED_EDGE ( 'NONE', *, *, #10892, .T. ) ;
#2245 = SHAPE_DEFINITION_REPRESENTATION ( #1578, #812 ) ;
#2246 = CARTESIAN_POINT ( 'NONE',  ( -1.374999999999999334, 0.04999999999999999584, 2.225000000000001421 ) ) ;
#2247 = CARTESIAN_POINT ( 'NONE',  ( 2.500000000000000000, 0.000000000000000000, 1.374999999999999778 ) ) ;
#2248 =( NAMED_UNIT ( * ) PLANE_ANGLE_UNIT ( ) SI_UNIT ( $, .RADIAN. ) );
#2249 = ORIENTED_EDGE ( 'NONE', *, *, #4702, .F. ) ;
#2250 = CARTESIAN_POINT ( 'NONE',  ( 1.375000000000000000, 0.04999999999999969746, -2.500000000000000000 ) ) ;
#2251 = DIRECTION ( 'NONE',  ( 0.000000000000000000, 0.000000000000000000, -1.000000000000000000 ) ) ;
#2252 = CARTESIAN_POINT ( 'NONE',  ( 1.625000000000000000, 0.2000000000000000111, 2.225000000000000533 ) ) ;
#2253 = ORIENTED_EDGE ( 'NONE', *, *, #607, .F. ) ;
#2254 = FILL_AREA_STYLE_COLOUR ( '', #3317 ) ;
#2255 = LINE ( 'NONE', #6435, #8026 ) ;
#2256 = VERTEX_POINT ( 'NONE', #690 ) ;
#2257 = PRESENTATION_STYLE_ASSIGNMENT (( #8492 ) ) ;
#2258 = ADVANCED_FACE ( 'NONE', ( #11016 ), #2313, .T. ) ;
#2259 = LINE ( 'NONE', #2308, #10767 ) ;
#2260 = LINE ( 'NONE', #7425, #8485 ) ;
#2261 =( LENGTH_UNIT ( ) NAMED_UNIT ( * ) SI_UNIT ( .MILLI., .METRE. ) );
#2262 = ORIENTED_EDGE ( 'NONE', *, *, #5703, .F. ) ;
#2263 = EDGE_CURVE ( 'NONE', #5786, #4300, #7654, .T. ) ;
#2264 = DIRECTION ( 'NONE',  ( -0.000000000000000000, -1.000000000000000000, -0.000000000000000000 ) ) ;
#2265 = DIRECTION ( 'NONE',  ( 0.000000000000000000, -1.000000000000000000, 0.000000000000000000 ) ) ;
#2266 = LINE ( 'NONE', #6617, #9074 ) ;
#2267 = VERTEX_POINT ( 'NONE', #1585 ) ;
#2268 = DIRECTION ( 'NONE',  ( 0.000000000000000000, 0.000000000000000000, -1.000000000000000000 ) ) ;
#2269 = VERTEX_POINT ( 'NONE', #9613 ) ;
#2270 = FILL_AREA_STYLE_COLOUR ( '', #6539 ) ;
#2271 = ADVANCED_FACE ( 'NONE', ( #1740 ), #3636, .F. ) ;
#2272 = ORIENTED_EDGE ( 'NONE', *, *, #11103, .T. ) ;
#2273 = EDGE_CURVE ( 'NONE', #1304, #5475, #9279, .T. ) ;
#2274 = ORIENTED_EDGE ( 'NONE', *, *, #1079, .T. ) ;
#2275 = ADVANCED_FACE ( 'NONE', ( #8705 ), #5172, .F. ) ;
#2276 = DIRECTION ( 'NONE',  ( 0.000000000000000000, -0.000000000000000000, -1.000000000000000000 ) ) ;
#2277 = DIRECTION ( 'NONE',  ( 1.000000000000000000, 0.000000000000000000, -0.000000000000000000 ) ) ;
#2278 = CARTESIAN_POINT ( 'NONE',  ( -0.7499999999999995559, 0.04999999999999999584, 2.099999999999990763 ) ) ;
#2279 = CARTESIAN_POINT ( 'NONE',  ( 0.6250000000000003331, 0.000000000000000000, 2.499999999999999556 ) ) ;
#2280 = DIRECTION ( 'NONE',  ( 1.000000000000000000, 0.000000000000000000, -1.734723475976808475E-15 ) ) ;
#2281 = ADVANCED_FACE ( 'NONE', ( #10484 ), #4271, .F. ) ;
#2282 = EDGE_LOOP ( 'NONE', ( #449, #3043, #5096, #5395, #7994 ) ) ;
#2283 = EDGE_CURVE ( 'NONE', #3223, #8237, #8883, .T. ) ;
#2284 = EDGE_CURVE ( 'NONE', #1373, #960, #156, .T. ) ;
#2285 = CARTESIAN_POINT ( 'NONE',  ( 1.749999999999999778, 0.2000000000000000111, 2.099999999999963674 ) ) ;
#2286 = ORIENTED_EDGE ( 'NONE', *, *, #10653, .T. ) ;
#2287 =( NAMED_UNIT ( * ) SI_UNIT ( $, .STERADIAN. ) SOLID_ANGLE_UNIT ( ) );
#2288 = CARTESIAN_POINT ( 'NONE',  ( -1.374999999999999334, 0.000000000000000000, 2.500000000000000000 ) ) ;
#2289 = CARTESIAN_POINT ( 'NONE',  ( 1.375000000000000000, 0.05000000000000000278, 0.000000000000000000 ) ) ;
#2290 = CARTESIAN_POINT ( 'NONE',  ( -0.6249999999999996669, 0.2000000000000000111, 2.499999999999999556 ) ) ;
#2291 = VERTEX_POINT ( 'NONE', #6247 ) ;
#2292 = CARTESIAN_POINT ( 'NONE',  ( -0.7499999999999995559, 0.2000000000000000111, 2.099999999999990763 ) ) ;
#2293 = EDGE_LOOP ( 'NONE', ( #11124, #4419, #288, #2063 ) ) ;
#2294 = ADVANCED_FACE ( 'NONE', ( #1025 ), #2589, .T. ) ;
#2295 = CARTESIAN_POINT ( 'NONE',  ( 2.500000000000000000, 0.000000000000000000, -1.624999999999999556 ) ) ;
#2296 = CARTESIAN_POINT ( 'NONE',  ( -1.124999999999999334, 0.2000000000000000111, -2.500000000000000000 ) ) ;
#2297 = ORIENTED_EDGE ( 'NONE', *, *, #9574, .F. ) ;
#2298 = FACE_OUTER_BOUND ( 'NONE', #3253, .T. ) ;
#2299 = LINE ( 'NONE', #4325, #2504 ) ;
#2300 = DIRECTION ( 'NONE',  ( 1.734723475976807094E-15, 0.000000000000000000, 1.000000000000000000 ) ) ;
#2301 = EDGE_LOOP ( 'NONE', ( #5951, #67, #6831, #3162 ) ) ;
#2302 = VECTOR ( 'NONE', #9937, 1000.000000000000000 ) ;
#2303 = SURFACE_SIDE_STYLE ('',( #7474 ) ) ;
#2304 = FACE_OUTER_BOUND ( 'NONE', #4524, .T. ) ;
#2305 = VERTEX_POINT ( 'NONE', #8826 ) ;
#2306 = ORIENTED_EDGE ( 'NONE', *, *, #10670, .F. ) ;
#2307 = AXIS2_PLACEMENT_3D ( 'NONE', #8502, #3297, #4342 ) ;
#2308 = CARTESIAN_POINT ( 'NONE',  ( 2.225000000000001421, 0.2000000000000000111, -0.6250000000000001110 ) ) ;
#2309 = DIRECTION ( 'NONE',  ( 0.000000000000000000, 1.000000000000000000, -0.000000000000000000 ) ) ;
#2310 = LINE ( 'NONE', #2482, #2202 ) ;
#2311 = ORIENTED_EDGE ( 'NONE', *, *, #3143, .F. ) ;
#2312 = DIRECTION ( 'NONE',  ( 1.000000000000000000, 0.000000000000000000, -0.000000000000000000 ) ) ;
#2313 = PLANE ( 'NONE',  #7478 ) ;
#2314 = LINE ( 'NONE', #10044, #2691 ) ;
#2315 = ORIENTED_EDGE ( 'NONE', *, *, #11164, .T. ) ;
#2316 = LINE ( 'NONE', #642, #2598 ) ;
#2317 = VECTOR ( 'NONE', #8996, 1000.000000000000000 ) ;
#2318 = DIRECTION ( 'NONE',  ( 1.000000000000000000, 0.000000000000000000, -0.000000000000000000 ) ) ;
#2319 = ORIENTED_EDGE ( 'NONE', *, *, #4081, .T. ) ;
#2320 = ORIENTED_EDGE ( 'NONE', *, *, #9917, .T. ) ;
#2321 = VERTEX_POINT ( 'NONE', #1919 ) ;
#2322 = AXIS2_PLACEMENT_3D ( 'NONE', #10087, #8372, #2251 ) ;
#2323 = SURFACE_SIDE_STYLE ('',( #7560 ) ) ;
#2324 = VECTOR ( 'NONE', #4994, 1000.000000000000000 ) ;
#2325 = ADVANCED_FACE ( 'NONE', ( #4320 ), #6125, .T. ) ;
#2326 = CARTESIAN_POINT ( 'NONE',  ( -0.8749999999999993339, 0.2000000000000000111, -2.500000000000000000 ) ) ;
#2327 = VERTEX_POINT ( 'NONE', #49 ) ;
#2328 = CARTESIAN_POINT ( 'NONE',  ( 2.224999999999985878, 0.2000000000000000111, 0.1250000000000002220 ) ) ;
#2329 = DIRECTION ( 'NONE',  ( 1.000000000000000000, 0.000000000000000000, 0.000000000000000000 ) ) ;
#2330 = ORIENTED_EDGE ( 'NONE', *, *, #291, .T. ) ;
#2331 = COLOUR_RGB ( '',0.7921568627450980005, 0.8196078431372548767, 0.9333333333333333481 ) ;
#2332 = CARTESIAN_POINT ( 'NONE',  ( 1.374999999999999778, 0.2000000000000000111, 2.499999999999999112 ) ) ;
#2333 = VECTOR ( 'NONE', #4291, 1000.000000000000000 ) ;
#2334 = EDGE_CURVE ( 'NONE', #8140, #7538, #11228, .T. ) ;
#2335 = PLANE ( 'NONE',  #7846 ) ;
#2336 = COLOUR_RGB ( '',0.7921568627450980005, 0.8196078431372548767, 0.9333333333333333481 ) ;
#2337 = CARTESIAN_POINT ( 'NONE',  ( -2.499999999999999556, 0.04999999999999969746, 2.500000000000000000 ) ) ;
#2338 = EDGE_LOOP ( 'NONE', ( #5373, #6779, #7240, #1884 ) ) ;
#2339 = AXIS2_PLACEMENT_3D ( 'NONE', #8614, #922, #11188 ) ;
#2340 = VECTOR ( 'NONE', #10122, 1000.000000000000000 ) ;
#2341 = CARTESIAN_POINT ( 'NONE',  ( -2.499999999999984013, 0.04999999999999999584, -0.1250000000000001110 ) ) ;
#2342 = VERTEX_POINT ( 'NONE', #8766 ) ;
#2343 = DIRECTION ( 'NONE',  ( -1.971276677246380640E-16, 0.000000000000000000, -1.000000000000000000 ) ) ;
#2344 = DIRECTION ( 'NONE',  ( 1.000000000000000000, 0.000000000000000000, 0.000000000000000000 ) ) ;
#2345 = LINE ( 'NONE', #3921, #9430 ) ;
#2346 = ORIENTED_EDGE ( 'NONE', *, *, #10457, .T. ) ;
#2347 = DIRECTION ( 'NONE',  ( 0.000000000000000000, 0.000000000000000000, -1.000000000000000000 ) ) ;
#2348 = AXIS2_PLACEMENT_3D ( 'NONE', #5316, #7838, #10330 ) ;
#2349 = EDGE_CURVE ( 'NONE', #8179, #477, #5394, .T. ) ;
#2350 = VECTOR ( 'NONE', #2235, 1000.000000000000000 ) ;
#2351 = CIRCLE ( 'NONE', #6928, 0.1249999999999998890 ) ;
#2352 = LINE ( 'NONE', #7173, #8966 ) ;
#2353 = PRESENTATION_STYLE_ASSIGNMENT (( #5898 ) ) ;
#2354 = VECTOR ( 'NONE', #2855, 1000.000000000000000 ) ;
#2355 = ORIENTED_EDGE ( 'NONE', *, *, #2578, .T. ) ;
#2356 = FACE_OUTER_BOUND ( 'NONE', #11111, .T. ) ;
#2357 = DIRECTION ( 'NONE',  ( -0.000000000000000000, 0.000000000000000000, 1.000000000000000000 ) ) ;
#2358 = FACE_OUTER_BOUND ( 'NONE', #9895, .T. ) ;
#2359 = AXIS2_PLACEMENT_3D ( 'NONE', #484, #3961, #8197 ) ;
#2360 = VERTEX_POINT ( 'NONE', #10598 ) ;
#2361 = ORIENTED_EDGE ( 'NONE', *, *, #8277, .T. ) ;
#2362 = VERTEX_POINT ( 'NONE', #2524 ) ;
#2363 = ORIENTED_EDGE ( 'NONE', *, *, #7211, .T. ) ;
#2364 = EDGE_CURVE ( 'NONE', #4425, #1318, #6875, .T. ) ;
#2365 = ADVANCED_FACE ( 'NONE', ( #851 ), #4495, .T. ) ;
#2366 = VECTOR ( 'NONE', #672, 1000.000000000000000 ) ;
#2367 = CARTESIAN_POINT ( 'NONE',  ( 2.225000000000001421, 0.04999999999999999584, -0.1250000000000000278 ) ) ;
#2368 = LINE ( 'NONE', #5635, #3566 ) ;
#2369 = DIRECTION ( 'NONE',  ( 7.885106708985523547E-16, 0.000000000000000000, 1.000000000000000000 ) ) ;
#2370 = EDGE_LOOP ( 'NONE', ( #2847, #1615, #11205, #313 ) ) ;
#2371 = LINE ( 'NONE', #4059, #8430 ) ;
#2372 = DIRECTION ( 'NONE',  ( 0.000000000000000000, 0.000000000000000000, -1.000000000000000000 ) ) ;
#2373 = CARTESIAN_POINT ( 'NONE',  ( 1.649999999999999911, 0.2000000000000000111, 1.649999999999999689 ) ) ;
#2374 = DIRECTION ( 'NONE',  ( 0.000000000000000000, -1.000000000000000000, 0.000000000000000000 ) ) ;
#2375 = ORIENTED_EDGE ( 'NONE', *, *, #9166, .T. ) ;
#2376 = CIRCLE ( 'NONE', #10792, 0.1249999999999998890 ) ;
#2377 = CARTESIAN_POINT ( 'NONE',  ( 1.649999999999998801, 0.04999999999999999584, 1.799999999999999822 ) ) ;
#2378 = DIRECTION ( 'NONE',  ( 0.000000000000000000, -1.000000000000000000, 0.000000000000000000 ) ) ;
#2379 = ORIENTED_EDGE ( 'NONE', *, *, #1078, .T. ) ;
#2380 = AXIS2_PLACEMENT_3D ( 'NONE', #6788, #3354, #5011 ) ;
#2381 = EDGE_LOOP ( 'NONE', ( #8499, #9789, #9403, #5726 ) ) ;
#2382 = ORIENTED_EDGE ( 'NONE', *, *, #7151, .T. ) ;
#2383 = CIRCLE ( 'NONE', #1494, 0.1249999999999996808 ) ;
#2384 = CARTESIAN_POINT ( 'NONE',  ( 0.000000000000000000, 0.000000000000000000, 0.000000000000000000 ) ) ;
#2385 = DIRECTION ( 'NONE',  ( 0.000000000000000000, -1.000000000000000000, 0.000000000000000000 ) ) ;
#2386 = ORIENTED_EDGE ( 'NONE', *, *, #9683, .T. ) ;
#2387 = DIRECTION ( 'NONE',  ( 0.000000000000000000, -1.000000000000000000, 0.000000000000000000 ) ) ;
#2388 = DIRECTION ( 'NONE',  ( -0.000000000000000000, 0.000000000000000000, -1.000000000000000000 ) ) ;
#2389 = ORIENTED_EDGE ( 'NONE', *, *, #2595, .T. ) ;
#2390 = VECTOR ( 'NONE', #9237, 1000.000000000000000 ) ;
#2391 = DIRECTION ( 'NONE',  ( -0.000000000000000000, 0.000000000000000000, -1.000000000000000000 ) ) ;
#2392 = VECTOR ( 'NONE', #5770, 1000.000000000000000 ) ;
#2393 = CARTESIAN_POINT ( 'NONE',  ( -2.225000000000000977, 0.2000000000000000111, -1.750000000000000000 ) ) ;
#2394 = VECTOR ( 'NONE', #7933, 1000.000000000000000 ) ;
#2395 = CARTESIAN_POINT ( 'NONE',  ( -2.225000000000000977, 0.2000000000000000111, -1.625000000000000222 ) ) ;
#2396 = ORIENTED_EDGE ( 'NONE', *, *, #4826, .T. ) ;
#2397 = AXIS2_PLACEMENT_3D ( 'NONE', #2873, #2929, #3752 ) ;
#2398 = DIRECTION ( 'NONE',  ( -1.000000000000000000, 0.000000000000000000, 1.971276677246380640E-16 ) ) ;
#2399 = VERTEX_POINT ( 'NONE', #104 ) ;
#2400 = EDGE_CURVE ( 'NONE', #4066, #10480, #1281, .T. ) ;
#2401 = PRESENTATION_STYLE_ASSIGNMENT (( #4024 ) ) ;
#2402 = CARTESIAN_POINT ( 'NONE',  ( -1.124999999999999334, 0.04999999999999969746, -2.500000000000000000 ) ) ;
#2403 = CARTESIAN_POINT ( 'NONE',  ( 2.500000000000000000, 0.2000000000000000111, -0.1250000000000000555 ) ) ;
#2404 = DIRECTION ( 'NONE',  ( 0.000000000000000000, 0.000000000000000000, 1.000000000000000000 ) ) ;
#2405 = VERTEX_POINT ( 'NONE', #9498 ) ;
#2406 = FACE_OUTER_BOUND ( 'NONE', #1430, .T. ) ;
#2407 = EDGE_CURVE ( 'NONE', #10380, #7591, #4013, .T. ) ;
#2408 = EDGE_CURVE ( 'NONE', #6861, #3830, #10761, .T. ) ;
#2409 = CIRCLE ( 'NONE', #8816, 0.1249999999999996808 ) ;
#2410 = PLANE ( 'NONE',  #9676 ) ;
#2411 = CARTESIAN_POINT ( 'NONE',  ( -2.499999999999999556, -7.071067811865474617, 2.500000000000000000 ) ) ;
#2412 = ORIENTED_EDGE ( 'NONE', *, *, #2739, .F. ) ;
#2413 = EDGE_CURVE ( 'NONE', #7996, #6332, #2172, .T. ) ;
#2414 = LINE ( 'NONE', #9381, #8093 ) ;
#2416 = DIRECTION ( 'NONE',  ( 0.000000000000000000, 0.000000000000000000, -1.000000000000000000 ) ) ;
#2415 = UNCERTAINTY_MEASURE_WITH_UNIT (LENGTH_MEASURE( 1.000000000000000082E-05 ), #7645, 'distance_accuracy_value', 'NONE');
#2417 = CARTESIAN_POINT ( 'NONE',  ( -2.499999999999968470, 0.2000000000000000111, 1.125000000000000222 ) ) ;
#2418 = ORIENTED_EDGE ( 'NONE', *, *, #5294, .T. ) ;
#2419 =( LENGTH_UNIT ( ) NAMED_UNIT ( * ) SI_UNIT ( .MILLI., .METRE. ) );
#2420 = ORIENTED_EDGE ( 'NONE', *, *, #883, .T. ) ;
#2421 = ORIENTED_EDGE ( 'NONE', *, *, #7282, .F. ) ;
#2422 = VERTEX_POINT ( 'NONE', #9846 ) ;
#2423 = EDGE_CURVE ( 'NONE', #8079, #5614, #5556, .T. ) ;
#2424 = ORIENTED_EDGE ( 'NONE', *, *, #5582, .F. ) ;
#2425 = DIRECTION ( 'NONE',  ( -1.000000000000000000, 0.000000000000000000, 0.000000000000000000 ) ) ;
#2426 = LINE ( 'NONE', #10312, #114 ) ;
#2427 = EDGE_CURVE ( 'NONE', #9181, #9644, #3036, .T. ) ;
#2428 = VERTEX_POINT ( 'NONE', #1187 ) ;
#2429 = EDGE_CURVE ( 'NONE', #7897, #184, #8938, .T. ) ;
#2430 = CARTESIAN_POINT ( 'NONE',  ( 2.500000000000000000, 0.2000000000000000111, 1.374999999999999778 ) ) ;
#2431 = CARTESIAN_POINT ( 'NONE',  ( -1.124999999999999334, 0.2000000000000000111, -2.500000000000000000 ) ) ;
#2433 = FACE_OUTER_BOUND ( 'NONE', #6147, .T. ) ;
#2432 = PRODUCT_DEFINITION_CONTEXT ( 'detailed design', #1892, 'design' ) ;
#2434 = DIRECTION ( 'NONE',  ( -1.000000000000000000, 0.000000000000000000, 1.971276677246380887E-16 ) ) ;
#2435 = EDGE_CURVE ( 'NONE', #6553, #2533, #6410, .T. ) ;
#2436 = ORIENTED_EDGE ( 'NONE', *, *, #2423, .T. ) ;
#2437 = LINE ( 'NONE', #9034, #10826 ) ;
#2438 = DIRECTION ( 'NONE',  ( 1.000000000000000000, 0.000000000000000000, 0.000000000000000000 ) ) ;
#2439 = ORIENTED_EDGE ( 'NONE', *, *, #9559, .F. ) ;
#2440 = PRESENTATION_STYLE_ASSIGNMENT (( #4118 ) ) ;
#2441 = EDGE_LOOP ( 'NONE', ( #2105, #9960, #158, #2850 ) ) ;
#2442 = EDGE_LOOP ( 'NONE', ( #4777, #6248, #10683, #11256 ) ) ;
#2443 = VECTOR ( 'NONE', #9980, 1000.000000000000000 ) ;
#2444 = DIRECTION ( 'NONE',  ( 0.000000000000000000, -0.000000000000000000, 1.000000000000000000 ) ) ;
#2445 = CARTESIAN_POINT ( 'NONE',  ( -1.649999999999998801, 0.2000000000000000111, 1.799999999999999822 ) ) ;
#2446 = EDGE_LOOP ( 'NONE', ( #7090, #3004, #4390, #3849 ) ) ;
#2447 = CARTESIAN_POINT ( 'NONE',  ( -2.224999999999995648, 0.04999999999999999584, -1.250000000000000000 ) ) ;
#2448 = LINE ( 'NONE', #10914, #893 ) ;
#2449 = ADVANCED_FACE ( 'NONE', ( #8148 ), #10009, .F. ) ;
#2450 = VERTEX_POINT ( 'NONE', #440 ) ;
#2451 = AXIS2_PLACEMENT_3D ( 'NONE', #2541, #9577, #5129 ) ;
#2452 = VERTEX_POINT ( 'NONE', #4775 ) ;
#2453 = CARTESIAN_POINT ( 'NONE',  ( 2.224999999999996092, 0.000000000000000000, 1.125000000000000222 ) ) ;
#2454 = AXIS2_PLACEMENT_3D ( 'NONE', #6956, #5914, #8498 ) ;
#2455 = SURFACE_SIDE_STYLE ('',( #4082 ) ) ;
#2456 = DIRECTION ( 'NONE',  ( 0.000000000000000000, 0.000000000000000000, -1.000000000000000000 ) ) ;
#2457 = ORIENTED_EDGE ( 'NONE', *, *, #1542, .F. ) ;
#2458 = ADVANCED_FACE ( 'NONE', ( #7183 ), #2176, .T. ) ;
#2459 = CARTESIAN_POINT ( 'NONE',  ( 0.6250000000000004441, 0.2000000000000000111, -2.500000000000000000 ) ) ;
#2460 = CARTESIAN_POINT ( 'NONE',  ( -0.6249999999999996669, 0.2000000000000000111, 2.499999999999999556 ) ) ;
#2461 = DIRECTION ( 'NONE',  ( -0.000000000000000000, -1.000000000000000000, -0.000000000000000000 ) ) ;
#2462 = VERTEX_POINT ( 'NONE', #3915 ) ;
#2463 = LINE ( 'NONE', #11162, #2584 ) ;
#2464 = DIRECTION ( 'NONE',  ( 0.000000000000000000, -1.000000000000000000, 0.000000000000000000 ) ) ;
#2465 = EDGE_CURVE ( 'NONE', #6136, #5736, #7346, .T. ) ;
#2466 = EDGE_CURVE ( 'NONE', #9910, #1773, #5290, .T. ) ;
#2467 = DIRECTION ( 'NONE',  ( -1.000000000000000000, 0.000000000000000000, -0.000000000000000000 ) ) ;
#2468 = ORIENTED_EDGE ( 'NONE', *, *, #4817, .F. ) ;
#2469 = CARTESIAN_POINT ( 'NONE',  ( -0.8749999999999993339, 0.2000000000000000111, -2.500000000000000000 ) ) ;
#2470 = DIRECTION ( 'NONE',  ( 0.000000000000000000, 0.000000000000000000, -1.000000000000000000 ) ) ;
#2471 = FACE_OUTER_BOUND ( 'NONE', #11052, .T. ) ;
#2472 = EDGE_LOOP ( 'NONE', ( #2585, #9528, #5815, #10644 ) ) ;
#2473 = CARTESIAN_POINT ( 'NONE',  ( -2.499999999999994227, 0.2000000000000000111, -1.125000000000000222 ) ) ;
#2474 = ORIENTED_EDGE ( 'NONE', *, *, #8432, .T. ) ;
#2475 = ORIENTED_EDGE ( 'NONE', *, *, #6202, .F. ) ;
#2476 = CARTESIAN_POINT ( 'NONE',  ( -0.6249999999999996669, 0.04999999999999969746, -2.500000000000000000 ) ) ;
#2477 = ADVANCED_FACE ( 'NONE', ( #10708 ), #4715, .T. ) ;
#2478 = DIRECTION ( 'NONE',  ( 0.000000000000000000, 0.000000000000000000, -1.000000000000000000 ) ) ;
#2479 = DIRECTION ( 'NONE',  ( -0.000000000000000000, 0.000000000000000000, -1.000000000000000000 ) ) ;
#2480 = DIRECTION ( 'NONE',  ( -0.000000000000000000, -0.000000000000000000, 1.000000000000000000 ) ) ;
#2481 = VECTOR ( 'NONE', #2329, 1000.000000000000000 ) ;
#2482 = CARTESIAN_POINT ( 'NONE',  ( -1.374999999999999334, 0.2000000000000000111, 2.500000000000000000 ) ) ;
#2483 = VERTEX_POINT ( 'NONE', #1967 ) ;
#2484 = LINE ( 'NONE', #3597, #1155 ) ;
#2485 = LINE ( 'NONE', #2431, #1819 ) ;
#2486 = DIRECTION ( 'NONE',  ( 0.000000000000000000, 0.000000000000000000, -1.000000000000000000 ) ) ;
#2487 = CARTESIAN_POINT ( 'NONE',  ( -2.499999999999968470, 0.2000000000000000111, 1.375000000000000000 ) ) ;
#2488 = ORIENTED_EDGE ( 'NONE', *, *, #7580, .F. ) ;
#2489 = DIRECTION ( 'NONE',  ( 0.000000000000000000, 1.000000000000000000, -0.000000000000000000 ) ) ;
#2490 = ORIENTED_EDGE ( 'NONE', *, *, #9417, .T. ) ;
#2491 =( NAMED_UNIT ( * ) SI_UNIT ( $, .STERADIAN. ) SOLID_ANGLE_UNIT ( ) );
#2492 = ORIENTED_EDGE ( 'NONE', *, *, #10181, .F. ) ;
#2493 = ORIENTED_EDGE ( 'NONE', *, *, #4784, .T. ) ;
#2494 = AXIS2_PLACEMENT_3D ( 'NONE', #2077, #7293, #4675 ) ;
#2495 = EDGE_CURVE ( 'NONE', #10098, #3035, #6353, .T. ) ;
#2496 = EDGE_CURVE ( 'NONE', #75, #9092, #9039, .T. ) ;
#2497 = EDGE_CURVE ( 'NONE', #7614, #10905, #6927, .T. ) ;
#2498 =( LENGTH_UNIT ( ) NAMED_UNIT ( * ) SI_UNIT ( .MILLI., .METRE. ) );
#2499 = CARTESIAN_POINT ( 'NONE',  ( 1.374999999999999778, 0.05000000000000000278, 0.000000000000000000 ) ) ;
#2500 = VECTOR ( 'NONE', #8065, 1000.000000000000000 ) ;
#2501 = ORIENTED_EDGE ( 'NONE', *, *, #3045, .F. ) ;
#2502 = FACE_BOUND ( 'NONE', #6756, .T. ) ;
#2503 = LINE ( 'NONE', #10464, #10152 ) ;
#2504 = VECTOR ( 'NONE', #7806, 1000.000000000000000 ) ;
#2505 = VERTEX_POINT ( 'NONE', #8102 ) ;
#2506 = ORIENTED_EDGE ( 'NONE', *, *, #4880, .T. ) ;
#2507 = EDGE_LOOP ( 'NONE', ( #1272, #1021, #6824, #8610 ) ) ;
#2508 = CARTESIAN_POINT ( 'NONE',  ( 1.125000000000000444, 0.000000000000000000, -2.225000000000001421 ) ) ;
#2509 = VECTOR ( 'NONE', #1746, 1000.000000000000000 ) ;
#2510 = EDGE_CURVE ( 'NONE', #1476, #1890, #3697, .T. ) ;
#2511 = EDGE_CURVE ( 'NONE', #2156, #4593, #2831, .T. ) ;
#2512 = CARTESIAN_POINT ( 'NONE',  ( -1.374999999999999112, 0.2000000000000000111, -2.225000000000001421 ) ) ;
#2513 = DIRECTION ( 'NONE',  ( -0.000000000000000000, 1.000000000000000000, -0.000000000000000000 ) ) ;
#2514 = ORIENTED_EDGE ( 'NONE', *, *, #957, .F. ) ;
#2515 = CARTESIAN_POINT ( 'NONE',  ( -1.800000000000000044, 0.2000000000000000111, -1.424999999999999822 ) ) ;
#2516 = AXIS2_PLACEMENT_3D ( 'NONE', #4546, #9992, #4605 ) ;
#2517 = DIRECTION ( 'NONE',  ( -0.000000000000000000, -1.000000000000000000, -0.000000000000000000 ) ) ;
#2518 = CARTESIAN_POINT ( 'NONE',  ( -2.225000000000000977, 0.000000000000000000, -1.750000000000000000 ) ) ;
#2519 = FACE_OUTER_BOUND ( 'NONE', #2149, .T. ) ;
#2520 = VECTOR ( 'NONE', #4799, 1000.000000000000000 ) ;
#2521 = ORIENTED_EDGE ( 'NONE', *, *, #5847, .T. ) ;
#2522 = EDGE_CURVE ( 'NONE', #5925, #128, #2020, .T. ) ;
#2523 = VECTOR ( 'NONE', #2083, 1000.000000000000000 ) ;
#2524 = CARTESIAN_POINT ( 'NONE',  ( -1.374999999999999112, 0.000000000000000000, -2.225000000000001421 ) ) ;
#2525 = VERTEX_POINT ( 'NONE', #2341 ) ;
#2526 = CARTESIAN_POINT ( 'NONE',  ( 2.500000000000000000, 0.2000000000000000111, 0.6249999999999998890 ) ) ;
#2527 = DIRECTION ( 'NONE',  ( 0.000000000000000000, 1.000000000000000000, -0.000000000000000000 ) ) ;
#2528 = DIRECTION ( 'NONE',  ( 0.000000000000000000, -0.000000000000000000, -1.000000000000000000 ) ) ;
#2529 = DIRECTION ( 'NONE',  ( 7.885106708985523547E-16, -0.000000000000000000, 1.000000000000000000 ) ) ;
#2530 = VERTEX_POINT ( 'NONE', #8303 ) ;
#2531 = VECTOR ( 'NONE', #11153, 1000.000000000000000 ) ;
#2532 = ORIENTED_EDGE ( 'NONE', *, *, #7640, .F. ) ;
#2533 = VERTEX_POINT ( 'NONE', #3203 ) ;
#2534 = CARTESIAN_POINT ( 'NONE',  ( 1.375000000000000000, 0.2000000000000000111, -2.500000000000000000 ) ) ;
#2535 = VECTOR ( 'NONE', #2398, 1000.000000000000000 ) ;
#2536 = ADVANCED_FACE ( 'NONE', ( #5824 ), #3263, .T. ) ;
#2537 = VECTOR ( 'NONE', #8569, 1000.000000000000000 ) ;
#2538 = VECTOR ( 'NONE', #718, 1000.000000000000000 ) ;
#2539 = CARTESIAN_POINT ( 'NONE',  ( -2.499999999999984013, 0.2000000000000000111, -0.1250000000000001110 ) ) ;
#2540 = CARTESIAN_POINT ( 'NONE',  ( -1.800000000000000044, 0.000000000000000000, -1.424999999999999822 ) ) ;
#2541 = CARTESIAN_POINT ( 'NONE',  ( 2.500000000000000000, 0.2000000000000000111, -0.1250000000000000555 ) ) ;
#2542 = AXIS2_PLACEMENT_3D ( 'NONE', #8181, #4592, #264 ) ;
#2543 = EDGE_LOOP ( 'NONE', ( #4440, #2980, #1593, #4117 ) ) ;
#2544 = LINE ( 'NONE', #1706, #598 ) ;
#2545 = CARTESIAN_POINT ( 'NONE',  ( -2.225000000000000977, 0.2000000000000000111, -1.875000000000000000 ) ) ;
#2546 = DIRECTION ( 'NONE',  ( -1.000000000000000000, 0.000000000000000000, -3.154042683594198769E-15 ) ) ;
#2547 = CARTESIAN_POINT ( 'NONE',  ( -1.800000000000000044, 0.2000000000000000111, -1.649999999999998801 ) ) ;
#2548 = ORIENTED_EDGE ( 'NONE', *, *, #6509, .F. ) ;
#2549 = LINE ( 'NONE', #1885, #6254 ) ;
#2550 = LINE ( 'NONE', #8735, #5647 ) ;
#2551 = ORIENTED_EDGE ( 'NONE', *, *, #8595, .F. ) ;
#2552 = DIRECTION ( 'NONE',  ( 0.000000000000000000, 0.000000000000000000, -1.000000000000000000 ) ) ;
#2553 = EDGE_CURVE ( 'NONE', #7657, #848, #7308, .T. ) ;
#2554 = VERTEX_POINT ( 'NONE', #8689 ) ;
#2555 = ORIENTED_EDGE ( 'NONE', *, *, #1895, .F. ) ;
#2556 = AXIS2_PLACEMENT_3D ( 'NONE', #2950, #7244, #10718 ) ;
#2557 = VECTOR ( 'NONE', #4121, 1000.000000000000000 ) ;
#2558 = EDGE_CURVE ( 'NONE', #7990, #3344, #10465, .T. ) ;
#2559 = EDGE_CURVE ( 'NONE', #5589, #2621, #10170, .T. ) ;
#2560 = LINE ( 'NONE', #8683, #2537 ) ;
#2561 = DIRECTION ( 'NONE',  ( 0.000000000000000000, 0.000000000000000000, 1.000000000000000000 ) ) ;
#2562 = ORIENTED_EDGE ( 'NONE', *, *, #2334, .T. ) ;
#2563 = CARTESIAN_POINT ( 'NONE',  ( 0.2500000000000002776, 0.04999999999999999584, 2.099999999999980549 ) ) ;
#2564 = DIRECTION ( 'NONE',  ( 1.000000000000000000, -0.000000000000000000, 0.000000000000000000 ) ) ;
#2565 = COLOUR_RGB ( '',0.7921568627450980005, 0.8196078431372548767, 0.9333333333333333481 ) ;
#2566 = VERTEX_POINT ( 'NONE', #6982 ) ;
#2567 = EDGE_CURVE ( 'NONE', #9286, #11003, #9311, .T. ) ;
#2568 = LINE ( 'NONE', #1364, #10669 ) ;
#2569 = VECTOR ( 'NONE', #10913, 1000.000000000000000 ) ;
#2570 = VECTOR ( 'NONE', #5111, 1000.000000000000000 ) ;
#2571 = LINE ( 'NONE', #1013, #747 ) ;
#2572 = CARTESIAN_POINT ( 'NONE',  ( 2.224999999999996092, 0.2000000000000000111, 1.125000000000000222 ) ) ;
#2573 = ORIENTED_EDGE ( 'NONE', *, *, #1436, .T. ) ;
#2574 = FACE_OUTER_BOUND ( 'NONE', #9632, .T. ) ;
#2575 = VECTOR ( 'NONE', #8625, 1000.000000000000000 ) ;
#2576 = VECTOR ( 'NONE', #1041, 1000.000000000000000 ) ;
#2577 = ORIENTED_EDGE ( 'NONE', *, *, #5648, .F. ) ;
#2578 = EDGE_CURVE ( 'NONE', #3922, #728, #9157, .T. ) ;
#2579 = DIRECTION ( 'NONE',  ( -7.885106708985523547E-16, 0.000000000000000000, -1.000000000000000000 ) ) ;
#2580 = PLANE ( 'NONE',  #8268 ) ;
#2581 = EDGE_CURVE ( 'NONE', #3830, #8609, #7572, .T. ) ;
#2582 = FACE_OUTER_BOUND ( 'NONE', #6994, .T. ) ;
#2583 = EDGE_CURVE ( 'NONE', #6657, #5246, #4022, .T. ) ;
#2584 = VECTOR ( 'NONE', #3448, 1000.000000000000000 ) ;
#2585 = ORIENTED_EDGE ( 'NONE', *, *, #2203, .T. ) ;
#2586 = LINE ( 'NONE', #10351, #4433 ) ;
#2587 = AXIS2_PLACEMENT_3D ( 'NONE', #8885, #7064, #6076 ) ;
#2588 = AXIS2_PLACEMENT_3D ( 'NONE', #2775, #8044, #6412 ) ;
#2589 = PLANE ( 'NONE',  #6917 ) ;
#2590 = ORIENTED_EDGE ( 'NONE', *, *, #10392, .T. ) ;
#2591 =( NAMED_UNIT ( * ) SI_UNIT ( $, .STERADIAN. ) SOLID_ANGLE_UNIT ( ) );
#2592 = LINE ( 'NONE', #7757, #3708 ) ;
#2593 = DIRECTION ( 'NONE',  ( 0.000000000000000000, 0.000000000000000000, -1.000000000000000000 ) ) ;
#2594 = PLANE ( 'NONE',  #2702 ) ;
#2595 = EDGE_CURVE ( 'NONE', #5238, #2037, #608, .T. ) ;
#2596 = AXIS2_PLACEMENT_3D ( 'NONE', #4829, #665, #2237 ) ;
#2597 = ORIENTED_EDGE ( 'NONE', *, *, #3734, .T. ) ;
#2598 = VECTOR ( 'NONE', #10812, 1000.000000000000000 ) ;
#2599 =( NAMED_UNIT ( * ) SI_UNIT ( $, .STERADIAN. ) SOLID_ANGLE_UNIT ( ) );
#2600 = ORIENTED_EDGE ( 'NONE', *, *, #2283, .T. ) ;
#2601 = VERTEX_POINT ( 'NONE', #28 ) ;
#2602 = CARTESIAN_POINT ( 'NONE',  ( -2.224999999999985434, 0.000000000000000000, -0.3749999999999998890 ) ) ;
#2603 = ORIENTED_EDGE ( 'NONE', *, *, #943, .T. ) ;
#2604 = VERTEX_POINT ( 'NONE', #4990 ) ;
#2605 = CIRCLE ( 'NONE', #8463, 0.1250000000000001110 ) ;
#2606 = DIRECTION ( 'NONE',  ( 1.000000000000000000, 0.000000000000000000, 0.000000000000000000 ) ) ;
#2607 = DIRECTION ( 'NONE',  ( 0.000000000000000000, -1.000000000000000000, 0.000000000000000000 ) ) ;
#2608 = CARTESIAN_POINT ( 'NONE',  ( 1.250000000000000222, 0.2000000000000000111, -2.224999999999996092 ) ) ;
#2609 = CARTESIAN_POINT ( 'NONE',  ( 2.500000000000000000, 0.2000000000000000111, -0.1250000000000000555 ) ) ;
#2610 = ORIENTED_EDGE ( 'NONE', *, *, #7485, .F. ) ;
#2611 = LINE ( 'NONE', #8619, #10435 ) ;
#2612 = CARTESIAN_POINT ( 'NONE',  ( 1.875000000000000000, 0.000000000000000000, -2.500000000000000000 ) ) ;
#2613 = CARTESIAN_POINT ( 'NONE',  ( 0.3750000000000003331, 0.2000000000000000111, -2.225000000000001421 ) ) ;
#2614 = DIRECTION ( 'NONE',  ( 0.000000000000000000, 0.000000000000000000, -1.000000000000000000 ) ) ;
#2615 = VERTEX_POINT ( 'NONE', #10233 ) ;
#2616 = LINE ( 'NONE', #6096, #9911 ) ;
#2617 = PLANE ( 'NONE',  #366 ) ;
#2618 = EDGE_LOOP ( 'NONE', ( #11113, #10326, #7216, #3668 ) ) ;
#2619 = LINE ( 'NONE', #7895, #9833 ) ;
#2620 = ORIENTED_EDGE ( 'NONE', *, *, #9691, .T. ) ;
#2621 = VERTEX_POINT ( 'NONE', #890 ) ;
#2622 = EDGE_LOOP ( 'NONE', ( #150, #7014, #1926, #4366, #3430 ) ) ;
#2623 = CARTESIAN_POINT ( 'NONE',  ( -2.499999999999999556, 0.000000000000000000, -1.875000000000000000 ) ) ;
#2624 = DIRECTION ( 'NONE',  ( 0.000000000000000000, -1.000000000000000000, 0.000000000000000000 ) ) ;
#2625 = ORIENTED_EDGE ( 'NONE', *, *, #10642, .F. ) ;
#2626 = DIRECTION ( 'NONE',  ( -1.000000000000000000, 0.000000000000000000, 9.856383386231903201E-17 ) ) ;
#2627 = CARTESIAN_POINT ( 'NONE',  ( -1.624999999999999334, 0.2000000000000000111, -2.225000000000001421 ) ) ;
#2628 = ORIENTED_EDGE ( 'NONE', *, *, #1793, .T. ) ;
#2629 = EDGE_CURVE ( 'NONE', #9236, #5216, #1723, .T. ) ;
#2630 = LINE ( 'NONE', #6110, #7310 ) ;
#2631 = ORIENTED_EDGE ( 'NONE', *, *, #5170, .T. ) ;
#2632 = VECTOR ( 'NONE', #3910, 1000.000000000000000 ) ;
#2633 = EDGE_CURVE ( 'NONE', #2422, #7156, #8474, .T. ) ;
#2634 = DIRECTION ( 'NONE',  ( 0.000000000000000000, 1.000000000000000000, 0.000000000000000000 ) ) ;
#2635 = CARTESIAN_POINT ( 'NONE',  ( 2.224999999999985878, 0.2000000000000000111, 0.1250000000000002220 ) ) ;
#2636 = ORIENTED_EDGE ( 'NONE', *, *, #2583, .T. ) ;
#2637 = VECTOR ( 'NONE', #8451, 1000.000000000000000 ) ;
#2638 = DIRECTION ( 'NONE',  ( 0.000000000000000000, -1.000000000000000000, 0.000000000000000000 ) ) ;
#2639 = EDGE_CURVE ( 'NONE', #8149, #680, #4827, .T. ) ;
#2640 = PLANE ( 'NONE',  #5871 ) ;
#2641 = DIRECTION ( 'NONE',  ( -0.000000000000000000, -1.000000000000000000, -0.000000000000000000 ) ) ;
#2642 = PLANE ( 'NONE',  #186 ) ;
#2643 = ORIENTED_EDGE ( 'NONE', *, *, #9002, .T. ) ;
#2644 = DIRECTION ( 'NONE',  ( 0.000000000000000000, -1.000000000000000000, 0.000000000000000000 ) ) ;
#2645 = AXIS2_PLACEMENT_3D ( 'NONE', #9605, #7921, #6995 ) ;
#2646 = EDGE_CURVE ( 'NONE', #2177, #10221, #9540, .T. ) ;
#2647 = EDGE_CURVE ( 'NONE', #3761, #5906, #7621, .T. ) ;
#2648 = EDGE_CURVE ( 'NONE', #6795, #6579, #5468, .T. ) ;
#2649 = DIRECTION ( 'NONE',  ( 0.000000000000000000, -0.000000000000000000, -1.000000000000000000 ) ) ;
#2650 = ORIENTED_EDGE ( 'NONE', *, *, #2435, .T. ) ;
#2651 = CARTESIAN_POINT ( 'NONE',  ( 2.500000000000000000, 0.2000000000000000111, -0.8749999999999998890 ) ) ;
#2652 = DIRECTION ( 'NONE',  ( 1.000000000000000000, 0.000000000000000000, -0.000000000000000000 ) ) ;
#2653 = CARTESIAN_POINT ( 'NONE',  ( -2.499999999999963141, 0.000000000000000000, 1.875000000000000000 ) ) ;
#2654 = ORIENTED_EDGE ( 'NONE', *, *, #8186, .F. ) ;
#2655 = CARTESIAN_POINT ( 'NONE',  ( -1.249999999999999112, 0.000000000000000000, -2.224999999999969891 ) ) ;
#2656 = CARTESIAN_POINT ( 'NONE',  ( 2.225000000000001421, 0.2000000000000000111, 1.625000000000000000 ) ) ;
#2657 = VERTEX_POINT ( 'NONE', #3097 ) ;
#2658 = DIRECTION ( 'NONE',  ( 0.000000000000000000, 0.000000000000000000, -1.000000000000000000 ) ) ;
#2659 = ORIENTED_EDGE ( 'NONE', *, *, #9037, .T. ) ;
#2660 = ADVANCED_FACE ( 'NONE', ( #1387 ), #6577, .F. ) ;
#2661 = AXIS2_PLACEMENT_3D ( 'NONE', #8270, #9110, #2190 ) ;
#2662 = EDGE_CURVE ( 'NONE', #272, #8690, #3157, .T. ) ;
#2663 = DIRECTION ( 'NONE',  ( 0.000000000000000000, 0.000000000000000000, 1.000000000000000000 ) ) ;
#2664 = FACE_OUTER_BOUND ( 'NONE', #979, .T. ) ;
#2665 = CARTESIAN_POINT ( 'NONE',  ( -1.800000000000000044, 0.2000000000000000111, -1.300000000000000044 ) ) ;
#2666 = LINE ( 'NONE', #6089, #4233 ) ;
#2667 = VERTEX_POINT ( 'NONE', #8806 ) ;
#2668 = DIRECTION ( 'NONE',  ( 0.000000000000000000, -0.000000000000000000, -1.000000000000000000 ) ) ;
#2669 = DIRECTION ( 'NONE',  ( 0.000000000000000000, 0.000000000000000000, 1.000000000000000000 ) ) ;
#2671 = DIRECTION ( 'NONE',  ( -1.000000000000000000, 0.000000000000000000, 0.000000000000000000 ) ) ;
#2670 = UNCERTAINTY_MEASURE_WITH_UNIT (LENGTH_MEASURE( 1.000000000000000082E-05 ), #6220, 'distance_accuracy_value', 'NONE');
#2672 = CARTESIAN_POINT ( 'NONE',  ( 2.500000000000000444, 0.2000000000000000111, 1.874999999999999778 ) ) ;
#2673 = ORIENTED_EDGE ( 'NONE', *, *, #10816, .F. ) ;
#2674 = SURFACE_STYLE_USAGE ( .BOTH. , #3603 ) ;
#2675 = DIRECTION ( 'NONE',  ( -1.000000000000000000, -0.000000000000000000, -0.000000000000000000 ) ) ;
#2676 = ORIENTED_EDGE ( 'NONE', *, *, #1023, .T. ) ;
#2677 = CARTESIAN_POINT ( 'NONE',  ( 2.224999999999969891, 0.2000000000000000111, -1.249999999999999334 ) ) ;
#2678 = EDGE_LOOP ( 'NONE', ( #8508, #7890, #9998, #11170 ) ) ;
#2679 = EDGE_CURVE ( 'NONE', #9320, #7727, #3613, .T. ) ;
#2680 = LINE ( 'NONE', #9647, #10025 ) ;
#2681 = ORIENTED_EDGE ( 'NONE', *, *, #1265, .F. ) ;
#2682 = DIRECTION ( 'NONE',  ( 0.000000000000000000, -1.000000000000000000, 0.000000000000000000 ) ) ;
#2683 = LINE ( 'NONE', #7964, #2689 ) ;
#2684 = PRODUCT ( 'NRF24LE1-F16Q32-R', 'NRF24LE1-F16Q32-R', '', ( #3310 ) ) ;
#2685 = FACE_OUTER_BOUND ( 'NONE', #11238, .T. ) ;
#2686 = ORIENTED_EDGE ( 'NONE', *, *, #9713, .F. ) ;
#2687 = LINE ( 'NONE', #10175, #3262 ) ;
#2688 = ORIENTED_EDGE ( 'NONE', *, *, #10733, .F. ) ;
#2689 = VECTOR ( 'NONE', #2564, 1000.000000000000000 ) ;
#2690 = ADVANCED_FACE ( 'NONE', ( #2685 ), #9596, .T. ) ;
#2691 = VECTOR ( 'NONE', #2374, 1000.000000000000000 ) ;
#2692 = DIRECTION ( 'NONE',  ( 0.000000000000000000, 0.000000000000000000, 1.000000000000000000 ) ) ;
#2693 = CARTESIAN_POINT ( 'NONE',  ( -1.624999999999999334, 0.2000000000000000111, -2.225000000000001421 ) ) ;
#2694 = ORIENTED_EDGE ( 'NONE', *, *, #4052, .F. ) ;
#2695 = CARTESIAN_POINT ( 'NONE',  ( -2.224999999999964562, 0.2000000000000000111, 1.625000000000000222 ) ) ;
#2696 = DIRECTION ( 'NONE',  ( 0.000000000000000000, 0.000000000000000000, -1.000000000000000000 ) ) ;
#2697 = ORIENTED_EDGE ( 'NONE', *, *, #6825, .T. ) ;
#2698 = CARTESIAN_POINT ( 'NONE',  ( -0.2499999999999997224, 0.2000000000000000111, 2.224999999999985434 ) ) ;
#2699 = CARTESIAN_POINT ( 'NONE',  ( 0.3750000000000003331, 0.05000000000000000278, 0.000000000000000000 ) ) ;
#2700 = DIRECTION ( 'NONE',  ( -0.000000000000000000, -1.000000000000000000, -0.000000000000000000 ) ) ;
#2701 = ORIENTED_EDGE ( 'NONE', *, *, #4239, .F. ) ;
#2702 = AXIS2_PLACEMENT_3D ( 'NONE', #737, #9619, #6828 ) ;
#2703 = CARTESIAN_POINT ( 'NONE',  ( -0.8749999999999994449, 0.000000000000000000, 2.499999999999999556 ) ) ;
#2704 = EDGE_CURVE ( 'NONE', #4272, #836, #10643, .T. ) ;
#2705 = CIRCLE ( 'NONE', #1974, 0.1250000000000001110 ) ;
#2706 = EDGE_CURVE ( 'NONE', #5988, #1824, #3676, .T. ) ;
#2707 = AXIS2_PLACEMENT_3D ( 'NONE', #10530, #2700, #1321 ) ;
#2708 = CARTESIAN_POINT ( 'NONE',  ( 0.7500000000000002220, 0.04999999999999999584, 2.224999999999974776 ) ) ;
#2709 = ORIENTED_EDGE ( 'NONE', *, *, #4315, .F. ) ;
#2710 =( LENGTH_UNIT ( ) NAMED_UNIT ( * ) SI_UNIT ( .MILLI., .METRE. ) );
#2711 = LINE ( 'NONE', #6305, #2394 ) ;
#2712 = LINE ( 'NONE', #1800, #11117 ) ;
#2713 = CARTESIAN_POINT ( 'NONE',  ( -1.800000000000000044, 0.000000000000000000, -1.175000000000000044 ) ) ;
#2714 = EDGE_LOOP ( 'NONE', ( #8012, #9351, #38, #1246 ) ) ;
#2715 = DIRECTION ( 'NONE',  ( -0.000000000000000000, -1.000000000000000000, -0.000000000000000000 ) ) ;
#2716 = ORIENTED_EDGE ( 'NONE', *, *, #10257, .T. ) ;
#2717 = DIRECTION ( 'NONE',  ( 0.000000000000000000, 0.000000000000000000, 1.000000000000000000 ) ) ;
#2718 = ORIENTED_EDGE ( 'NONE', *, *, #8053, .T. ) ;
#2719 = EDGE_CURVE ( 'NONE', #3474, #7756, #8019, .T. ) ;
#2720 = EDGE_CURVE ( 'NONE', #3862, #7967, #4475, .T. ) ;
#2721 = MECHANICAL_DESIGN_GEOMETRIC_PRESENTATION_REPRESENTATION (  '', ( #8033 ), #1624 ) ;
#2722 = VECTOR ( 'NONE', #6793, 1000.000000000000000 ) ;
#2723 = AXIS2_PLACEMENT_3D ( 'NONE', #8620, #9519, #8671 ) ;
#2724 = CARTESIAN_POINT ( 'NONE',  ( -0.7499999999999994449, 0.2000000000000000111, -2.224999999999975220 ) ) ;
#2725 = DIRECTION ( 'NONE',  ( 0.000000000000000000, -0.000000000000000000, -1.000000000000000000 ) ) ;
#2726 = FACE_OUTER_BOUND ( 'NONE', #5455, .T. ) ;
#2727 = LINE ( 'NONE', #7198, #8414 ) ;
#2728 = AXIS2_PLACEMENT_3D ( 'NONE', #8070, #251, #2851 ) ;
#2729 = ORIENTED_EDGE ( 'NONE', *, *, #7282, .T. ) ;
#2730 = DIRECTION ( 'NONE',  ( 0.000000000000000000, -1.000000000000000000, 0.000000000000000000 ) ) ;
#2731 = LINE ( 'NONE', #3414, #1991 ) ;
#2732 = DIRECTION ( 'NONE',  ( -1.000000000000000000, 0.000000000000000000, 0.000000000000000000 ) ) ;
#2733 = LINE ( 'NONE', #1882, #3972 ) ;
#2734 = CIRCLE ( 'NONE', #746, 0.1249999999999998890 ) ;
#2735 = ORIENTED_EDGE ( 'NONE', *, *, #2558, .F. ) ;
#2736 = FACE_OUTER_BOUND ( 'NONE', #9386, .T. ) ;
#2737 = ORIENTED_EDGE ( 'NONE', *, *, #10696, .T. ) ;
#2738 =( LENGTH_UNIT ( ) NAMED_UNIT ( * ) SI_UNIT ( .MILLI., .METRE. ) );
#2739 = EDGE_CURVE ( 'NONE', #9242, #5925, #6282, .T. ) ;
#2740 = EDGE_CURVE ( 'NONE', #9458, #6808, #6161, .T. ) ;
#2741 = EDGE_CURVE ( 'NONE', #10966, #5141, #9651, .T. ) ;
#2742 = ORIENTED_EDGE ( 'NONE', *, *, #7133, .F. ) ;
#2743 = ORIENTED_EDGE ( 'NONE', *, *, #6782, .F. ) ;
#2744 = VECTOR ( 'NONE', #7784, 1000.000000000000000 ) ;
#2745 = VECTOR ( 'NONE', #11036, 1000.000000000000000 ) ;
#2746 = AXIS2_PLACEMENT_3D ( 'NONE', #11197, #6797, #1712 ) ;
#2747 = LINE ( 'NONE', #6218, #8952 ) ;
#2748 = ORIENTED_EDGE ( 'NONE', *, *, #9406, .F. ) ;
#2749 = FACE_OUTER_BOUND ( 'NONE', #1869, .T. ) ;
#2750 = DIRECTION ( 'NONE',  ( 0.000000000000000000, -0.000000000000000000, -1.000000000000000000 ) ) ;
#2751 = DIRECTION ( 'NONE',  ( 0.000000000000000000, 0.000000000000000000, -1.000000000000000000 ) ) ;
#2752 = ORIENTED_EDGE ( 'NONE', *, *, #4611, .T. ) ;
#2753 = VECTOR ( 'NONE', #10688, 1000.000000000000000 ) ;
#2754 = ORIENTED_EDGE ( 'NONE', *, *, #1482, .T. ) ;
#2755 = ADVANCED_FACE ( 'NONE', ( #7965 ), #136, .F. ) ;
#2756 = VECTOR ( 'NONE', #1674, 1000.000000000000000 ) ;
#2757 = CIRCLE ( 'NONE', #5489, 0.1499999999999999667 ) ;
#2758 = CIRCLE ( 'NONE', #3488, 0.1499999999999999667 ) ;
#2759 = CARTESIAN_POINT ( 'NONE',  ( -0.1249999999999994033, 0.05000000000000000278, 1.232047923278982199E-17 ) ) ;
#2760 = LINE ( 'NONE', #5264, #10039 ) ;
#2761 = ORIENTED_EDGE ( 'NONE', *, *, #11203, .T. ) ;
#2762 = LINE ( 'NONE', #1626, #2366 ) ;
#2763 = CARTESIAN_POINT ( 'NONE',  ( 0.3750000000000001665, 0.2000000000000000111, 2.499999999999999556 ) ) ;
#2764 = ORIENTED_EDGE ( 'NONE', *, *, #10329, .F. ) ;
#2765 = DIRECTION ( 'NONE',  ( -1.000000000000000000, 0.000000000000000000, 0.000000000000000000 ) ) ;
#2766 = LINE ( 'NONE', #7055, #8734 ) ;
#2767 = AXIS2_PLACEMENT_3D ( 'NONE', #8467, #8343, #2276 ) ;
#2768 = EDGE_LOOP ( 'NONE', ( #4174, #8290, #10990, #1812 ) ) ;
#2769 = DIRECTION ( 'NONE',  ( 0.000000000000000000, 1.000000000000000000, -0.000000000000000000 ) ) ;
#2770 = VECTOR ( 'NONE', #4290, 1000.000000000000000 ) ;
#2771 = EDGE_CURVE ( 'NONE', #6925, #8898, #6227, .T. ) ;
#2772 = DIRECTION ( 'NONE',  ( 0.000000000000000000, 0.000000000000000000, 1.000000000000000000 ) ) ;
#2773 = EDGE_LOOP ( 'NONE', ( #9384, #2049, #2701, #1173 ) ) ;
#2774 = PRESENTATION_STYLE_ASSIGNMENT (( #6249 ) ) ;
#2775 = CARTESIAN_POINT ( 'NONE',  ( 1.649999999999999911, 0.2000000000000000111, -1.649999999999999911 ) ) ;
#2776 = CARTESIAN_POINT ( 'NONE',  ( 2.225000000000001421, 0.04999999999999999584, 0.8749999999999996669 ) ) ;
#2777 = LINE ( 'NONE', #162, #715 ) ;
#2778 = VERTEX_POINT ( 'NONE', #5376 ) ;
#2779 = EDGE_CURVE ( 'NONE', #4915, #3981, #748, .T. ) ;
#2780 = CARTESIAN_POINT ( 'NONE',  ( -1.800000000000000044, 0.000000000000000000, -1.649999999999998801 ) ) ;
#2781 = ORIENTED_EDGE ( 'NONE', *, *, #8157, .F. ) ;
#2782 = DIRECTION ( 'NONE',  ( 1.971276677246380887E-16, 0.000000000000000000, 1.000000000000000000 ) ) ;
#2783 = ORIENTED_EDGE ( 'NONE', *, *, #5536, .F. ) ;
#2784 = MECHANICAL_DESIGN_GEOMETRIC_PRESENTATION_REPRESENTATION (  '', ( #8613 ), #11165 ) ;
#2785 = AXIS2_PLACEMENT_3D ( 'NONE', #4380, #10487, #5948 ) ;
#2786 = CIRCLE ( 'NONE', #8623, 0.1250000000000001110 ) ;
#2787 = ADVANCED_FACE ( 'NONE', ( #3034 ), #6459, .F. ) ;
#2788 = ORIENTED_EDGE ( 'NONE', *, *, #7540, .F. ) ;
#2789 = DIRECTION ( 'NONE',  ( 0.000000000000000000, 0.000000000000000000, 1.000000000000000000 ) ) ;
#2790 = COLOUR_RGB ( '',0.7921568627450980005, 0.8196078431372548767, 0.9333333333333333481 ) ;
#2791 = DIRECTION ( 'NONE',  ( -1.000000000000000000, 0.000000000000000000, -0.000000000000000000 ) ) ;
#2792 = DIRECTION ( 'NONE',  ( -1.000000000000000000, 0.000000000000000000, -0.000000000000000000 ) ) ;
#2793 = VECTOR ( 'NONE', #3865, 1000.000000000000000 ) ;
#2794 = LINE ( 'NONE', #2609, #9141 ) ;
#2795 = ORIENTED_EDGE ( 'NONE', *, *, #7048, .T. ) ;
#2796 = PLANE ( 'NONE',  #6047 ) ;
#2797 = CARTESIAN_POINT ( 'NONE',  ( -1.800000000000000044, 0.2000000000000000111, -1.300000000000000044 ) ) ;
#2798 = LINE ( 'NONE', #7027, #3244 ) ;
#2799 = CARTESIAN_POINT ( 'NONE',  ( -2.499999999999973799, 0.2000000000000000111, 0.6250000000000001110 ) ) ;
#2800 = VECTOR ( 'NONE', #8298, 1000.000000000000000 ) ;
#2801 = ORIENTED_EDGE ( 'NONE', *, *, #8227, .F. ) ;
#2802 = CARTESIAN_POINT ( 'NONE',  ( -0.2499999999999997224, 0.2000000000000000111, 2.099999999999985434 ) ) ;
#2803 = CARTESIAN_POINT ( 'NONE',  ( -0.1249999999999998335, 0.2000000000000000111, 2.225000000000000977 ) ) ;
#2804 = EDGE_LOOP ( 'NONE', ( #8206, #7629, #1939, #10566 ) ) ;
#2805 = ORIENTED_EDGE ( 'NONE', *, *, #5637, .F. ) ;
#2806 =( GEOMETRIC_REPRESENTATION_CONTEXT ( 3 ) GLOBAL_UNCERTAINTY_ASSIGNED_CONTEXT ( ( #10781 ) ) GLOBAL_UNIT_ASSIGNED_CONTEXT ( ( #1679, #6119, #11220 ) ) REPRESENTATION_CONTEXT ( 'NONE', 'WORKASPACE' ) );
#2807 = VECTOR ( 'NONE', #9946, 1000.000000000000000 ) ;
#2808 = EDGE_CURVE ( 'NONE', #5671, #3520, #4867, .T. ) ;
#2809 = ADVANCED_FACE ( 'NONE', ( #6689 ), #10168, .F. ) ;
#2810 = EDGE_CURVE ( 'NONE', #8609, #10336, #8403, .T. ) ;
#2811 = DIRECTION ( 'NONE',  ( -1.000000000000000000, -0.000000000000000000, -0.000000000000000000 ) ) ;
#2812 = FACE_OUTER_BOUND ( 'NONE', #3386, .T. ) ;
#2813 = VERTEX_POINT ( 'NONE', #3913 ) ;
#2814 = CARTESIAN_POINT ( 'NONE',  ( -0.6249999999999996669, 0.2000000000000000111, 2.499999999999999556 ) ) ;
#2815 = DIRECTION ( 'NONE',  ( 0.000000000000000000, 1.000000000000000000, -0.000000000000000000 ) ) ;
#2816 = CARTESIAN_POINT ( 'NONE',  ( -1.874999999999997335, 0.05000000000000000278, 1.478457507934783668E-15 ) ) ;
#2817 = EDGE_LOOP ( 'NONE', ( #9615, #1216, #9295, #4180, #9486, #2555, #5120, #4621, #414, #6947 ) ) ;
#2818 = DIRECTION ( 'NONE',  ( 0.000000000000000000, 0.000000000000000000, 1.000000000000000000 ) ) ;
#2819 = EDGE_LOOP ( 'NONE', ( #10919, #5441, #5401, #7486 ) ) ;
#2820 = ADVANCED_FACE ( 'NONE', ( #9154 ), #9091, .F. ) ;
#2821 = LINE ( 'NONE', #4759, #3091 ) ;
#2822 = EDGE_LOOP ( 'NONE', ( #5358, #1388, #2418, #11136 ) ) ;
#2823 = LINE ( 'NONE', #4706, #6952 ) ;
#2824 = CARTESIAN_POINT ( 'NONE',  ( -1.374999999999999334, 0.2000000000000000111, 2.225000000000001421 ) ) ;
#2825 = DIRECTION ( 'NONE',  ( 0.000000000000000000, -0.000000000000000000, 1.000000000000000000 ) ) ;
#2826 = CIRCLE ( 'NONE', #9572, 0.1250000000000001110 ) ;
#2827 = DIRECTION ( 'NONE',  ( 0.000000000000000000, 0.000000000000000000, -1.000000000000000000 ) ) ;
#2828 = ORIENTED_EDGE ( 'NONE', *, *, #2924, .F. ) ;
#2829 = FACE_OUTER_BOUND ( 'NONE', #10890, .T. ) ;
#2830 = EDGE_CURVE ( 'NONE', #5743, #8202, #8764, .T. ) ;
#2831 = LINE ( 'NONE', #6301, #4389 ) ;
#2832 = ORIENTED_EDGE ( 'NONE', *, *, #6718, .F. ) ;
#2833 = LINE ( 'NONE', #7237, #987 ) ;
#2834 = CARTESIAN_POINT ( 'NONE',  ( -1.624999999999999334, 0.2000000000000000111, -2.500000000000000000 ) ) ;
#2835 = DIRECTION ( 'NONE',  ( -1.000000000000000000, 0.000000000000000000, 0.000000000000000000 ) ) ;
#2836 = EDGE_LOOP ( 'NONE', ( #3529, #3011, #1508, #3299 ) ) ;
#2837 = LINE ( 'NONE', #8892, #7723 ) ;
#2838 = ORIENTED_EDGE ( 'NONE', *, *, #3881, .F. ) ;
#2839 = AXIS2_PLACEMENT_3D ( 'NONE', #2608, #9449, #817 ) ;
#2840 = ADVANCED_FACE ( 'NONE', ( #10067 ), #10005, .T. ) ;
#2841 = DIRECTION ( 'NONE',  ( -0.000000000000000000, -1.000000000000000000, -0.000000000000000000 ) ) ;
#2842 = DIRECTION ( 'NONE',  ( -0.000000000000000000, -1.000000000000000000, -0.000000000000000000 ) ) ;
#2843 = ORIENTED_EDGE ( 'NONE', *, *, #9505, .T. ) ;
#2844 = FACE_OUTER_BOUND ( 'NONE', #11295, .T. ) ;
#2845 = CARTESIAN_POINT ( 'NONE',  ( -1.624999999999999334, 0.2000000000000000111, -2.500000000000000000 ) ) ;
#2846 = DIRECTION ( 'NONE',  ( -1.000000000000000000, 0.000000000000000000, -0.000000000000000000 ) ) ;
#2847 = ORIENTED_EDGE ( 'NONE', *, *, #8327, .T. ) ;
#2848 = PLANE ( 'NONE',  #10083 ) ;
#2849 = CARTESIAN_POINT ( 'NONE',  ( 1.375000000000000000, 0.2000000000000000111, -2.500000000000000000 ) ) ;
#2850 = ORIENTED_EDGE ( 'NONE', *, *, #6564, .T. ) ;
#2851 = DIRECTION ( 'NONE',  ( 1.000000000000000000, 0.000000000000000000, -0.000000000000000000 ) ) ;
#2852 = ORIENTED_EDGE ( 'NONE', *, *, #5818, .T. ) ;
#2853 = ADVANCED_FACE ( 'NONE', ( #9253 ), #3155, .F. ) ;
#2854 = ORIENTED_EDGE ( 'NONE', *, *, #2639, .F. ) ;
#2855 = DIRECTION ( 'NONE',  ( -0.000000000000000000, 0.000000000000000000, -1.000000000000000000 ) ) ;
#2856 = FACE_OUTER_BOUND ( 'NONE', #4478, .T. ) ;
#2857 = ORIENTED_EDGE ( 'NONE', *, *, #1279, .T. ) ;
#2858 = CARTESIAN_POINT ( 'NONE',  ( -0.7499999999999995559, 0.2000000000000000111, 2.224999999999990319 ) ) ;
#2859 = LINE ( 'NONE', #3786, #7652 ) ;
#2860 = ORIENTED_EDGE ( 'NONE', *, *, #1374, .F. ) ;
#2861 = FACE_OUTER_BOUND ( 'NONE', #4496, .T. ) ;
#2862 = ORIENTED_EDGE ( 'NONE', *, *, #5184, .F. ) ;
#2863 = EDGE_CURVE ( 'NONE', #7047, #2291, #10818, .T. ) ;
#2864 = EDGE_CURVE ( 'NONE', #10772, #8237, #5477, .T. ) ;
#2865 = DIRECTION ( 'NONE',  ( 0.000000000000000000, -1.000000000000000000, 0.000000000000000000 ) ) ;
#2866 = CARTESIAN_POINT ( 'NONE',  ( -2.499999999999973799, 0.2000000000000000111, 0.6250000000000001110 ) ) ;
#2867 = ORIENTED_EDGE ( 'NONE', *, *, #252, .T. ) ;
#2868 = DIRECTION ( 'NONE',  ( -0.000000000000000000, -0.000000000000000000, -1.000000000000000000 ) ) ;
#2869 = CARTESIAN_POINT ( 'NONE',  ( -2.499999999999989342, 0.2000000000000000111, -0.8749999999999998890 ) ) ;
#2870 = AXIS2_PLACEMENT_3D ( 'NONE', #531, #11029, #1379 ) ;
#2871 = CARTESIAN_POINT ( 'NONE',  ( -1.624999999999999556, 0.2000000000000000111, 2.225000000000001421 ) ) ;
#2872 = ORIENTED_EDGE ( 'NONE', *, *, #7798, .F. ) ;
#2873 = CARTESIAN_POINT ( 'NONE',  ( -2.499999999999994227, 0.2000000000000000111, -1.125000000000000222 ) ) ;
#2874 = EDGE_CURVE ( 'NONE', #7430, #2615, #10918, .T. ) ;
#2875 = EDGE_CURVE ( 'NONE', #6640, #8691, #3852, .T. ) ;
#2876 = CLOSED_SHELL ( 'NONE', ( #3863, #1564, #3568, #1451, #1917, #8988, #3466 ) ) ;
#2877 = DIRECTION ( 'NONE',  ( 0.000000000000000000, -0.000000000000000000, -1.000000000000000000 ) ) ;
#2878 = CIRCLE ( 'NONE', #1612, 0.1250000000000001110 ) ;
#2879 = ORIENTED_EDGE ( 'NONE', *, *, #5034, .F. ) ;
#2880 = DIRECTION ( 'NONE',  ( 0.000000000000000000, 1.000000000000000000, -0.000000000000000000 ) ) ;
#2881 = DIRECTION ( 'NONE',  ( 1.000000000000000000, -0.000000000000000000, -0.000000000000000000 ) ) ;
#2882 = CARTESIAN_POINT ( 'NONE',  ( 2.224999999999996092, 0.2000000000000000111, 1.250000000000000000 ) ) ;
#2883 = DIRECTION ( 'NONE',  ( 0.000000000000000000, 0.000000000000000000, -1.000000000000000000 ) ) ;
#2884 = VECTOR ( 'NONE', #10299, 1000.000000000000000 ) ;
#2885 = LINE ( 'NONE', #6360, #7270 ) ;
#2886 = ORIENTED_EDGE ( 'NONE', *, *, #8918, .F. ) ;
#2887 = DIRECTION ( 'NONE',  ( 0.000000000000000000, 0.000000000000000000, -1.000000000000000000 ) ) ;
#2888 = EDGE_CURVE ( 'NONE', #8202, #11129, #5601, .T. ) ;
#2889 = VECTOR ( 'NONE', #7749, 1000.000000000000000 ) ;
#2890 = CARTESIAN_POINT ( 'NONE',  ( -1.874999999999999334, 0.2000000000000000111, -2.500000000000000000 ) ) ;
#2891 = LINE ( 'NONE', #5523, #4565 ) ;
#2892 = CARTESIAN_POINT ( 'NONE',  ( -1.124999999999999556, 0.2000000000000000111, 2.499999999999999556 ) ) ;
#2893 = SURFACE_STYLE_FILL_AREA ( #3819 ) ;
#2894 = ORIENTED_EDGE ( 'NONE', *, *, #3867, .T. ) ;
#2895 = CARTESIAN_POINT ( 'NONE',  ( -2.224999999999969447, 0.2000000000000000111, 1.375000000000000000 ) ) ;
#2896 = DIRECTION ( 'NONE',  ( 0.000000000000000000, 0.000000000000000000, -1.000000000000000000 ) ) ;
#2897 = LINE ( 'NONE', #2089, #6511 ) ;
#2898 = ORIENTED_EDGE ( 'NONE', *, *, #8880, .F. ) ;
#2899 = COLOUR_RGB ( '',0.7921568627450980005, 0.8196078431372548767, 0.9333333333333333481 ) ;
#2900 = DIRECTION ( 'NONE',  ( 0.000000000000000000, -1.000000000000000000, 0.000000000000000000 ) ) ;
#2901 = VERTEX_POINT ( 'NONE', #11034 ) ;
#2902 = SURFACE_STYLE_USAGE ( .BOTH. , #10684 ) ;
#2903 = VECTOR ( 'NONE', #4341, 1000.000000000000000 ) ;
#2904 = EDGE_LOOP ( 'NONE', ( #9158, #9543, #11022, #8337 ) ) ;
#2905 = COLOUR_RGB ( '',0.7921568627450980005, 0.8196078431372548767, 0.9333333333333333481 ) ;
#2906 = AXIS2_PLACEMENT_3D ( 'NONE', #8555, #8333, #517 ) ;
#2907 = CARTESIAN_POINT ( 'NONE',  ( -1.124999999999999334, 0.2000000000000000111, -2.500000000000000000 ) ) ;
#2908 = FILL_AREA_STYLE_COLOUR ( '', #10612 ) ;
#2909 = ORIENTED_EDGE ( 'NONE', *, *, #7283, .T. ) ;
#2910 = EDGE_CURVE ( 'NONE', #7925, #5016, #380, .T. ) ;
#2911 = DIRECTION ( 'NONE',  ( 1.000000000000000000, 0.000000000000000000, 0.000000000000000000 ) ) ;
#2912 = LINE ( 'NONE', #9770, #3616 ) ;
#2913 = VERTEX_POINT ( 'NONE', #7450 ) ;
#2914 = LINE ( 'NONE', #8864, #3465 ) ;
#2915 = ORIENTED_EDGE ( 'NONE', *, *, #10893, .T. ) ;
#2916 = ORIENTED_EDGE ( 'NONE', *, *, #1056, .F. ) ;
#2917 = AXIS2_PLACEMENT_3D ( 'NONE', #318, #2976, #2008 ) ;
#2918 = VECTOR ( 'NONE', #7512, 1000.000000000000000 ) ;
#2919 = AXIS2_PLACEMENT_3D ( 'NONE', #1319, #5801, #2268 ) ;
#2920 = CARTESIAN_POINT ( 'NONE',  ( -2.499999999999973799, 0.2000000000000000111, 0.6250000000000001110 ) ) ;
#2921 = AXIS2_PLACEMENT_3D ( 'NONE', #10735, #10637, #7261 ) ;
#2922 = DIRECTION ( 'NONE',  ( -0.000000000000000000, -0.000000000000000000, -1.000000000000000000 ) ) ;
#2923 = EDGE_LOOP ( 'NONE', ( #5223, #242, #902, #2857 ) ) ;
#2924 = EDGE_CURVE ( 'NONE', #10363, #7363, #6575, .T. ) ;
#2925 = CARTESIAN_POINT ( 'NONE',  ( -2.499999999999963141, 0.2000000000000000111, 1.625000000000000222 ) ) ;
#2926 = CARTESIAN_POINT ( 'NONE',  ( -0.8749999999999993339, 0.2000000000000000111, -2.225000000000001421 ) ) ;
#2927 = VECTOR ( 'NONE', #2116, 1000.000000000000000 ) ;
#2928 = DIRECTION ( 'NONE',  ( 0.000000000000000000, -0.000000000000000000, -1.000000000000000000 ) ) ;
#2929 = DIRECTION ( 'NONE',  ( 0.000000000000000000, 0.000000000000000000, -1.000000000000000000 ) ) ;
#2930 = VECTOR ( 'NONE', #6327, 1000.000000000000000 ) ;
#2931 = VECTOR ( 'NONE', #8512, 1000.000000000000000 ) ;
#2932 = EDGE_CURVE ( 'NONE', #1785, #1045, #5761, .T. ) ;
#2933 = EDGE_CURVE ( 'NONE', #2974, #10927, #3859, .T. ) ;
#2934 = EDGE_CURVE ( 'NONE', #4722, #4705, #4190, .T. ) ;
#2935 = DIRECTION ( 'NONE',  ( -0.000000000000000000, -0.000000000000000000, 1.000000000000000000 ) ) ;
#2936 = VECTOR ( 'NONE', #8212, 1000.000000000000000 ) ;
#2937 = ORIENTED_EDGE ( 'NONE', *, *, #9763, .T. ) ;
#2938 = DIRECTION ( 'NONE',  ( 0.000000000000000000, 0.000000000000000000, -1.000000000000000000 ) ) ;
#2939 = CYLINDRICAL_SURFACE ( 'NONE', #7911, 0.1250000000000001110 ) ;
#2940 = CARTESIAN_POINT ( 'NONE',  ( -2.224999999999985434, 0.000000000000000000, -0.2500000000000000000 ) ) ;
#2941 = CARTESIAN_POINT ( 'NONE',  ( -2.224999999999974776, 0.2000000000000000111, 0.7500000000000000000 ) ) ;
#2942 = STYLED_ITEM ( 'NONE', ( #9127 ), #3553 ) ;
#2943 = CARTESIAN_POINT ( 'NONE',  ( -2.499999999999984013, 0.2000000000000000111, -0.3749999999999998890 ) ) ;
#2944 = EDGE_LOOP ( 'NONE', ( #8629, #807, #10727, #669 ) ) ;
#2945 = DIRECTION ( 'NONE',  ( 0.000000000000000000, 1.000000000000000000, -0.000000000000000000 ) ) ;
#2946 = ORIENTED_EDGE ( 'NONE', *, *, #2808, .F. ) ;
#2947 = CIRCLE ( 'NONE', #4420, 0.1249999999999998890 ) ;
#2948 = VECTOR ( 'NONE', #7071, 1000.000000000000000 ) ;
#2949 = EDGE_CURVE ( 'NONE', #9463, #472, #3260, .T. ) ;
#2950 = CARTESIAN_POINT ( 'NONE',  ( 2.500000000000000000, 0.2000000000000000111, -1.624999999999999556 ) ) ;
#2951 = DIRECTION ( 'NONE',  ( -1.000000000000000000, 0.000000000000000000, -0.000000000000000000 ) ) ;
#2952 = FACE_OUTER_BOUND ( 'NONE', #7520, .T. ) ;
#2953 = VERTEX_POINT ( 'NONE', #11087 ) ;
#2954 = DIRECTION ( 'NONE',  ( 0.000000000000000000, 1.000000000000000000, -0.000000000000000000 ) ) ;
#2955 = DIRECTION ( 'NONE',  ( -0.000000000000000000, -1.000000000000000000, -0.000000000000000000 ) ) ;
#2956 = DIRECTION ( 'NONE',  ( -7.885106708985522560E-16, 0.000000000000000000, -1.000000000000000000 ) ) ;
#2957 = CIRCLE ( 'NONE', #10244, 0.1249999999999998890 ) ;
#2958 = ORIENTED_EDGE ( 'NONE', *, *, #7422, .T. ) ;
#2959 = VECTOR ( 'NONE', #3995, 1000.000000000000000 ) ;
#2960 = DIRECTION ( 'NONE',  ( 0.000000000000000000, 1.000000000000000000, -0.000000000000000000 ) ) ;
#2961 = ORIENTED_EDGE ( 'NONE', *, *, #6287, .T. ) ;
#2962 =( NAMED_UNIT ( * ) SI_UNIT ( $, .STERADIAN. ) SOLID_ANGLE_UNIT ( ) );
#2963 = AXIS2_PLACEMENT_3D ( 'NONE', #10416, #8593, #793 ) ;
#2964 = ORIENTED_EDGE ( 'NONE', *, *, #3178, .F. ) ;
#2965 = AXIS2_PLACEMENT_3D ( 'NONE', #6877, #9617, #4209 ) ;
#2966 = EDGE_CURVE ( 'NONE', #540, #2111, #6813, .T. ) ;
#2967 = DIRECTION ( 'NONE',  ( 0.000000000000000000, 0.000000000000000000, -1.000000000000000000 ) ) ;
#2968 = FACE_OUTER_BOUND ( 'NONE', #3112, .T. ) ;
#2969 = VERTEX_POINT ( 'NONE', #7619 ) ;
#2970 = LINE ( 'NONE', #5425, #4776 ) ;
#2971 = CARTESIAN_POINT ( 'NONE',  ( 2.500000000000000000, 0.2000000000000000111, 0.3749999999999999445 ) ) ;
#2972 = VERTEX_POINT ( 'NONE', #6755 ) ;
#2973 = DIRECTION ( 'NONE',  ( 0.000000000000000000, -0.000000000000000000, -1.000000000000000000 ) ) ;
#2974 = VERTEX_POINT ( 'NONE', #5938 ) ;
#2975 = VECTOR ( 'NONE', #4197, 1000.000000000000000 ) ;
#2976 = DIRECTION ( 'NONE',  ( -0.000000000000000000, -1.000000000000000000, -0.000000000000000000 ) ) ;
#2977 = EDGE_CURVE ( 'NONE', #10387, #9047, #4211, .T. ) ;
#2978 = STYLED_ITEM ( 'NONE', ( #9119 ), #10951 ) ;
#2979 = LINE ( 'NONE', #1375, #1459 ) ;
#2980 = ORIENTED_EDGE ( 'NONE', *, *, #6704, .F. ) ;
#2981 = CARTESIAN_POINT ( 'NONE',  ( -1.249999999999999556, 0.2000000000000000111, 2.224999999999996092 ) ) ;
#2982 = CARTESIAN_POINT ( 'NONE',  ( 0.8750000000000002220, 0.2000000000000000111, -2.500000000000000000 ) ) ;
#2983 = LINE ( 'NONE', #2114, #4985 ) ;
#2984 = CARTESIAN_POINT ( 'NONE',  ( -2.499999999999999556, 0.04999999999999969746, 1.125000000000000222 ) ) ;
#2985 = EDGE_CURVE ( 'NONE', #5555, #7030, #8583, .T. ) ;
#2986 = DIRECTION ( 'NONE',  ( 0.000000000000000000, 0.000000000000000000, -1.000000000000000000 ) ) ;
#2987 = ORIENTED_EDGE ( 'NONE', *, *, #2522, .F. ) ;
#2988 = CARTESIAN_POINT ( 'NONE',  ( -1.374999999999999334, 0.2000000000000000111, 2.500000000000000000 ) ) ;
#2989 = ORIENTED_EDGE ( 'NONE', *, *, #4481, .T. ) ;
#2990 = SURFACE_STYLE_USAGE ( .BOTH. , #6355 ) ;
#2991 = DIRECTION ( 'NONE',  ( 1.000000000000000000, 0.000000000000000000, 0.000000000000000000 ) ) ;
#2992 = PLANE ( 'NONE',  #4913 ) ;
#2993 = DIRECTION ( 'NONE',  ( 0.000000000000000000, 0.000000000000000000, -1.000000000000000000 ) ) ;
#2994 = VERTEX_POINT ( 'NONE', #5037 ) ;
#2995 = PLANE ( 'NONE',  #5338 ) ;
#2996 = ORIENTED_EDGE ( 'NONE', *, *, #5446, .T. ) ;
#2997 = ADVANCED_FACE ( 'NONE', ( #7744 ), #5884, .F. ) ;
#2998 = ADVANCED_FACE ( 'NONE', ( #6864 ), #7852, .T. ) ;
#2999 = ADVANCED_FACE ( 'NONE', ( #7681 ), #841, .F. ) ;
#3000 = FACE_OUTER_BOUND ( 'NONE', #792, .T. ) ;
#3001 = DIRECTION ( 'NONE',  ( 0.000000000000000000, -1.000000000000000000, 0.000000000000000000 ) ) ;
#3002 = CARTESIAN_POINT ( 'NONE',  ( -1.374999999999999112, 0.04999999999999999584, -2.225000000000001421 ) ) ;
#3003 = SURFACE_STYLE_USAGE ( .BOTH. , #3769 ) ;
#3004 = ORIENTED_EDGE ( 'NONE', *, *, #10904, .F. ) ;
#3005 = CARTESIAN_POINT ( 'NONE',  ( 2.225000000000001421, 0.000000000000000000, 1.625000000000000000 ) ) ;
#3006 = DIRECTION ( 'NONE',  ( 0.000000000000000000, -1.000000000000000000, 0.000000000000000000 ) ) ;
#3007 = DIRECTION ( 'NONE',  ( -1.000000000000000000, 0.000000000000000000, 1.734723475976807094E-15 ) ) ;
#3008 = ORIENTED_EDGE ( 'NONE', *, *, #3738, .F. ) ;
#3009 = DIRECTION ( 'NONE',  ( 0.000000000000000000, 0.000000000000000000, 1.000000000000000000 ) ) ;
#3010 = DIRECTION ( 'NONE',  ( 1.000000000000000000, -0.000000000000000000, -0.000000000000000000 ) ) ;
#3011 = ORIENTED_EDGE ( 'NONE', *, *, #7808, .T. ) ;
#3012 = DIRECTION ( 'NONE',  ( 0.000000000000000000, 0.000000000000000000, -1.000000000000000000 ) ) ;
#3013 = EDGE_CURVE ( 'NONE', #5203, #1052, #9483, .T. ) ;
#3014 = EDGE_CURVE ( 'NONE', #178, #10561, #8643, .T. ) ;
#3015 = LINE ( 'NONE', #10040, #9480 ) ;
#3016 = LINE ( 'NONE', #6491, #1034 ) ;
#3017 = DIRECTION ( 'NONE',  ( -0.000000000000000000, 0.000000000000000000, 1.000000000000000000 ) ) ;
#3018 = ORIENTED_EDGE ( 'NONE', *, *, #4409, .F. ) ;
#3019 = DIRECTION ( 'NONE',  ( -0.000000000000000000, 0.000000000000000000, 1.000000000000000000 ) ) ;
#3020 = PLANE ( 'NONE',  #731 ) ;
#3021 = ORIENTED_EDGE ( 'NONE', *, *, #8246, .T. ) ;
#3022 = DIRECTION ( 'NONE',  ( 0.000000000000000000, -1.000000000000000000, 0.000000000000000000 ) ) ;
#3023 = ORIENTED_EDGE ( 'NONE', *, *, #5936, .T. ) ;
#3024 = FILL_AREA_STYLE_COLOUR ( '', #10562 ) ;
#3025 = CARTESIAN_POINT ( 'NONE',  ( -2.499999999999963141, 0.2000000000000000111, 1.625000000000000222 ) ) ;
#3026 = DIRECTION ( 'NONE',  ( 1.000000000000000000, 0.000000000000000000, 0.000000000000000000 ) ) ;
#3027 = ORIENTED_EDGE ( 'NONE', *, *, #7580, .T. ) ;
#3028 = DIRECTION ( 'NONE',  ( 1.000000000000000000, 0.000000000000000000, -0.000000000000000000 ) ) ;
#3029 = CARTESIAN_POINT ( 'NONE',  ( 0.000000000000000000, 0.05000000000000000278, -1.374999999999999334 ) ) ;
#3030 = CARTESIAN_POINT ( 'NONE',  ( 0.8750000000000001110, 0.05000000000000000278, 0.000000000000000000 ) ) ;
#3031 = CARTESIAN_POINT ( 'NONE',  ( 2.224999999999975220, 0.2000000000000000111, -0.7500000000000000000 ) ) ;
#3032 = EDGE_CURVE ( 'NONE', #7047, #6228, #4256, .T. ) ;
#3033 = VECTOR ( 'NONE', #5256, 1000.000000000000000 ) ;
#3034 = FACE_OUTER_BOUND ( 'NONE', #2000, .T. ) ;
#3035 = VERTEX_POINT ( 'NONE', #11214 ) ;
#3036 = LINE ( 'NONE', #6461, #8221 ) ;
#3037 = ORIENTED_EDGE ( 'NONE', *, *, #2647, .F. ) ;
#3038 = EDGE_CURVE ( 'NONE', #6808, #9644, #37, .T. ) ;
#3039 = CARTESIAN_POINT ( 'NONE',  ( 2.224999999999980549, 0.2000000000000000111, -0.2499999999999998890 ) ) ;
#3040 = CARTESIAN_POINT ( 'NONE',  ( -0.8749999999999993339, 0.2000000000000000111, -2.225000000000001421 ) ) ;
#3041 = CARTESIAN_POINT ( 'NONE',  ( 2.224999999999980549, 0.04999999999999999584, -0.3749999999999997780 ) ) ;
#3042 = CARTESIAN_POINT ( 'NONE',  ( -2.499999999999978684, 0.2000000000000000111, 0.3749999999999998890 ) ) ;
#3043 = ORIENTED_EDGE ( 'NONE', *, *, #5650, .F. ) ;
#3044 = CARTESIAN_POINT ( 'NONE',  ( -0.8749999999999993339, 0.2000000000000000111, -2.500000000000000000 ) ) ;
#3045 = EDGE_CURVE ( 'NONE', #8898, #1898, #6924, .T. ) ;
#3046 = VERTEX_POINT ( 'NONE', #6060 ) ;
#3047 = VECTOR ( 'NONE', #4077, 1000.000000000000000 ) ;
#3048 = VECTOR ( 'NONE', #5745, 1000.000000000000000 ) ;
#3049 = CARTESIAN_POINT ( 'NONE',  ( 2.500000000000000000, 0.000000000000000000, 0.8749999999999996669 ) ) ;
#3050 = CARTESIAN_POINT ( 'NONE',  ( -2.499999999999999556, 0.2000000000000000111, -1.875000000000000000 ) ) ;
#3051 = CLOSED_SHELL ( 'NONE', ( #6635, #7628, #206, #1553, #5419, #7928, #920, #6969, #3801, #1215, #1332, #9918 ) ) ;
#3052 = LINE ( 'NONE', #2191, #2034 ) ;
#3053 = VERTEX_POINT ( 'NONE', #5159 ) ;
#3054 = DIRECTION ( 'NONE',  ( 0.000000000000000000, 1.000000000000000000, -0.000000000000000000 ) ) ;
#3055 = PLANE ( 'NONE',  #11085 ) ;
#3056 = PLANE ( 'NONE',  #5604 ) ;
#3057 = EDGE_CURVE ( 'NONE', #2399, #9744, #1730, .T. ) ;
#3058 = ORIENTED_EDGE ( 'NONE', *, *, #6704, .T. ) ;
#3059 = CARTESIAN_POINT ( 'NONE',  ( 2.224999999999985878, 0.2000000000000000111, 0.2500000000000001110 ) ) ;
#3060 = DIRECTION ( 'NONE',  ( 1.000000000000000000, 0.000000000000000000, -7.885106708985523547E-16 ) ) ;
#3061 = ORIENTED_EDGE ( 'NONE', *, *, #7808, .F. ) ;
#3062 =( NAMED_UNIT ( * ) PLANE_ANGLE_UNIT ( ) SI_UNIT ( $, .RADIAN. ) );
#3063 = AXIS2_PLACEMENT_3D ( 'NONE', #4500, #1029, #1193 ) ;
#3064 = AXIS2_PLACEMENT_3D ( 'NONE', #9802, #10725, #122 ) ;
#3065 = CARTESIAN_POINT ( 'NONE',  ( -0.1249999999999996253, 0.2000000000000000111, -2.225000000000001421 ) ) ;
#3066 = DIRECTION ( 'NONE',  ( -0.000000000000000000, -1.000000000000000000, -0.000000000000000000 ) ) ;
#3067 = CARTESIAN_POINT ( 'NONE',  ( 1.375000000000000000, 0.000000000000000000, -2.500000000000000000 ) ) ;
#3068 = CIRCLE ( 'NONE', #10003, 0.1249999999999996808 ) ;
#3069 = EDGE_CURVE ( 'NONE', #2399, #334, #5213, .T. ) ;
#3070 = ORIENTED_EDGE ( 'NONE', *, *, #6209, .T. ) ;
#3071 = EDGE_CURVE ( 'NONE', #9567, #5736, #1126, .T. ) ;
#3072 = DIRECTION ( 'NONE',  ( 0.000000000000000000, 0.000000000000000000, -1.000000000000000000 ) ) ;
#3073 = CARTESIAN_POINT ( 'NONE',  ( 2.500000000000000000, 0.2000000000000000111, 0.3749999999999999445 ) ) ;
#3074 = EDGE_CURVE ( 'NONE', #2994, #8706, #10585, .T. ) ;
#3075 = AXIS2_PLACEMENT_3D ( 'NONE', #1306, #5738, #8443 ) ;
#3076 = ORIENTED_EDGE ( 'NONE', *, *, #34, .T. ) ;
#3077 = CARTESIAN_POINT ( 'NONE',  ( -1.649999999999999911, 0.2000000000000000111, 1.649999999999999689 ) ) ;
#3078 = EDGE_LOOP ( 'NONE', ( #10836, #6983, #2805, #1483 ) ) ;
#3079 = SURFACE_SIDE_STYLE ('',( #585 ) ) ;
#3080 = ORIENTED_EDGE ( 'NONE', *, *, #6221, .F. ) ;
#3081 = ORIENTED_EDGE ( 'NONE', *, *, #4421, .F. ) ;
#3082 = VECTOR ( 'NONE', #8850, 1000.000000000000000 ) ;
#3083 = VECTOR ( 'NONE', #2607, 1000.000000000000000 ) ;
#3084 = LINE ( 'NONE', #528, #1668 ) ;
#3085 = ORIENTED_EDGE ( 'NONE', *, *, #7356, .F. ) ;
#3086 = LINE ( 'NONE', #11078, #10419 ) ;
#3087 = DIRECTION ( 'NONE',  ( 0.000000000000000000, 0.000000000000000000, -1.000000000000000000 ) ) ;
#3088 = EDGE_CURVE ( 'NONE', #7827, #6818, #319, .T. ) ;
#3089 = AXIS2_PLACEMENT_3D ( 'NONE', #541, #10984, #6639 ) ;
#3090 = LINE ( 'NONE', #9201, #10108 ) ;
#3091 = VECTOR ( 'NONE', #9995, 1000.000000000000000 ) ;
#3092 = AXIS2_PLACEMENT_3D ( 'NONE', #5716, #435, #1283 ) ;
#3093 = CARTESIAN_POINT ( 'NONE',  ( 0.2500000000000002776, 0.2000000000000000111, 2.099999999999980549 ) ) ;
#3094 = VECTOR ( 'NONE', #31, 1000.000000000000000 ) ;
#3095 = DIRECTION ( 'NONE',  ( 1.734723475976814589E-15, 0.000000000000000000, -1.000000000000000000 ) ) ;
#3096 = ORIENTED_EDGE ( 'NONE', *, *, #7679, .F. ) ;
#3097 = CARTESIAN_POINT ( 'NONE',  ( -1.624999999999999334, 0.2000000000000000111, -2.500000000000000000 ) ) ;
#3098 = ORIENTED_EDGE ( 'NONE', *, *, #100, .F. ) ;
#3099 = DIRECTION ( 'NONE',  ( 1.000000000000000000, -0.000000000000000000, -0.000000000000000000 ) ) ;
#3100 = DIRECTION ( 'NONE',  ( 0.000000000000000000, 1.000000000000000000, -0.000000000000000000 ) ) ;
#3101 = DIRECTION ( 'NONE',  ( -1.000000000000000000, 0.000000000000000000, 1.734723475976808672E-15 ) ) ;
#3102 = AXIS2_PLACEMENT_3D ( 'NONE', #11057, #5009, #5790 ) ;
#3103 = ORIENTED_EDGE ( 'NONE', *, *, #1427, .F. ) ;
#3104 = DIRECTION ( 'NONE',  ( 0.000000000000000000, 0.000000000000000000, 1.000000000000000000 ) ) ;
#3105 = AXIS2_PLACEMENT_3D ( 'NONE', #5930, #5080, #9408 ) ;
#3106 = EDGE_CURVE ( 'NONE', #2972, #728, #10471, .T. ) ;
#3107 = CIRCLE ( 'NONE', #7155, 0.1250000000000001110 ) ;
#3108 = VECTOR ( 'NONE', #10736, 1000.000000000000000 ) ;
#3109 = LINE ( 'NONE', #10184, #10788 ) ;
#3110 = DIRECTION ( 'NONE',  ( 0.000000000000000000, -1.000000000000000000, 0.000000000000000000 ) ) ;
#3111 = ADVANCED_FACE ( 'NONE', ( #6290 ), #4424, .T. ) ;
#3112 = EDGE_LOOP ( 'NONE', ( #8294, #7597, #5764, #6298 ) ) ;
#3113 = CARTESIAN_POINT ( 'NONE',  ( -1.849999999999999645, 0.8499999999999999778, -1.649999999999999689 ) ) ;
#3115 = DIRECTION ( 'NONE',  ( 0.000000000000000000, 1.000000000000000000, -0.000000000000000000 ) ) ;
#3114 = UNCERTAINTY_MEASURE_WITH_UNIT (LENGTH_MEASURE( 1.000000000000000082E-05 ), #722, 'distance_accuracy_value', 'NONE');
#3116 = DIRECTION ( 'NONE',  ( -1.000000000000000000, 0.000000000000000000, 0.000000000000000000 ) ) ;
#3117 = VERTEX_POINT ( 'NONE', #5330 ) ;
#3118 = FACE_OUTER_BOUND ( 'NONE', #4843, .T. ) ;
#3119 = PLANE ( 'NONE',  #6177 ) ;
#3120 = ORIENTED_EDGE ( 'NONE', *, *, #7801, .F. ) ;
#3121 = FILL_AREA_STYLE_COLOUR ( '', #6923 ) ;
#3122 = AXIS2_PLACEMENT_3D ( 'NONE', #3369, #4305, #6159 ) ;
#3123 = STYLED_ITEM ( 'NONE', ( #8897 ), #3641 ) ;
#3124 = EDGE_CURVE ( 'NONE', #10010, #8179, #8051, .T. ) ;
#3125 = DIRECTION ( 'NONE',  ( -7.885106708985522560E-16, 0.000000000000000000, -1.000000000000000000 ) ) ;
#3126 = CARTESIAN_POINT ( 'NONE',  ( -1.249999999999999556, 0.2000000000000000111, 2.224999999999996092 ) ) ;
#3127 = VECTOR ( 'NONE', #2264, 1000.000000000000000 ) ;
#3128 = PLANE ( 'NONE',  #4597 ) ;
#3129 = ORIENTED_EDGE ( 'NONE', *, *, #1492, .F. ) ;
#3130 = CARTESIAN_POINT ( 'NONE',  ( -1.374999999999999334, 0.2000000000000000111, 2.500000000000000000 ) ) ;
#3131 = CARTESIAN_POINT ( 'NONE',  ( -0.3749999999999996114, 0.2000000000000000111, 2.499999999999999556 ) ) ;
#3132 = LINE ( 'NONE', #10101, #8199 ) ;
#3133 = VERTEX_POINT ( 'NONE', #2635 ) ;
#3134 = LINE ( 'NONE', #8458, #8223 ) ;
#3135 = ORIENTED_EDGE ( 'NONE', *, *, #543, .T. ) ;
#3136 = DIRECTION ( 'NONE',  ( 0.000000000000000000, 0.000000000000000000, -1.000000000000000000 ) ) ;
#3137 = VERTEX_POINT ( 'NONE', #8139 ) ;
#3138 = EDGE_LOOP ( 'NONE', ( #7131, #10493, #5087, #4588 ) ) ;
#3139 = AXIS2_PLACEMENT_3D ( 'NONE', #6658, #4441, #4558 ) ;
#3140 = CIRCLE ( 'NONE', #1498, 0.1249999999999998890 ) ;
#3141 = EDGE_CURVE ( 'NONE', #10608, #8444, #6570, .T. ) ;
#3142 = EDGE_CURVE ( 'NONE', #3482, #3943, #1909, .T. ) ;
#3143 = EDGE_CURVE ( 'NONE', #5926, #8140, #8948, .T. ) ;
#3144 = CARTESIAN_POINT ( 'NONE',  ( 1.125000000000000000, 0.2000000000000000111, 2.225000000000000977 ) ) ;
#3145 = VERTEX_POINT ( 'NONE', #4483 ) ;
#3146 = LINE ( 'NONE', #4978, #10611 ) ;
#3147 = FACE_OUTER_BOUND ( 'NONE', #2622, .T. ) ;
#3148 = PRESENTATION_LAYER_ASSIGNMENT (  '', '', ( #9898 ) ) ;
#3149 = VECTOR ( 'NONE', #2825, 1000.000000000000000 ) ;
#3150 = VECTOR ( 'NONE', #4710, 1000.000000000000000 ) ;
#3151 = LINE ( 'NONE', #2332, #3150 ) ;
#3152 = EDGE_CURVE ( 'NONE', #7454, #5228, #1784, .T. ) ;
#3153 = VECTOR ( 'NONE', #9524, 1000.000000000000000 ) ;
#3154 = FACE_OUTER_BOUND ( 'NONE', #8931, .T. ) ;
#3155 = CYLINDRICAL_SURFACE ( 'NONE', #9476, 0.1249999999999996808 ) ;
#3156 = ORIENTED_EDGE ( 'NONE', *, *, #308, .T. ) ;
#3157 = LINE ( 'NONE', #10118, #5097 ) ;
#3158 = EDGE_LOOP ( 'NONE', ( #4783, #9354, #5118, #7875 ) ) ;
#3159 = CARTESIAN_POINT ( 'NONE',  ( -0.1249999999999998196, 0.000000000000000000, 2.499999999999999556 ) ) ;
#3160 = DIRECTION ( 'NONE',  ( -0.000000000000000000, -1.000000000000000000, -0.000000000000000000 ) ) ;
#3161 = LINE ( 'NONE', #9959, #10366 ) ;
#3162 = ORIENTED_EDGE ( 'NONE', *, *, #4567, .T. ) ;
#3163 = CYLINDRICAL_SURFACE ( 'NONE', #257, 0.1250000000000001110 ) ;
#3164 = ORIENTED_EDGE ( 'NONE', *, *, #1186, .F. ) ;
#3165 = CARTESIAN_POINT ( 'NONE',  ( 1.875000000000000000, 0.04999999999999999584, -2.225000000000001421 ) ) ;
#3166 = CARTESIAN_POINT ( 'NONE',  ( 1.232047923278992060E-17, 0.05000000000000000278, 0.1250000000000004163 ) ) ;
#3167 = CARTESIAN_POINT ( 'NONE',  ( 2.224999999999980549, 0.2000000000000000111, -0.3749999999999997780 ) ) ;
#3168 = ORIENTED_EDGE ( 'NONE', *, *, #9080, .F. ) ;
#3169 = LINE ( 'NONE', #6709, #8799 ) ;
#3170 = LINE ( 'NONE', #5623, #4884 ) ;
#3171 = DIRECTION ( 'NONE',  ( -0.000000000000000000, 0.000000000000000000, -1.000000000000000000 ) ) ;
#3172 = EDGE_LOOP ( 'NONE', ( #1540, #6556, #5966, #6416 ) ) ;
#3173 = SURFACE_STYLE_USAGE ( .BOTH. , #2303 ) ;
#3174 = LINE ( 'NONE', #6540, #11102 ) ;
#3175 = ORIENTED_EDGE ( 'NONE', *, *, #10733, .T. ) ;
#3176 = PLANE ( 'NONE',  #2004 ) ;
#3177 = ORIENTED_EDGE ( 'NONE', *, *, #4319, .T. ) ;
#3178 = EDGE_CURVE ( 'NONE', #9530, #6504, #2760, .T. ) ;
#3179 = CARTESIAN_POINT ( 'NONE',  ( -2.224999999999995648, 0.000000000000000000, -1.375000000000000000 ) ) ;
#3180 = PLANE ( 'NONE',  #9765 ) ;
#3181 = SURFACE_STYLE_FILL_AREA ( #10373 ) ;
#3182 = EDGE_LOOP ( 'NONE', ( #5879, #7643 ) ) ;
#3183 = CARTESIAN_POINT ( 'NONE',  ( 1.875000000000000000, 0.2000000000000000111, -2.500000000000000000 ) ) ;
#3184 = CARTESIAN_POINT ( 'NONE',  ( 2.224999999999980549, 0.2000000000000000111, -0.3749999999999997780 ) ) ;
#3185 = DIRECTION ( 'NONE',  ( 0.000000000000000000, -1.000000000000000000, 0.000000000000000000 ) ) ;
#3186 = EDGE_LOOP ( 'NONE', ( #9579, #9374, #8137, #4487 ) ) ;
#3187 = DIRECTION ( 'NONE',  ( 0.000000000000000000, 0.000000000000000000, -1.000000000000000000 ) ) ;
#3188 = VERTEX_POINT ( 'NONE', #7050 ) ;
#3189 = EDGE_CURVE ( 'NONE', #7657, #5300, #7171, .T. ) ;
#3190 = ORIENTED_EDGE ( 'NONE', *, *, #110, .T. ) ;
#3191 =( NAMED_UNIT ( * ) SI_UNIT ( $, .STERADIAN. ) SOLID_ANGLE_UNIT ( ) );
#3192 = DIRECTION ( 'NONE',  ( 0.000000000000000000, 0.000000000000000000, 1.000000000000000000 ) ) ;
#3193 = ORIENTED_EDGE ( 'NONE', *, *, #8327, .F. ) ;
#3194 = DIRECTION ( 'NONE',  ( 0.000000000000000000, 0.000000000000000000, 1.000000000000000000 ) ) ;
#3195 = DIRECTION ( 'NONE',  ( -0.000000000000000000, 0.000000000000000000, -1.000000000000000000 ) ) ;
#3196 = ORIENTED_EDGE ( 'NONE', *, *, #4081, .F. ) ;
#3197 = ADVANCED_FACE ( 'NONE', ( #1122 ), #4599, .F. ) ;
#3198 = ADVANCED_FACE ( 'NONE', ( #271 ), #3743, .T. ) ;
#3199 = CARTESIAN_POINT ( 'NONE',  ( 1.625000000000001776, 0.05000000000000000278, -1.281329840210149080E-15 ) ) ;
#3200 = DIRECTION ( 'NONE',  ( -1.000000000000000000, 0.000000000000000000, 0.000000000000000000 ) ) ;
#3201 = DIRECTION ( 'NONE',  ( 0.000000000000000000, -0.000000000000000000, -1.000000000000000000 ) ) ;
#3202 = EDGE_LOOP ( 'NONE', ( #6142, #4523, #9257, #6699 ) ) ;
#3203 = CARTESIAN_POINT ( 'NONE',  ( -2.499999999999994227, 0.000000000000000000, -1.375000000000000000 ) ) ;
#3204 = ORIENTED_EDGE ( 'NONE', *, *, #2888, .F. ) ;
#3205 = ADVANCED_FACE ( 'NONE', ( #5494 ), #8978, .F. ) ;
#3206 =( NAMED_UNIT ( * ) PLANE_ANGLE_UNIT ( ) SI_UNIT ( $, .RADIAN. ) );
#3207 = CARTESIAN_POINT ( 'NONE',  ( 2.225000000000001421, 0.000000000000000000, -1.124999999999999556 ) ) ;
#3208 = CARTESIAN_POINT ( 'NONE',  ( -2.224999999999974776, 0.2000000000000000111, 0.8749999999999998890 ) ) ;
#3209 = DIRECTION ( 'NONE',  ( 0.000000000000000000, -1.000000000000000000, 0.000000000000000000 ) ) ;
#3210 = EDGE_CURVE ( 'NONE', #7247, #5804, #5709, .T. ) ;
#3211 = ORIENTED_EDGE ( 'NONE', *, *, #10433, .T. ) ;
#3212 = CARTESIAN_POINT ( 'NONE',  ( -0.3749999999999994449, 0.2000000000000000111, -2.500000000000000000 ) ) ;
#3213 = CARTESIAN_POINT ( 'NONE',  ( 2.224999999999969891, 0.2000000000000000111, -1.249999999999999334 ) ) ;
#3214 = LINE ( 'NONE', #4885, #6589 ) ;
#3215 = EDGE_LOOP ( 'NONE', ( #7477, #3037, #2506, #2236 ) ) ;
#3216 = CARTESIAN_POINT ( 'NONE',  ( 2.500000000000000000, 0.2000000000000000111, -0.1250000000000000555 ) ) ;
#3218 = DIRECTION ( 'NONE',  ( -0.000000000000000000, 0.000000000000000000, 1.000000000000000000 ) ) ;
#3217 = UNCERTAINTY_MEASURE_WITH_UNIT (LENGTH_MEASURE( 1.000000000000000082E-05 ), #6804, 'distance_accuracy_value', 'NONE');
#3219 = CARTESIAN_POINT ( 'NONE',  ( 2.500000000000000000, 0.2000000000000000111, -0.1250000000000000555 ) ) ;
#3220 = ORIENTED_EDGE ( 'NONE', *, *, #2263, .F. ) ;
#3221 = VECTOR ( 'NONE', #5877, 1000.000000000000000 ) ;
#3222 = ORIENTED_EDGE ( 'NONE', *, *, #2559, .F. ) ;
#3223 = VERTEX_POINT ( 'NONE', #10911 ) ;
#3224 = ORIENTED_EDGE ( 'NONE', *, *, #658, .F. ) ;
#3225 = VECTOR ( 'NONE', #8334, 1000.000000000000000 ) ;
#3226 = CLOSED_SHELL ( 'NONE', ( #11069, #5102, #1595, #11072, #5277, #884 ) ) ;
#3227 = DIRECTION ( 'NONE',  ( 0.000000000000000000, -1.000000000000000000, 0.000000000000000000 ) ) ;
#3228 = CARTESIAN_POINT ( 'NONE',  ( -1.649999999999999911, 0.2000000000000000111, 1.649999999999999689 ) ) ;
#3229 = DIRECTION ( 'NONE',  ( 0.000000000000000000, 1.000000000000000000, -0.000000000000000000 ) ) ;
#3230 =( LENGTH_UNIT ( ) NAMED_UNIT ( * ) SI_UNIT ( .MILLI., .METRE. ) );
#3231 = EDGE_LOOP ( 'NONE', ( #4828, #6979, #7536, #7822 ) ) ;
#3232 = CARTESIAN_POINT ( 'NONE',  ( 2.224999999999996092, 0.04999999999999999584, 1.250000000000000000 ) ) ;
#3233 = LINE ( 'NONE', #10316, #7847 ) ;
#3234 = CARTESIAN_POINT ( 'NONE',  ( -2.224999999999990319, 0.04999999999999999584, -0.6250000000000001110 ) ) ;
#3235 = DIRECTION ( 'NONE',  ( 0.000000000000000000, 0.000000000000000000, 1.000000000000000000 ) ) ;
#3236 = ORIENTED_EDGE ( 'NONE', *, *, #9714, .T. ) ;
#3237 = DIRECTION ( 'NONE',  ( -1.000000000000000000, 0.000000000000000000, 0.000000000000000000 ) ) ;
#3238 = AXIS2_PLACEMENT_3D ( 'NONE', #3456, #4275, #11294 ) ;
#3239 = CARTESIAN_POINT ( 'NONE',  ( 1.749999999999999778, 0.04999999999999999584, 2.224999999999964118 ) ) ;
#3240 = ORIENTED_EDGE ( 'NONE', *, *, #5773, .T. ) ;
#3241 =( LENGTH_UNIT ( ) NAMED_UNIT ( * ) SI_UNIT ( .MILLI., .METRE. ) );
#3242 = ORIENTED_EDGE ( 'NONE', *, *, #9715, .F. ) ;
#3243 = VERTEX_POINT ( 'NONE', #4761 ) ;
#3244 = VECTOR ( 'NONE', #2732, 1000.000000000000000 ) ;
#3245 = CIRCLE ( 'NONE', #3436, 0.2000000000000003164 ) ;
#3246 = EDGE_CURVE ( 'NONE', #8149, #2360, #33, .T. ) ;
#3247 = DIRECTION ( 'NONE',  ( -0.000000000000000000, -1.000000000000000000, -0.000000000000000000 ) ) ;
#3248 = DIRECTION ( 'NONE',  ( 0.000000000000000000, 1.000000000000000000, 0.000000000000000000 ) ) ;
#3249 = VERTEX_POINT ( 'NONE', #591 ) ;
#3250 = LINE ( 'NONE', #4182, #4606 ) ;
#3251 = CYLINDRICAL_SURFACE ( 'NONE', #10337, 0.1249999999999998890 ) ;
#3252 = EDGE_CURVE ( 'NONE', #10374, #1221, #2979, .T. ) ;
#3253 = EDGE_LOOP ( 'NONE', ( #8563, #4021, #7008, #126 ) ) ;
#3254 = AXIS2_PLACEMENT_3D ( 'NONE', #2677, #6151, #4349 ) ;
#3255 = CARTESIAN_POINT ( 'NONE',  ( -0.2499999999999995837, 0.000000000000000000, -2.224999999999980549 ) ) ;
#3256 = VECTOR ( 'NONE', #10505, 1000.000000000000000 ) ;
#3257 = CIRCLE ( 'NONE', #1435, 0.1249999999999998890 ) ;
#3258 = EDGE_CURVE ( 'NONE', #5414, #6482, #6562, .T. ) ;
#3259 = SURFACE_STYLE_USAGE ( .BOTH. , #2455 ) ;
#3260 = LINE ( 'NONE', #7792, #9297 ) ;
#3261 = ORIENTED_EDGE ( 'NONE', *, *, #7332, .T. ) ;
#3262 = VECTOR ( 'NONE', #1840, 1000.000000000000000 ) ;
#3263 = PLANE ( 'NONE',  #8386 ) ;
#3264 = ORIENTED_EDGE ( 'NONE', *, *, #8399, .F. ) ;
#3265 = SURFACE_STYLE_USAGE ( .BOTH. , #1557 ) ;
#3266 = PLANE ( 'NONE',  #5692 ) ;
#3267 = LINE ( 'NONE', #6761, #10032 ) ;
#3268 = CARTESIAN_POINT ( 'NONE',  ( 1.625000000000000000, 0.2000000000000000111, 2.225000000000000533 ) ) ;
#3269 = ORIENTED_EDGE ( 'NONE', *, *, #4028, .T. ) ;
#3270 = FACE_OUTER_BOUND ( 'NONE', #7551, .T. ) ;
#3271 = VECTOR ( 'NONE', #9788, 1000.000000000000000 ) ;
#3272 = AXIS2_PLACEMENT_3D ( 'NONE', #583, #3022, #8336 ) ;
#3273 = EDGE_CURVE ( 'NONE', #10787, #10629, #6399, .T. ) ;
#3274 = ADVANCED_FACE ( 'NONE', ( #423 ), #6449, .T. ) ;
#3275 = EDGE_CURVE ( 'NONE', #84, #128, #5545, .T. ) ;
#3276 = FACE_OUTER_BOUND ( 'NONE', #11157, .T. ) ;
#3277 = CARTESIAN_POINT ( 'NONE',  ( 1.250000000000000222, 0.2000000000000000111, -2.224999999999996092 ) ) ;
#3278 = CIRCLE ( 'NONE', #9672, 0.1249999999999998890 ) ;
#3279 = ORIENTED_EDGE ( 'NONE', *, *, #9560, .F. ) ;
#3280 = CARTESIAN_POINT ( 'NONE',  ( 0.6250000000000004441, 0.2000000000000000111, -2.500000000000000000 ) ) ;
#3281 = LINE ( 'NONE', #676, #10933 ) ;
#3282 = DIRECTION ( 'NONE',  ( 0.000000000000000000, -1.000000000000000000, 0.000000000000000000 ) ) ;
#3283 = VECTOR ( 'NONE', #1499, 1000.000000000000000 ) ;
#3284 = ORIENTED_EDGE ( 'NONE', *, *, #9406, .T. ) ;
#3285 = ORIENTED_EDGE ( 'NONE', *, *, #4553, .F. ) ;
#3286 = ORIENTED_EDGE ( 'NONE', *, *, #100, .T. ) ;
#3287 = DIRECTION ( 'NONE',  ( 0.000000000000000000, -1.000000000000000000, 0.000000000000000000 ) ) ;
#3288 = AXIS2_PLACEMENT_3D ( 'NONE', #3213, #4037, #2189 ) ;
#3289 = EDGE_CURVE ( 'NONE', #4086, #7430, #3084, .T. ) ;
#3290 = MECHANICAL_DESIGN_GEOMETRIC_PRESENTATION_REPRESENTATION (  '', ( #9304 ), #10406 ) ;
#3291 = CARTESIAN_POINT ( 'NONE',  ( -2.224999999999980105, 0.2000000000000000111, 0.2500000000000000000 ) ) ;
#3292 = CARTESIAN_POINT ( 'NONE',  ( 2.225000000000001421, 0.2000000000000000111, 0.3750000000000000000 ) ) ;
#3293 = FACE_OUTER_BOUND ( 'NONE', #1195, .T. ) ;
#3294 = ORIENTED_EDGE ( 'NONE', *, *, #11288, .F. ) ;
#3295 = LINE ( 'NONE', #8500, #8086 ) ;
#3296 = CYLINDRICAL_SURFACE ( 'NONE', #7122, 0.1249999999999998890 ) ;
#3297 = DIRECTION ( 'NONE',  ( -0.000000000000000000, -1.000000000000000000, -0.000000000000000000 ) ) ;
#3298 = CARTESIAN_POINT ( 'NONE',  ( -0.3749999999999994449, 0.2000000000000000111, -2.500000000000000000 ) ) ;
#3299 = ORIENTED_EDGE ( 'NONE', *, *, #6606, .T. ) ;
#3300 = VECTOR ( 'NONE', #8295, 1000.000000000000000 ) ;
#3301 = DIRECTION ( 'NONE',  ( 0.000000000000000000, -1.000000000000000000, 0.000000000000000000 ) ) ;
#3302 = DIRECTION ( 'NONE',  ( 0.000000000000000000, 0.000000000000000000, 1.000000000000000000 ) ) ;
#3303 = ORIENTED_EDGE ( 'NONE', *, *, #3738, .T. ) ;
#3304 = CARTESIAN_POINT ( 'NONE',  ( 2.500000000000000000, 0.2000000000000000111, -1.124999999999999556 ) ) ;
#3305 = EDGE_LOOP ( 'NONE', ( #5081, #5862, #8585, #7420 ) ) ;
#3306 = PRESENTATION_LAYER_ASSIGNMENT (  '', '', ( #3123 ) ) ;
#3307 = VERTEX_POINT ( 'NONE', #3144 ) ;
#3308 = ORIENTED_EDGE ( 'NONE', *, *, #286, .T. ) ;
#3309 = AXIS2_PLACEMENT_3D ( 'NONE', #8727, #4340, #10315 ) ;
#3310 = PRODUCT_CONTEXT ( 'NONE', #5590, 'mechanical' ) ;
#3311 = AXIS2_PLACEMENT_3D ( 'NONE', #6823, #4279, #10494 ) ;
#3312 =( LENGTH_UNIT ( ) NAMED_UNIT ( * ) SI_UNIT ( .MILLI., .METRE. ) );
#3313 = ORIENTED_EDGE ( 'NONE', *, *, #6767, .F. ) ;
#3314 = CARTESIAN_POINT ( 'NONE',  ( 2.500000000000000000, 0.2000000000000000111, -0.8749999999999998890 ) ) ;
#3315 = CARTESIAN_POINT ( 'NONE',  ( 1.625000000000000000, 0.2000000000000000111, 2.499999999999999112 ) ) ;
#3316 = ORIENTED_EDGE ( 'NONE', *, *, #8854, .T. ) ;
#3317 = COLOUR_RGB ( '',0.7921568627450980005, 0.8196078431372548767, 0.9333333333333333481 ) ;
#3318 = CIRCLE ( 'NONE', #795, 0.1249999999999998890 ) ;
#3319 = EDGE_LOOP ( 'NONE', ( #6318, #10829, #7017, #1062, #78 ) ) ;
#3320 = DIRECTION ( 'NONE',  ( 0.000000000000000000, 0.000000000000000000, -1.000000000000000000 ) ) ;
#3321 = AXIS2_PLACEMENT_3D ( 'NONE', #6765, #2644, #9427 ) ;
#3322 = EDGE_CURVE ( 'NONE', #6385, #10985, #10109, .T. ) ;
#3323 =( GEOMETRIC_REPRESENTATION_CONTEXT ( 3 ) GLOBAL_UNCERTAINTY_ASSIGNED_CONTEXT ( ( #3114 ) ) GLOBAL_UNIT_ASSIGNED_CONTEXT ( ( #722, #10986, #2287 ) ) REPRESENTATION_CONTEXT ( 'NONE', 'WORKASPACE' ) );
#3324 = CARTESIAN_POINT ( 'NONE',  ( -1.374999999999999334, 0.000000000000000000, 2.225000000000001421 ) ) ;
#3325 = VECTOR ( 'NONE', #4545, 1000.000000000000000 ) ;
#3326 = DIRECTION ( 'NONE',  ( 0.000000000000000000, 0.000000000000000000, -1.000000000000000000 ) ) ;
#3327 = ORIENTED_EDGE ( 'NONE', *, *, #138, .T. ) ;
#3328 = ORIENTED_EDGE ( 'NONE', *, *, #4391, .T. ) ;
#3329 = DIRECTION ( 'NONE',  ( 0.000000000000000000, 0.000000000000000000, 1.000000000000000000 ) ) ;
#3330 = DIRECTION ( 'NONE',  ( -1.000000000000000000, 0.000000000000000000, 0.000000000000000000 ) ) ;
#3331 = DIRECTION ( 'NONE',  ( 0.000000000000000000, -1.000000000000000000, 0.000000000000000000 ) ) ;
#3332 = ORIENTED_EDGE ( 'NONE', *, *, #7422, .F. ) ;
#3333 = CARTESIAN_POINT ( 'NONE',  ( 2.500000000000000000, 0.2000000000000000111, -0.8749999999999998890 ) ) ;
#3334 = EDGE_CURVE ( 'NONE', #4765, #7660, #6394, .T. ) ;
#3335 =( GEOMETRIC_REPRESENTATION_CONTEXT ( 3 ) GLOBAL_UNCERTAINTY_ASSIGNED_CONTEXT ( ( #4149 ) ) GLOBAL_UNIT_ASSIGNED_CONTEXT ( ( #878, #7951, #7086 ) ) REPRESENTATION_CONTEXT ( 'NONE', 'WORKASPACE' ) );
#3336 = DIRECTION ( 'NONE',  ( -1.000000000000000000, -0.000000000000000000, -0.000000000000000000 ) ) ;
#3337 = CYLINDRICAL_SURFACE ( 'NONE', #3311, 0.1249999999999998890 ) ;
#3338 = ORIENTED_EDGE ( 'NONE', *, *, #10258, .T. ) ;
#3339 = DIRECTION ( 'NONE',  ( 0.000000000000000000, -0.000000000000000000, -1.000000000000000000 ) ) ;
#3340 = DIRECTION ( 'NONE',  ( 0.000000000000000000, 0.000000000000000000, -1.000000000000000000 ) ) ;
#3341 = DIRECTION ( 'NONE',  ( 1.000000000000000000, -0.000000000000000000, 0.000000000000000000 ) ) ;
#3342 = EDGE_LOOP ( 'NONE', ( #7118, #628, #10273, #7494 ) ) ;
#3343 = DIRECTION ( 'NONE',  ( -0.000000000000000000, -1.000000000000000000, -0.000000000000000000 ) ) ;
#3344 = VERTEX_POINT ( 'NONE', #2110 ) ;
#3345 = ORIENTED_EDGE ( 'NONE', *, *, #4865, .T. ) ;
#3346 = DIRECTION ( 'NONE',  ( 0.000000000000000000, 0.000000000000000000, -1.000000000000000000 ) ) ;
#3347 = EDGE_LOOP ( 'NONE', ( #2210, #9003 ) ) ;
#3348 = EDGE_CURVE ( 'NONE', #4930, #5971, #8242, .T. ) ;
#3349 = EDGE_CURVE ( 'NONE', #10900, #3243, #1271, .T. ) ;
#3350 = EDGE_CURVE ( 'NONE', #8124, #3412, #5488, .T. ) ;
#3351 = FACE_OUTER_BOUND ( 'NONE', #7641, .T. ) ;
#3352 = DIRECTION ( 'NONE',  ( -1.000000000000000000, 0.000000000000000000, 0.000000000000000000 ) ) ;
#3353 = LINE ( 'NONE', #5064, #6112 ) ;
#3354 = DIRECTION ( 'NONE',  ( 0.000000000000000000, 1.000000000000000000, 0.000000000000000000 ) ) ;
#3355 = VERTEX_POINT ( 'NONE', #6741 ) ;
#3356 = DIRECTION ( 'NONE',  ( 0.000000000000000000, 0.000000000000000000, 1.000000000000000000 ) ) ;
#3357 = CARTESIAN_POINT ( 'NONE',  ( -2.225000000000000977, 0.2000000000000000111, -1.750000000000000000 ) ) ;
#3358 = LINE ( 'NONE', #2672, #6700 ) ;
#3359 = EDGE_LOOP ( 'NONE', ( #5984, #2783, #8714, #886 ) ) ;
#3360 = LINE ( 'NONE', #7892, #2231 ) ;
#3361 = CARTESIAN_POINT ( 'NONE',  ( -0.1249999999999996253, 0.2000000000000000111, -2.225000000000001421 ) ) ;
#3362 = VERTEX_POINT ( 'NONE', #2445 ) ;
#3363 = EDGE_CURVE ( 'NONE', #8578, #4999, #831, .T. ) ;
#3364 = ADVANCED_FACE ( 'NONE', ( #6910 ), #11265, .F. ) ;
#3365 = ORIENTED_EDGE ( 'NONE', *, *, #7283, .F. ) ;
#3366 = ORIENTED_EDGE ( 'NONE', *, *, #4609, .F. ) ;
#3367 =( NAMED_UNIT ( * ) PLANE_ANGLE_UNIT ( ) SI_UNIT ( $, .RADIAN. ) );
#3368 = ORIENTED_EDGE ( 'NONE', *, *, #2496, .F. ) ;
#3369 = CARTESIAN_POINT ( 'NONE',  ( 0.000000000000000000, 0.9000000000000000222, 0.000000000000000000 ) ) ;
#3370 = DIRECTION ( 'NONE',  ( 1.000000000000000000, 0.000000000000000000, 0.000000000000000000 ) ) ;
#3371 = VERTEX_POINT ( 'NONE', #705 ) ;
#3372 = EDGE_CURVE ( 'NONE', #6460, #6809, #7785, .T. ) ;
#3373 = VERTEX_POINT ( 'NONE', #7610 ) ;
#3374 = CYLINDRICAL_SURFACE ( 'NONE', #290, 0.1249999999999998890 ) ;
#3375 = AXIS2_PLACEMENT_3D ( 'NONE', #3, #6088, #10499 ) ;
#3376 = CARTESIAN_POINT ( 'NONE',  ( 2.500000000000000000, 0.2000000000000000111, 1.125000000000000000 ) ) ;
#3377 = CARTESIAN_POINT ( 'NONE',  ( 2.500000000000000000, 0.2000000000000000111, -0.3749999999999998335 ) ) ;
#3378 = EDGE_LOOP ( 'NONE', ( #4338, #8473, #11018, #9976 ) ) ;
#3379 = DIRECTION ( 'NONE',  ( -1.000000000000000000, 0.000000000000000000, -0.000000000000000000 ) ) ;
#3380 = ORIENTED_EDGE ( 'NONE', *, *, #9982, .T. ) ;
#3381 = DIRECTION ( 'NONE',  ( 0.000000000000000000, 0.000000000000000000, -1.000000000000000000 ) ) ;
#3382 = CARTESIAN_POINT ( 'NONE',  ( 0.3750000000000001665, 0.04999999999999999584, 2.499999999999999556 ) ) ;
#3383 = PLANE ( 'NONE',  #4363 ) ;
#3384 = EDGE_CURVE ( 'NONE', #4928, #2505, #9359, .T. ) ;
#3385 = EDGE_CURVE ( 'NONE', #8436, #10221, #10331, .T. ) ;
#3386 = EDGE_LOOP ( 'NONE', ( #5684, #3751, #10943, #707, #824 ) ) ;
#3387 = LINE ( 'NONE', #8531, #7523 ) ;
#3388 = AXIS2_PLACEMENT_3D ( 'NONE', #6531, #1400, #4837 ) ;
#3389 = EDGE_CURVE ( 'NONE', #8131, #6136, #4408, .T. ) ;
#3390 = DIRECTION ( 'NONE',  ( 0.000000000000000000, -0.000000000000000000, -1.000000000000000000 ) ) ;
#3391 = DIRECTION ( 'NONE',  ( 0.000000000000000000, 0.000000000000000000, 1.000000000000000000 ) ) ;
#3392 = ORIENTED_EDGE ( 'NONE', *, *, #2080, .F. ) ;
#3393 = FILL_AREA_STYLE ('',( #11231 ) ) ;
#3394 = DIRECTION ( 'NONE',  ( -0.000000000000000000, -1.000000000000000000, -0.000000000000000000 ) ) ;
#3395 = LINE ( 'NONE', #8656, #7816 ) ;
#3396 = DIRECTION ( 'NONE',  ( 0.000000000000000000, -1.000000000000000000, 0.000000000000000000 ) ) ;
#3397 = EDGE_CURVE ( 'NONE', #2291, #8559, #1546, .T. ) ;
#3398 = MANIFOLD_SOLID_BREP ( 'Boss-Extrude3[24]', #7094 ) ;
#3399 = VERTEX_POINT ( 'NONE', #651 ) ;
#3400 = ADVANCED_FACE ( 'NONE', ( #6679 ), #1599, .F. ) ;
#3401 = LINE ( 'NONE', #859, #8209 ) ;
#3402 = ORIENTED_EDGE ( 'NONE', *, *, #7615, .F. ) ;
#3403 = EDGE_LOOP ( 'NONE', ( #9781, #11210, #9730, #3103 ) ) ;
#3404 = DIRECTION ( 'NONE',  ( 0.000000000000000000, -1.000000000000000000, 0.000000000000000000 ) ) ;
#3405 = ORIENTED_EDGE ( 'NONE', *, *, #8382, .T. ) ;
#3406 = EDGE_CURVE ( 'NONE', #499, #10365, #6856, .T. ) ;
#3407 = LINE ( 'NONE', #7881, #5651 ) ;
#3408 = CARTESIAN_POINT ( 'NONE',  ( -0.3749999999999996114, 0.2000000000000000111, 2.225000000000000977 ) ) ;
#3409 = CARTESIAN_POINT ( 'NONE',  ( -1.124999999999999556, 0.000000000000000000, 2.499999999999999556 ) ) ;
#3410 = AXIS2_PLACEMENT_3D ( 'NONE', #7218, #4749, #9986 ) ;
#3411 = DIRECTION ( 'NONE',  ( 0.000000000000000000, 0.000000000000000000, 1.000000000000000000 ) ) ;
#3412 = VERTEX_POINT ( 'NONE', #5810 ) ;
#3413 = DIRECTION ( 'NONE',  ( 0.000000000000000000, -1.000000000000000000, 0.000000000000000000 ) ) ;
#3414 = CARTESIAN_POINT ( 'NONE',  ( -0.1249999999999996253, 0.2000000000000000111, -2.225000000000001421 ) ) ;
#3415 = DIRECTION ( 'NONE',  ( 0.000000000000000000, -0.000000000000000000, -1.000000000000000000 ) ) ;
#3416 = CARTESIAN_POINT ( 'NONE',  ( -1.374999999999999334, 0.2000000000000000111, 2.500000000000000000 ) ) ;
#3417 = ORIENTED_EDGE ( 'NONE', *, *, #8350, .F. ) ;
#3418 = CARTESIAN_POINT ( 'NONE',  ( -2.499999999999978684, 0.2000000000000000111, 0.1250000000000001110 ) ) ;
#3419 = FACE_OUTER_BOUND ( 'NONE', #3421, .T. ) ;
#3420 = SURFACE_STYLE_FILL_AREA ( #3547 ) ;
#3421 = EDGE_LOOP ( 'NONE', ( #5565, #7105, #2493, #10432 ) ) ;
#3422 = ORIENTED_EDGE ( 'NONE', *, *, #8055, .T. ) ;
#3423 = MANIFOLD_SOLID_BREP ( 'Boss-Extrude3[28]', #1604 ) ;
#3424 = EDGE_CURVE ( 'NONE', #3925, #2327, #1945, .T. ) ;
#3425 = EDGE_CURVE ( 'NONE', #1149, #11148, #9300, .T. ) ;
#3426 = EDGE_CURVE ( 'NONE', #7591, #1733, #8057, .T. ) ;
#3427 = LINE ( 'NONE', #2623, #2170 ) ;
#3428 = DIRECTION ( 'NONE',  ( 0.000000000000000000, 0.000000000000000000, -1.000000000000000000 ) ) ;
#3429 = CIRCLE ( 'NONE', #1255, 0.1499999999999999667 ) ;
#3430 = ORIENTED_EDGE ( 'NONE', *, *, #7455, .T. ) ;
#3431 = CARTESIAN_POINT ( 'NONE',  ( 1.375000000000000000, 0.2000000000000000111, -2.500000000000000000 ) ) ;
#3432 = CARTESIAN_POINT ( 'NONE',  ( 2.225000000000001421, 0.04999999999999999584, -0.6250000000000001110 ) ) ;
#3433 = CIRCLE ( 'NONE', #716, 0.1249999999999996808 ) ;
#3434 = ORIENTED_EDGE ( 'NONE', *, *, #3576, .F. ) ;
#3435 = FACE_OUTER_BOUND ( 'NONE', #2017, .T. ) ;
#3436 = AXIS2_PLACEMENT_3D ( 'NONE', #8479, #668, #2404 ) ;
#3437 = ADVANCED_FACE ( 'NONE', ( #2856 ), #6328, .T. ) ;
#3438 = DIRECTION ( 'NONE',  ( 0.000000000000000000, 0.000000000000000000, -1.000000000000000000 ) ) ;
#3439 = DIRECTION ( 'NONE',  ( 0.000000000000000000, -1.000000000000000000, 0.000000000000000000 ) ) ;
#3440 = ORIENTED_EDGE ( 'NONE', *, *, #9138, .F. ) ;
#3441 = LINE ( 'NONE', #8755, #3947 ) ;
#3442 = VECTOR ( 'NONE', #8822, 1000.000000000000000 ) ;
#3443 = CARTESIAN_POINT ( 'NONE',  ( -2.499999999999999556, 0.04999999999999969746, 2.500000000000000000 ) ) ;
#3444 = CARTESIAN_POINT ( 'NONE',  ( -1.124999999999999556, 0.2000000000000000111, 2.499999999999999556 ) ) ;
#3445 = DIRECTION ( 'NONE',  ( 0.000000000000000000, 0.000000000000000000, -1.000000000000000000 ) ) ;
#3446 = CIRCLE ( 'NONE', #5982, 0.1499999999999999667 ) ;
#3447 = ORIENTED_EDGE ( 'NONE', *, *, #3189, .F. ) ;
#3448 = DIRECTION ( 'NONE',  ( -0.000000000000000000, -1.000000000000000000, -0.000000000000000000 ) ) ;
#3449 = PRESENTATION_LAYER_ASSIGNMENT (  '', '', ( #8740 ) ) ;
#3450 = VECTOR ( 'NONE', #8652, 1000.000000000000000 ) ;
#3451 = AXIS2_PLACEMENT_3D ( 'NONE', #1391, #2239, #3808 ) ;
#3452 = DIRECTION ( 'NONE',  ( 1.000000000000000000, 0.000000000000000000, -0.000000000000000000 ) ) ;
#3453 = ORIENTED_EDGE ( 'NONE', *, *, #9916, .T. ) ;
#3454 = CARTESIAN_POINT ( 'NONE',  ( -2.225000000000000977, 0.2000000000000000111, -1.750000000000000000 ) ) ;
#3455 = LINE ( 'NONE', #6942, #5778 ) ;
#3456 = CARTESIAN_POINT ( 'NONE',  ( -1.749999999999999112, 0.2000000000000000111, -2.224999999999965006 ) ) ;
#3457 = MANIFOLD_SOLID_BREP ( 'Boss-Extrude3[22]', #511 ) ;
#3458 = PLANE ( 'NONE',  #10191 ) ;
#3459 = VECTOR ( 'NONE', #4986, 1000.000000000000000 ) ;
#3460 = ORIENTED_EDGE ( 'NONE', *, *, #7204, .F. ) ;
#3461 = ORIENTED_EDGE ( 'NONE', *, *, #6529, .T. ) ;
#3462 = LINE ( 'NONE', #10364, #10797 ) ;
#3463 = ORIENTED_EDGE ( 'NONE', *, *, #8731, .F. ) ;
#3464 = AXIS2_PLACEMENT_3D ( 'NONE', #1081, #2071, #8255 ) ;
#3465 = VECTOR ( 'NONE', #1061, 1000.000000000000000 ) ;
#3466 = ADVANCED_FACE ( 'NONE', ( #2812 ), #8015, .T. ) ;
#3467 = VECTOR ( 'NONE', #9777, 1000.000000000000000 ) ;
#3468 = VECTOR ( 'NONE', #784, 1000.000000000000000 ) ;
#3469 = CARTESIAN_POINT ( 'NONE',  ( 2.224999999999980549, 0.000000000000000000, -0.2499999999999998890 ) ) ;
#3470 = CARTESIAN_POINT ( 'NONE',  ( -2.499999999999999556, 0.04999999999999969746, -2.500000000000000000 ) ) ;
#3471 = LINE ( 'NONE', #6029, #8856 ) ;
#3472 = CIRCLE ( 'NONE', #2159, 0.1249999999999996808 ) ;
#3473 = SURFACE_SIDE_STYLE ('',( #6957 ) ) ;
#3474 = VERTEX_POINT ( 'NONE', #7903 ) ;
#3475 = CARTESIAN_POINT ( 'NONE',  ( 1.625000000000000000, 0.000000000000000000, 2.499999999999999112 ) ) ;
#3476 = CARTESIAN_POINT ( 'NONE',  ( -1.874999999999999334, 0.000000000000000000, 2.225000000000001421 ) ) ;
#3477 = LINE ( 'NONE', #6792, #8712 ) ;
#3478 = DIRECTION ( 'NONE',  ( -0.000000000000000000, -1.000000000000000000, -0.000000000000000000 ) ) ;
#3479 = VERTEX_POINT ( 'NONE', #7096 ) ;
#3480 = PLANE ( 'NONE',  #597 ) ;
#3481 = LINE ( 'NONE', #6097, #5272 ) ;
#3482 = VERTEX_POINT ( 'NONE', #8912 ) ;
#3483 = DIRECTION ( 'NONE',  ( 0.000000000000000000, 0.000000000000000000, 1.000000000000000000 ) ) ;
#3484 = ORIENTED_EDGE ( 'NONE', *, *, #2096, .T. ) ;
#3485 = EDGE_LOOP ( 'NONE', ( #4241, #4858, #9562, #4823, #5710 ) ) ;
#3486 = CIRCLE ( 'NONE', #1839, 0.1499999999999999667 ) ;
#3487 = EDGE_CURVE ( 'NONE', #5893, #5403, #7839, .T. ) ;
#3488 = AXIS2_PLACEMENT_3D ( 'NONE', #7215, #10689, #5480 ) ;
#3489 = EDGE_CURVE ( 'NONE', #9181, #5831, #8858, .T. ) ;
#3490 = VECTOR ( 'NONE', #5547, 1000.000000000000000 ) ;
#3491 = CARTESIAN_POINT ( 'NONE',  ( -1.749999999999999334, 0.2000000000000000111, 2.225000000000001421 ) ) ;
#3492 = ORIENTED_EDGE ( 'NONE', *, *, #7002, .T. ) ;
#3493 = CARTESIAN_POINT ( 'NONE',  ( -2.499999999999984013, 0.2000000000000000111, -0.3749999999999998890 ) ) ;
#3494 = LINE ( 'NONE', #9595, #9064 ) ;
#3495 = VECTOR ( 'NONE', #870, 1000.000000000000000 ) ;
#3496 = DIRECTION ( 'NONE',  ( -0.000000000000000000, 0.000000000000000000, 1.000000000000000000 ) ) ;
#3497 = ORIENTED_EDGE ( 'NONE', *, *, #10329, .T. ) ;
#3498 = LINE ( 'NONE', #2289, #214 ) ;
#3499 = EDGE_LOOP ( 'NONE', ( #10277, #964, #9517, #7662 ) ) ;
#3500 = EDGE_CURVE ( 'NONE', #3667, #3936, #2758, .T. ) ;
#3501 = ADVANCED_FACE ( 'NONE', ( #10460 ), #4354, .T. ) ;
#3502 = ADVANCED_FACE ( 'NONE', ( #3836 ), #10097, .T. ) ;
#3503 = MECHANICAL_DESIGN_GEOMETRIC_PRESENTATION_REPRESENTATION (  '', ( #9319 ), #8611 ) ;
#3504 = CARTESIAN_POINT ( 'NONE',  ( 1.375000000000000000, 0.000000000000000000, -2.500000000000000000 ) ) ;
#3505 = MANIFOLD_SOLID_BREP ( 'Boss-Extrude3[19]', #1783 ) ;
#3506 = DIRECTION ( 'NONE',  ( 0.000000000000000000, -1.000000000000000000, 0.000000000000000000 ) ) ;
#3507 = ORIENTED_EDGE ( 'NONE', *, *, #1295, .T. ) ;
#3508 = LINE ( 'NONE', #4543, #3759 ) ;
#3509 = VECTOR ( 'NONE', #10871, 1000.000000000000000 ) ;
#3510 = VECTOR ( 'NONE', #10850, 1000.000000000000000 ) ;
#3511 = VERTEX_POINT ( 'NONE', #3067 ) ;
#3512 = FACE_OUTER_BOUND ( 'NONE', #5593, .T. ) ;
#3513 = DIRECTION ( 'NONE',  ( 0.000000000000000000, 0.000000000000000000, -1.000000000000000000 ) ) ;
#3514 = VECTOR ( 'NONE', #670, 1000.000000000000000 ) ;
#3515 = ORIENTED_EDGE ( 'NONE', *, *, #5649, .F. ) ;
#3516 = CARTESIAN_POINT ( 'NONE',  ( 2.224999999999985878, 0.2000000000000000111, 0.2500000000000001110 ) ) ;
#3517 = EDGE_CURVE ( 'NONE', #10495, #10556, #10790, .T. ) ;
#3518 = VECTOR ( 'NONE', #5114, 1000.000000000000000 ) ;
#3519 = DIRECTION ( 'NONE',  ( 0.000000000000000000, 0.000000000000000000, -1.000000000000000000 ) ) ;
#3520 = VERTEX_POINT ( 'NONE', #4646 ) ;
#3521 = PLANE ( 'NONE',  #1870 ) ;
#3522 = CARTESIAN_POINT ( 'NONE',  ( 2.224999999999985878, 0.04999999999999999584, 0.1250000000000002220 ) ) ;
#3523 = FACE_OUTER_BOUND ( 'NONE', #9305, .T. ) ;
#3524 = VECTOR ( 'NONE', #5721, 1000.000000000000000 ) ;
#3525 = ORIENTED_EDGE ( 'NONE', *, *, #4770, .T. ) ;
#3526 = VECTOR ( 'NONE', #10011, 1000.000000000000000 ) ;
#3527 = PLANE ( 'NONE',  #5807 ) ;
#3528 = LINE ( 'NONE', #2656, #5952 ) ;
#3529 = ORIENTED_EDGE ( 'NONE', *, *, #8496, .T. ) ;
#3530 = CARTESIAN_POINT ( 'NONE',  ( -2.499999999999989342, 0.04999999999999999584, -0.6250000000000001110 ) ) ;
#3531 = ORIENTED_EDGE ( 'NONE', *, *, #2400, .F. ) ;
#3532 = EDGE_CURVE ( 'NONE', #7538, #11215, #3893, .T. ) ;
#3533 = ORIENTED_EDGE ( 'NONE', *, *, #7182, .F. ) ;
#3534 = CIRCLE ( 'NONE', #3731, 0.1249999999999996808 ) ;
#3535 = CARTESIAN_POINT ( 'NONE',  ( -1.749999999999999334, 0.2000000000000000111, 2.100000000000000977 ) ) ;
#3536 = LINE ( 'NONE', #7021, #4912 ) ;
#3537 = CARTESIAN_POINT ( 'NONE',  ( 2.500000000000000000, 0.2000000000000000111, -1.124999999999999556 ) ) ;
#3538 = ORIENTED_EDGE ( 'NONE', *, *, #4824, .F. ) ;
#3539 = CARTESIAN_POINT ( 'NONE',  ( -0.6249999999999995559, 0.2000000000000000111, -2.500000000000000000 ) ) ;
#3540 = CYLINDRICAL_SURFACE ( 'NONE', #2723, 0.2000000000000003164 ) ;
#3541 = PLANE ( 'NONE',  #9432 ) ;
#3542 = LINE ( 'NONE', #9396, #9614 ) ;
#3543 = ORIENTED_EDGE ( 'NONE', *, *, #375, .F. ) ;
#3544 = CARTESIAN_POINT ( 'NONE',  ( 2.225000000000001421, 0.2000000000000000111, -0.6250000000000001110 ) ) ;
#3545 = DIRECTION ( 'NONE',  ( 0.000000000000000000, 0.000000000000000000, -1.000000000000000000 ) ) ;
#3546 = ORIENTED_EDGE ( 'NONE', *, *, #4939, .F. ) ;
#3547 = FILL_AREA_STYLE ('',( #127 ) ) ;
#3548 = ORIENTED_EDGE ( 'NONE', *, *, #5725, .T. ) ;
#3549 = EDGE_CURVE ( 'NONE', #5671, #9236, #4746, .T. ) ;
#3550 = ORIENTED_EDGE ( 'NONE', *, *, #2230, .T. ) ;
#3551 = ORIENTED_EDGE ( 'NONE', *, *, #3074, .T. ) ;
#3552 = ADVANCED_FACE ( 'NONE', ( #8231 ), #3128, .T. ) ;
#3553 = MANIFOLD_SOLID_BREP ( 'Boss-Extrude3[13]', #9428 ) ;
#3554 = CARTESIAN_POINT ( 'NONE',  ( 0.1250000000000005829, 0.2000000000000000111, -2.500000000000000000 ) ) ;
#3555 = EDGE_LOOP ( 'NONE', ( #10306, #1154, #10286, #4277 ) ) ;
#3556 = EDGE_CURVE ( 'NONE', #4508, #5987, #9185, .T. ) ;
#3557 = LINE ( 'NONE', #5985, #1308 ) ;
#3558 = CARTESIAN_POINT ( 'NONE',  ( 1.800000000000000044, 0.2000000000000000111, -1.649999999999998801 ) ) ;
#3559 = CARTESIAN_POINT ( 'NONE',  ( 2.500000000000000000, 0.2000000000000000111, -0.1250000000000000555 ) ) ;
#3560 = ORIENTED_EDGE ( 'NONE', *, *, #1739, .F. ) ;
#3561 = ORIENTED_EDGE ( 'NONE', *, *, #8025, .F. ) ;
#3562 = CARTESIAN_POINT ( 'NONE',  ( 2.500000000000000000, 0.2000000000000000111, -1.624999999999999556 ) ) ;
#3563 = DIRECTION ( 'NONE',  ( 0.000000000000000000, 0.000000000000000000, -1.000000000000000000 ) ) ;
#3564 = EDGE_LOOP ( 'NONE', ( #10349, #3739, #3546, #7468 ) ) ;
#3565 = EDGE_CURVE ( 'NONE', #10365, #9012, #5321, .T. ) ;
#3566 = VECTOR ( 'NONE', #11058, 1000.000000000000000 ) ;
#3567 = FACE_OUTER_BOUND ( 'NONE', #4527, .T. ) ;
#3568 = ADVANCED_FACE ( 'NONE', ( #2968 ), #6837, .F. ) ;
#3569 = FILL_AREA_STYLE_COLOUR ( '', #2790 ) ;
#3570 = CARTESIAN_POINT ( 'NONE',  ( 2.500000000000000000, 0.000000000000000000, -0.6250000000000001110 ) ) ;
#3571 = CYLINDRICAL_SURFACE ( 'NONE', #4554, 0.1249999999999998890 ) ;
#3572 = EDGE_LOOP ( 'NONE', ( #652, #6524, #9245, #8208 ) ) ;
#3573 = CARTESIAN_POINT ( 'NONE',  ( -0.2499999999999997224, 0.2000000000000000111, 2.224999999999985434 ) ) ;
#3574 = AXIS2_PLACEMENT_3D ( 'NONE', #751, #10261, #5235 ) ;
#3575 = EDGE_CURVE ( 'NONE', #6136, #8131, #966, .T. ) ;
#3576 = EDGE_CURVE ( 'NONE', #9523, #75, #2310, .T. ) ;
#3577 = ADVANCED_FACE ( 'NONE', ( #5855 ), #10142, .F. ) ;
#3578 = DIRECTION ( 'NONE',  ( -0.000000000000000000, -1.000000000000000000, -0.000000000000000000 ) ) ;
#3579 = ORIENTED_EDGE ( 'NONE', *, *, #4481, .F. ) ;
#3581 = VECTOR ( 'NONE', #7141, 1000.000000000000000 ) ;
#3580 = DIRECTION ( 'NONE',  ( -1.000000000000000000, 0.000000000000000000, 7.885106708985523547E-16 ) ) ;
#3582 = LINE ( 'NONE', #1191, #267 ) ;
#3583 = DIRECTION ( 'NONE',  ( -0.000000000000000000, 0.000000000000000000, 1.000000000000000000 ) ) ;
#3584 = FACE_OUTER_BOUND ( 'NONE', #7651, .T. ) ;
#3585 = MANIFOLD_SOLID_BREP ( 'Boss-Extrude3[14]', #164 ) ;
#3586 = ORIENTED_EDGE ( 'NONE', *, *, #7801, .T. ) ;
#3587 = CARTESIAN_POINT ( 'NONE',  ( 2.500000000000000000, 0.2000000000000000111, -0.3749999999999998335 ) ) ;
#3588 = ORIENTED_EDGE ( 'NONE', *, *, #3348, .F. ) ;
#3589 = DIRECTION ( 'NONE',  ( 0.000000000000000000, 0.000000000000000000, -1.000000000000000000 ) ) ;
#3590 = ORIENTED_EDGE ( 'NONE', *, *, #10832, .T. ) ;
#3591 = ADVANCED_FACE ( 'NONE', ( #3293 ), #1416, .T. ) ;
#3592 = CARTESIAN_POINT ( 'NONE',  ( -2.499999999999999556, 0.2000000000000000111, -1.875000000000000000 ) ) ;
#3593 = DIRECTION ( 'NONE',  ( 0.000000000000000000, -1.000000000000000000, 0.000000000000000000 ) ) ;
#3594 = DIRECTION ( 'NONE',  ( -0.000000000000000000, -1.000000000000000000, -0.000000000000000000 ) ) ;
#3595 = DIRECTION ( 'NONE',  ( -0.000000000000000000, 0.000000000000000000, 1.000000000000000000 ) ) ;
#3596 = ORIENTED_EDGE ( 'NONE', *, *, #944, .T. ) ;
#3597 = CARTESIAN_POINT ( 'NONE',  ( -2.499999999999989342, 0.000000000000000000, -0.8749999999999998890 ) ) ;
#3598 = CARTESIAN_POINT ( 'NONE',  ( 1.875000000000000000, 0.000000000000000000, -2.225000000000001421 ) ) ;
#3600 = CARTESIAN_POINT ( 'NONE',  ( 2.500000000000000000, 0.2000000000000000111, -0.3749999999999998335 ) ) ;
#3599 = UNCERTAINTY_MEASURE_WITH_UNIT (LENGTH_MEASURE( 1.000000000000000082E-05 ), #1471, 'distance_accuracy_value', 'NONE');
#3601 = CARTESIAN_POINT ( 'NONE',  ( 0.6250000000000004441, 0.000000000000000000, -2.225000000000001421 ) ) ;
#3602 = ORIENTED_EDGE ( 'NONE', *, *, #1963, .T. ) ;
#3603 = SURFACE_SIDE_STYLE ('',( #10321 ) ) ;
#3604 = PLANE ( 'NONE',  #9646 ) ;
#3605 = ORIENTED_EDGE ( 'NONE', *, *, #7503, .T. ) ;
#3606 = PLANE ( 'NONE',  #6351 ) ;
#3607 = ORIENTED_EDGE ( 'NONE', *, *, #6286, .T. ) ;
#3608 = ORIENTED_EDGE ( 'NONE', *, *, #10402, .F. ) ;
#3609 = DIRECTION ( 'NONE',  ( 0.000000000000000000, -1.000000000000000000, 0.000000000000000000 ) ) ;
#3610 = EDGE_LOOP ( 'NONE', ( #2716, #9210, #8016, #3924 ) ) ;
#3611 = CARTESIAN_POINT ( 'NONE',  ( 2.500000000000000444, 0.04999999999999969746, -0.6250000000000001110 ) ) ;
#3612 = DIRECTION ( 'NONE',  ( 0.000000000000000000, -1.000000000000000000, 0.000000000000000000 ) ) ;
#3613 = LINE ( 'NONE', #200, #9116 ) ;
#3614 = ORIENTED_EDGE ( 'NONE', *, *, #6565, .T. ) ;
#3615 = ORIENTED_EDGE ( 'NONE', *, *, #2511, .T. ) ;
#3616 = VECTOR ( 'NONE', #8972, 1000.000000000000000 ) ;
#3617 = EDGE_CURVE ( 'NONE', #3932, #3117, #9342, .T. ) ;
#3618 = VECTOR ( 'NONE', #929, 1000.000000000000000 ) ;
#3619 = ADVANCED_FACE ( 'NONE', ( #4287 ), #7546, .F. ) ;
#3620 = DIRECTION ( 'NONE',  ( -0.000000000000000000, -1.000000000000000000, -0.000000000000000000 ) ) ;
#3621 = MANIFOLD_SOLID_BREP ( 'Boss-Extrude3[12]', #1244 ) ;
#3622 = CLOSED_SHELL ( 'NONE', ( #5880, #945, #5404, #9219, #475, #3552 ) ) ;
#3623 = CARTESIAN_POINT ( 'NONE',  ( -2.499999999999994227, 0.2000000000000000111, -1.125000000000000222 ) ) ;
#3624 = EDGE_LOOP ( 'NONE', ( #9360, #4785, #1184, #3740 ) ) ;
#3625 = CARTESIAN_POINT ( 'NONE',  ( 2.500000000000000000, 0.2000000000000000111, 0.1250000000000001665 ) ) ;
#3626 = CARTESIAN_POINT ( 'NONE',  ( -2.224999999999980105, 0.000000000000000000, 0.1250000000000001110 ) ) ;
#3627 = ORIENTED_EDGE ( 'NONE', *, *, #2720, .T. ) ;
#3628 = CARTESIAN_POINT ( 'NONE',  ( -1.374999999999999112, 0.04999999999999999584, -2.500000000000000000 ) ) ;
#3629 = FACE_OUTER_BOUND ( 'NONE', #10147, .T. ) ;
#3630 = ORIENTED_EDGE ( 'NONE', *, *, #291, .F. ) ;
#3631 = VECTOR ( 'NONE', #445, 1000.000000000000000 ) ;
#3632 = PLANE ( 'NONE',  #4975 ) ;
#3633 = VECTOR ( 'NONE', #561, 1000.000000000000000 ) ;
#3634 = EDGE_CURVE ( 'NONE', #8898, #7166, #4898, .T. ) ;
#3635 = VECTOR ( 'NONE', #9044, 1000.000000000000000 ) ;
#3636 = PLANE ( 'NONE',  #8930 ) ;
#3637 = ORIENTED_EDGE ( 'NONE', *, *, #727, .T. ) ;
#3638 = LINE ( 'NONE', #9791, #10441 ) ;
#3639 = CARTESIAN_POINT ( 'NONE',  ( 1.649999999999998801, 0.2000000000000000111, -1.800000000000000044 ) ) ;
#3640 = DIRECTION ( 'NONE',  ( 0.000000000000000000, -1.000000000000000000, 0.000000000000000000 ) ) ;
#3641 = MANIFOLD_SOLID_BREP ( 'Boss-Extrude3[6]', #9248 ) ;
#3642 = ORIENTED_EDGE ( 'NONE', *, *, #3696, .F. ) ;
#3643 = LINE ( 'NONE', #7874, #5061 ) ;
#3644 = ORIENTED_EDGE ( 'NONE', *, *, #1576, .F. ) ;
#3645 = PLANE ( 'NONE',  #9156 ) ;
#3646 = ORIENTED_EDGE ( 'NONE', *, *, #9123, .F. ) ;
#3647 = ADVANCED_FACE ( 'NONE', ( #4395 ), #988, .F. ) ;
#3648 = EDGE_CURVE ( 'NONE', #3925, #3748, #2727, .T. ) ;
#3649 = VECTOR ( 'NONE', #1205, 1000.000000000000000 ) ;
#3650 = EDGE_CURVE ( 'NONE', #10125, #951, #2794, .T. ) ;
#3651 = VECTOR ( 'NONE', #10958, 1000.000000000000000 ) ;
#3652 = EDGE_LOOP ( 'NONE', ( #551, #5057, #5515, #6940, #3871, #3605, #1964, #8767, #5931, #8267 ) ) ;
#3653 = FACE_OUTER_BOUND ( 'NONE', #8865, .T. ) ;
#3654 = DIRECTION ( 'NONE',  ( 0.000000000000000000, 0.000000000000000000, 1.000000000000000000 ) ) ;
#3655 =( NAMED_UNIT ( * ) SI_UNIT ( $, .STERADIAN. ) SOLID_ANGLE_UNIT ( ) );
#3656 = CIRCLE ( 'NONE', #741, 0.1250000000000001110 ) ;
#3657 = ORIENTED_EDGE ( 'NONE', *, *, #618, .F. ) ;
#3658 = LINE ( 'NONE', #4514, #3890 ) ;
#3659 = CARTESIAN_POINT ( 'NONE',  ( -2.224999999999995648, 0.2000000000000000111, -1.250000000000000000 ) ) ;
#3660 = DIRECTION ( 'NONE',  ( 0.000000000000000000, -1.000000000000000000, 0.000000000000000000 ) ) ;
#3661 = CARTESIAN_POINT ( 'NONE',  ( -1.249999999999999556, 0.2000000000000000111, 2.224999999999996092 ) ) ;
#3662 = AXIS2_PLACEMENT_3D ( 'NONE', #10207, #7488, #2372 ) ;
#3663 = EDGE_LOOP ( 'NONE', ( #4995, #9820, #9656, #6274 ) ) ;
#3664 = CARTESIAN_POINT ( 'NONE',  ( -1.624999999999999334, 0.2000000000000000111, -2.500000000000000000 ) ) ;
#3665 = ORIENTED_EDGE ( 'NONE', *, *, #3911, .T. ) ;
#3666 =( NAMED_UNIT ( * ) PLANE_ANGLE_UNIT ( ) SI_UNIT ( $, .RADIAN. ) );
#3667 = VERTEX_POINT ( 'NONE', #4336 ) ;
#3668 = ORIENTED_EDGE ( 'NONE', *, *, #9894, .T. ) ;
#3669 = EDGE_CURVE ( 'NONE', #4593, #2321, #6030, .T. ) ;
#3670 = VECTOR ( 'NONE', #4703, 1000.000000000000000 ) ;
#3671 = VECTOR ( 'NONE', #9904, 1000.000000000000000 ) ;
#3672 = CARTESIAN_POINT ( 'NONE',  ( -2.499999999999989342, 0.000000000000000000, -0.8749999999999998890 ) ) ;
#3673 = ORIENTED_EDGE ( 'NONE', *, *, #10548, .T. ) ;
#3674 = CARTESIAN_POINT ( 'NONE',  ( 2.225000000000001421, 0.2000000000000000111, 0.8749999999999996669 ) ) ;
#3675 = LINE ( 'NONE', #7162, #8180 ) ;
#3676 = LINE ( 'NONE', #87, #10589 ) ;
#3677 = ORIENTED_EDGE ( 'NONE', *, *, #6046, .T. ) ;
#3678 = AXIS2_PLACEMENT_3D ( 'NONE', #8720, #5185, #5233 ) ;
#3679 = CARTESIAN_POINT ( 'NONE',  ( 1.125000000000000222, 0.2000000000000000111, -2.500000000000000000 ) ) ;
#3680 = ORIENTED_EDGE ( 'NONE', *, *, #6276, .T. ) ;
#3681 = VECTOR ( 'NONE', #8472, 1000.000000000000000 ) ;
#3682 = ADVANCED_FACE ( 'NONE', ( #118 ), #10500, .F. ) ;
#3683 = AXIS2_PLACEMENT_3D ( 'NONE', #5332, #2464, #9663 ) ;
#3684 = AXIS2_PLACEMENT_3D ( 'NONE', #8570, #3248, #2561 ) ;
#3685 = DIRECTION ( 'NONE',  ( 0.000000000000000000, 0.000000000000000000, 1.000000000000000000 ) ) ;
#3686 = CARTESIAN_POINT ( 'NONE',  ( -1.749999999999999334, 0.2000000000000000111, 2.225000000000001421 ) ) ;
#3687 = ORIENTED_EDGE ( 'NONE', *, *, #3334, .T. ) ;
#3688 = CARTESIAN_POINT ( 'NONE',  ( 2.224999999999996092, 0.2000000000000000111, 1.250000000000000000 ) ) ;
#3689 = LINE ( 'NONE', #1848, #10496 ) ;
#3690 = LINE ( 'NONE', #7279, #3325 ) ;
#3691 = LINE ( 'NONE', #1962, #7646 ) ;
#3692 = CIRCLE ( 'NONE', #5499, 0.1249999999999998890 ) ;
#3693 = ORIENTED_EDGE ( 'NONE', *, *, #5929, .T. ) ;
#3694 = FACE_OUTER_BOUND ( 'NONE', #4167, .T. ) ;
#3695 = AXIS2_PLACEMENT_3D ( 'NONE', #1365, #10793, #3992 ) ;
#3696 = EDGE_CURVE ( 'NONE', #2269, #9662, #2666, .T. ) ;
#3697 = LINE ( 'NONE', #10660, #7675 ) ;
#3698 = EDGE_LOOP ( 'NONE', ( #9872, #6235, #11266, #8427 ) ) ;
#3699 = ADVANCED_FACE ( 'NONE', ( #9578 ), #9695, .F. ) ;
#3700 = CARTESIAN_POINT ( 'NONE',  ( -0.1249999999999996531, 0.2000000000000000111, -2.500000000000000000 ) ) ;
#3701 = DIRECTION ( 'NONE',  ( 0.000000000000000000, 0.000000000000000000, -1.000000000000000000 ) ) ;
#3702 = CARTESIAN_POINT ( 'NONE',  ( -2.499999999999968470, 0.2000000000000000111, 1.375000000000000000 ) ) ;
#3703 = LINE ( 'NONE', #5561, #6516 ) ;
#3704 = DIRECTION ( 'NONE',  ( -0.000000000000000000, -1.000000000000000000, -0.000000000000000000 ) ) ;
#3705 = ORIENTED_EDGE ( 'NONE', *, *, #5789, .T. ) ;
#3706 = CARTESIAN_POINT ( 'NONE',  ( 2.225000000000001421, 0.2000000000000000111, -0.1250000000000000278 ) ) ;
#3707 = COLOUR_RGB ( '',0.7921568627450980005, 0.8196078431372548767, 0.9333333333333333481 ) ;
#3708 = VECTOR ( 'NONE', #1629, 1000.000000000000000 ) ;
#3709 = VECTOR ( 'NONE', #4782, 1000.000000000000000 ) ;
#3710 = DIRECTION ( 'NONE',  ( -1.000000000000000000, 0.000000000000000000, 0.000000000000000000 ) ) ;
#3711 = FACE_OUTER_BOUND ( 'NONE', #5464, .T. ) ;
#3712 = AXIS2_PLACEMENT_3D ( 'NONE', #1913, #4431, #215 ) ;
#3713 = FILL_AREA_STYLE_COLOUR ( '', #10965 ) ;
#3714 = ORIENTED_EDGE ( 'NONE', *, *, #3720, .F. ) ;
#3715 = ADVANCED_FACE ( 'NONE', ( #5357 ), #7079, .T. ) ;
#3716 = DIRECTION ( 'NONE',  ( 0.000000000000000000, -1.000000000000000000, 0.000000000000000000 ) ) ;
#3717 = PLANE ( 'NONE',  #11 ) ;
#3718 = DIRECTION ( 'NONE',  ( -1.000000000000000000, 0.000000000000000000, 0.000000000000000000 ) ) ;
#3719 = PLANE ( 'NONE',  #8908 ) ;
#3720 = EDGE_CURVE ( 'NONE', #9277, #5142, #1704, .T. ) ;
#3721 = VECTOR ( 'NONE', #6686, 1000.000000000000000 ) ;
#3722 = ORIENTED_EDGE ( 'NONE', *, *, #5637, .T. ) ;
#3723 = DIRECTION ( 'NONE',  ( 0.000000000000000000, 0.000000000000000000, -1.000000000000000000 ) ) ;
#3724 = FACE_OUTER_BOUND ( 'NONE', #891, .T. ) ;
#3725 = ORIENTED_EDGE ( 'NONE', *, *, #3289, .T. ) ;
#3726 = CARTESIAN_POINT ( 'NONE',  ( -1.874999999999999334, 0.2000000000000000111, -2.500000000000000000 ) ) ;
#3727 = ORIENTED_EDGE ( 'NONE', *, *, #2349, .T. ) ;
#3728 = ORIENTED_EDGE ( 'NONE', *, *, #7670, .F. ) ;
#3729 = AXIS2_PLACEMENT_3D ( 'NONE', #2384, #10278, #5873 ) ;
#3730 = MANIFOLD_SOLID_BREP ( 'Boss-Extrude3[33]', #2876 ) ;
#3731 = AXIS2_PLACEMENT_3D ( 'NONE', #5576, #9060, #3723 ) ;
#3732 = DIRECTION ( 'NONE',  ( -1.000000000000000000, 0.000000000000000000, -0.000000000000000000 ) ) ;
#3733 =( NAMED_UNIT ( * ) PLANE_ANGLE_UNIT ( ) SI_UNIT ( $, .RADIAN. ) );
#3734 = EDGE_CURVE ( 'NONE', #1768, #4425, #3052, .T. ) ;
#3735 = VERTEX_POINT ( 'NONE', #6141 ) ;
#3736 = LINE ( 'NONE', #8132, #4613 ) ;
#3737 = DIRECTION ( 'NONE',  ( 1.000000000000000000, 0.000000000000000000, -0.000000000000000000 ) ) ;
#3738 = EDGE_CURVE ( 'NONE', #5746, #7505, #10721, .T. ) ;
#3739 = ORIENTED_EDGE ( 'NONE', *, *, #9328, .F. ) ;
#3740 = ORIENTED_EDGE ( 'NONE', *, *, #1079, .F. ) ;
#3741 = DIRECTION ( 'NONE',  ( -0.000000000000000000, -1.000000000000000000, -0.000000000000000000 ) ) ;
#3742 = MANIFOLD_SOLID_BREP ( 'Boss-Extrude3[2]', #3051 ) ;
#3743 = CYLINDRICAL_SURFACE ( 'NONE', #221, 0.1250000000000001110 ) ;
#3744 = ORIENTED_EDGE ( 'NONE', *, *, #10457, .F. ) ;
#3745 = DIRECTION ( 'NONE',  ( 0.000000000000000000, -0.000000000000000000, -1.000000000000000000 ) ) ;
#3746 = FACE_OUTER_BOUND ( 'NONE', #1237, .T. ) ;
#3747 = ADVANCED_FACE ( 'NONE', ( #1981 ), #4681, .T. ) ;
#3748 = VERTEX_POINT ( 'NONE', #498 ) ;
#3749 = PLANE ( 'NONE',  #3712 ) ;
#3750 = DIRECTION ( 'NONE',  ( 1.000000000000000000, 0.000000000000000000, -0.000000000000000000 ) ) ;
#3751 = ORIENTED_EDGE ( 'NONE', *, *, #9702, .F. ) ;
#3752 = DIRECTION ( 'NONE',  ( -1.000000000000000000, 0.000000000000000000, -0.000000000000000000 ) ) ;
#3753 = EDGE_CURVE ( 'NONE', #10360, #166, #9864, .T. ) ;
#3754 = CARTESIAN_POINT ( 'NONE',  ( -2.499999999999994227, 0.2000000000000000111, -1.375000000000000000 ) ) ;
#3755 = ORIENTED_EDGE ( 'NONE', *, *, #7271, .F. ) ;
#3756 = DIRECTION ( 'NONE',  ( 0.000000000000000000, 0.000000000000000000, 1.000000000000000000 ) ) ;
#3757 = LINE ( 'NONE', #10425, #932 ) ;
#3758 = LINE ( 'NONE', #4619, #9994 ) ;
#3759 = VECTOR ( 'NONE', #5161, 1000.000000000000000 ) ;
#3760 = DIRECTION ( 'NONE',  ( -0.000000000000000000, -1.000000000000000000, -0.000000000000000000 ) ) ;
#3761 = VERTEX_POINT ( 'NONE', #8162 ) ;
#3762 = CARTESIAN_POINT ( 'NONE',  ( 0.3750000000000001665, 0.2000000000000000111, 2.499999999999999556 ) ) ;
#3763 = AXIS2_PLACEMENT_3D ( 'NONE', #3126, #2147, #11013 ) ;
#3764 = ORIENTED_EDGE ( 'NONE', *, *, #9487, .F. ) ;
#3765 = ADVANCED_FACE ( 'NONE', ( #2952 ), #4728, .T. ) ;
#3766 = FACE_OUTER_BOUND ( 'NONE', #2507, .T. ) ;
#3767 = ADVANCED_FACE ( 'NONE', ( #3931 ), #9053, .T. ) ;
#3768 = LINE ( 'NONE', #1980, #7968 ) ;
#3769 = SURFACE_SIDE_STYLE ('',( #2893 ) ) ;
#3770 = ORIENTED_EDGE ( 'NONE', *, *, #4553, .T. ) ;
#3771 = DIRECTION ( 'NONE',  ( 0.000000000000000000, -0.000000000000000000, -1.000000000000000000 ) ) ;
#3772 = LINE ( 'NONE', #7083, #8536 ) ;
#3773 = CARTESIAN_POINT ( 'NONE',  ( -2.499999999999973799, 0.2000000000000000111, 0.6250000000000001110 ) ) ;
#3774 = ORIENTED_EDGE ( 'NONE', *, *, #482, .F. ) ;
#3775 = DIRECTION ( 'NONE',  ( 0.000000000000000000, 0.000000000000000000, 1.000000000000000000 ) ) ;
#3776 = CYLINDRICAL_SURFACE ( 'NONE', #8404, 0.1249999999999996808 ) ;
#3777 = ORIENTED_EDGE ( 'NONE', *, *, #10094, .F. ) ;
#3778 = ORIENTED_EDGE ( 'NONE', *, *, #7344, .T. ) ;
#3779 = MANIFOLD_SOLID_BREP ( 'Boss-Extrude3[4]', #6335 ) ;
#3780 = ADVANCED_FACE ( 'NONE', ( #9269 ), #5568, .F. ) ;
#3781 = CARTESIAN_POINT ( 'NONE',  ( -0.1249999999999998196, 0.000000000000000000, 2.499999999999999556 ) ) ;
#3782 = AXIS2_PLACEMENT_3D ( 'NONE', #4707, #10652, #480 ) ;
#3783 = CARTESIAN_POINT ( 'NONE',  ( 2.224999999999969891, 0.2000000000000000111, -1.374999999999999334 ) ) ;
#3784 = ORIENTED_EDGE ( 'NONE', *, *, #865, .F. ) ;
#3785 = DIRECTION ( 'NONE',  ( -0.000000000000000000, -1.000000000000000000, -0.000000000000000000 ) ) ;
#3786 = CARTESIAN_POINT ( 'NONE',  ( 2.500000000000000000, 0.2000000000000000111, 1.624999999999999778 ) ) ;
#3787 = ORIENTED_EDGE ( 'NONE', *, *, #10864, .T. ) ;
#3788 = FACE_OUTER_BOUND ( 'NONE', #10280, .T. ) ;
#3789 = ORIENTED_EDGE ( 'NONE', *, *, #2203, .F. ) ;
#3790 = EDGE_CURVE ( 'NONE', #348, #9205, #1627, .T. ) ;
#3791 = EDGE_CURVE ( 'NONE', #4593, #7266, #3214, .T. ) ;
#3792 = EDGE_CURVE ( 'NONE', #8484, #7897, #5327, .T. ) ;
#3793 = CARTESIAN_POINT ( 'NONE',  ( 0.8750000000000001110, 0.000000000000000000, 2.225000000000000977 ) ) ;
#3794 = MANIFOLD_SOLID_BREP ( 'Boss-Extrude3[27]', #6155 ) ;
#3795 = ORIENTED_EDGE ( 'NONE', *, *, #6347, .F. ) ;
#3796 = CARTESIAN_POINT ( 'NONE',  ( 2.224999999999969891, 0.000000000000000000, -1.249999999999999334 ) ) ;
#3797 = DIRECTION ( 'NONE',  ( 0.000000000000000000, 0.000000000000000000, 1.000000000000000000 ) ) ;
#3798 = VECTOR ( 'NONE', #8805, 1000.000000000000000 ) ;
#3799 = LINE ( 'NONE', #8759, #4629 ) ;
#3800 = DIRECTION ( 'NONE',  ( 0.000000000000000000, 0.000000000000000000, -1.000000000000000000 ) ) ;
#3801 = ADVANCED_FACE ( 'NONE', ( #619 ), #7697, .F. ) ;
#3802 = AXIS2_PLACEMENT_3D ( 'NONE', #9, #7721, #7825 ) ;
#3803 = DIRECTION ( 'NONE',  ( 0.000000000000000000, 0.000000000000000000, -1.000000000000000000 ) ) ;
#3804 = VECTOR ( 'NONE', #2529, 1000.000000000000000 ) ;
#3805 = VERTEX_POINT ( 'NONE', #8369 ) ;
#3806 = CARTESIAN_POINT ( 'NONE',  ( 2.225000000000001421, 0.04999999999999999584, 0.3750000000000000000 ) ) ;
#3807 = CARTESIAN_POINT ( 'NONE',  ( 1.875000000000000000, 0.2000000000000000111, -2.500000000000000000 ) ) ;
#3808 = DIRECTION ( 'NONE',  ( 0.000000000000000000, 0.000000000000000000, 1.000000000000000000 ) ) ;
#3809 = DIRECTION ( 'NONE',  ( 0.000000000000000000, 1.000000000000000000, -0.000000000000000000 ) ) ;
#3810 = CIRCLE ( 'NONE', #1613, 0.1249999999999998890 ) ;
#3811 = DIRECTION ( 'NONE',  ( 0.000000000000000000, 0.000000000000000000, -1.000000000000000000 ) ) ;
#3812 = ORIENTED_EDGE ( 'NONE', *, *, #7939, .F. ) ;
#3813 = CARTESIAN_POINT ( 'NONE',  ( 1.649999999999999911, 0.000000000000000000, 1.649999999999999689 ) ) ;
#3814 = VERTEX_POINT ( 'NONE', #10998 ) ;
#3815 = CIRCLE ( 'NONE', #2516, 0.1250000000000001110 ) ;
#3816 = DIRECTION ( 'NONE',  ( 0.000000000000000000, -0.000000000000000000, -1.000000000000000000 ) ) ;
#3817 = CARTESIAN_POINT ( 'NONE',  ( -2.225000000000000977, 0.04999999999999999584, -1.625000000000000222 ) ) ;
#3818 = CARTESIAN_POINT ( 'NONE',  ( 1.649999999999999911, 0.000000000000000000, -1.649999999999999911 ) ) ;
#3819 = FILL_AREA_STYLE ('',( #3976 ) ) ;
#3820 = ORIENTED_EDGE ( 'NONE', *, *, #410, .F. ) ;
#3821 = DIRECTION ( 'NONE',  ( 0.000000000000000000, -1.000000000000000000, 0.000000000000000000 ) ) ;
#3823 = LINE ( 'NONE', #7306, #7448 ) ;
#3822 = UNCERTAINTY_MEASURE_WITH_UNIT (LENGTH_MEASURE( 1.000000000000000082E-05 ), #2419, 'distance_accuracy_value', 'NONE');
#3824 = DIRECTION ( 'NONE',  ( 0.000000000000000000, -1.000000000000000000, 0.000000000000000000 ) ) ;
#3825 = VERTEX_POINT ( 'NONE', #3167 ) ;
#3826 = CIRCLE ( 'NONE', #9825, 0.2000000000000003164 ) ;
#3827 = LINE ( 'NONE', #9705, #2015 ) ;
#3828 = ORIENTED_EDGE ( 'NONE', *, *, #2740, .T. ) ;
#3829 = AXIS2_PLACEMENT_3D ( 'NONE', #7087, #301, #8962 ) ;
#3830 = VERTEX_POINT ( 'NONE', #10248 ) ;
#3831 = ADVANCED_FACE ( 'NONE', ( #8483 ), #6651, .F. ) ;
#3832 = AXIS2_PLACEMENT_3D ( 'NONE', #8281, #3287, #11115 ) ;
#3833 = AXIS2_PLACEMENT_3D ( 'NONE', #3228, #6835, #10439 ) ;
#3834 = CARTESIAN_POINT ( 'NONE',  ( 0.2500000000000002776, 0.2000000000000000111, 2.224999999999980105 ) ) ;
#3835 = VECTOR ( 'NONE', #10519, 1000.000000000000000 ) ;
#3836 = FACE_OUTER_BOUND ( 'NONE', #2822, .T. ) ;
#3837 = ORIENTED_EDGE ( 'NONE', *, *, #7880, .T. ) ;
#3838 = CARTESIAN_POINT ( 'NONE',  ( -2.499999999999989342, 0.2000000000000000111, -0.6250000000000001110 ) ) ;
#3839 = DIRECTION ( 'NONE',  ( -1.000000000000000000, -0.000000000000000000, -0.000000000000000000 ) ) ;
#3840 = ORIENTED_EDGE ( 'NONE', *, *, #7567, .T. ) ;
#3841 = CARTESIAN_POINT ( 'NONE',  ( 2.225000000000001421, 0.2000000000000000111, -1.124999999999999556 ) ) ;
#3842 = ORIENTED_EDGE ( 'NONE', *, *, #9824, .T. ) ;
#3843 = VECTOR ( 'NONE', #10470, 1000.000000000000000 ) ;
#3844 = VECTOR ( 'NONE', #6108, 1000.000000000000000 ) ;
#3845 = AXIS2_PLACEMENT_3D ( 'NONE', #11258, #10383, #3302 ) ;
#3846 = DIRECTION ( 'NONE',  ( 1.000000000000000000, 0.000000000000000000, -9.856383386231904433E-17 ) ) ;
#3847 = CIRCLE ( 'NONE', #2019, 0.1249999999999998890 ) ;
#3848 = DIRECTION ( 'NONE',  ( 0.000000000000000000, 1.000000000000000000, -0.000000000000000000 ) ) ;
#3849 = ORIENTED_EDGE ( 'NONE', *, *, #11230, .F. ) ;
#3850 = DIRECTION ( 'NONE',  ( -0.000000000000000000, -1.000000000000000000, -0.000000000000000000 ) ) ;
#3851 = LINE ( 'NONE', #5595, #8704 ) ;
#3852 = CIRCLE ( 'NONE', #10216, 0.1249999999999998890 ) ;
#3853 = ADVANCED_FACE ( 'NONE', ( #673 ), #4146, .T. ) ;
#3854 = DIRECTION ( 'NONE',  ( -1.000000000000000000, 0.000000000000000000, -0.000000000000000000 ) ) ;
#3855 = ADVANCED_FACE ( 'NONE', ( #11169 ), #3337, .F. ) ;
#3856 = LINE ( 'NONE', #4767, #7571 ) ;
#3857 = AXIS2_PLACEMENT_3D ( 'NONE', #5946, #11227, #3390 ) ;
#3858 = AXIS2_PLACEMENT_3D ( 'NONE', #6628, #3026, #10972 ) ;
#3859 = LINE ( 'NONE', #896, #2538 ) ;
#3860 = VERTEX_POINT ( 'NONE', #9509 ) ;
#3861 = CARTESIAN_POINT ( 'NONE',  ( 2.500000000000000000, 0.000000000000000000, -0.8749999999999998890 ) ) ;
#3862 = VERTEX_POINT ( 'NONE', #5230 ) ;
#3863 = ADVANCED_FACE ( 'NONE', ( #1696 ), #4216, .T. ) ;
#3864 = CARTESIAN_POINT ( 'NONE',  ( 0.6250000000000003331, 0.2000000000000000111, 2.225000000000000977 ) ) ;
#3865 = DIRECTION ( 'NONE',  ( -0.000000000000000000, -1.000000000000000000, -0.000000000000000000 ) ) ;
#3866 = DIRECTION ( 'NONE',  ( -0.000000000000000000, 0.000000000000000000, 1.000000000000000000 ) ) ;
#3867 = EDGE_CURVE ( 'NONE', #7035, #8680, #3462, .T. ) ;
#3868 =( GEOMETRIC_REPRESENTATION_CONTEXT ( 3 ) GLOBAL_UNCERTAINTY_ASSIGNED_CONTEXT ( ( #5303 ) ) GLOBAL_UNIT_ASSIGNED_CONTEXT ( ( #2261, #6441, #6492 ) ) REPRESENTATION_CONTEXT ( 'NONE', 'WORKASPACE' ) );
#3869 = VERTEX_POINT ( 'NONE', #2602 ) ;
#3870 = DIRECTION ( 'NONE',  ( 0.000000000000000000, 0.000000000000000000, 1.000000000000000000 ) ) ;
#3871 = ORIENTED_EDGE ( 'NONE', *, *, #1369, .T. ) ;
#3872 = CIRCLE ( 'NONE', #1678, 0.1250000000000001110 ) ;
#3873 = PLANE ( 'NONE',  #10414 ) ;
#3874 = DIRECTION ( 'NONE',  ( 0.000000000000000000, 0.000000000000000000, -1.000000000000000000 ) ) ;
#3875 = DIRECTION ( 'NONE',  ( 0.000000000000000000, -1.000000000000000000, 0.000000000000000000 ) ) ;
#3876 = DIRECTION ( 'NONE',  ( -0.000000000000000000, -1.000000000000000000, -0.000000000000000000 ) ) ;
#3877 = EDGE_LOOP ( 'NONE', ( #6279, #287, #1106, #10456 ) ) ;
#3878 = DIRECTION ( 'NONE',  ( 0.000000000000000000, -1.000000000000000000, 0.000000000000000000 ) ) ;
#3879 = DIRECTION ( 'NONE',  ( 0.000000000000000000, -1.000000000000000000, 0.000000000000000000 ) ) ;
#3880 = CARTESIAN_POINT ( 'NONE',  ( -0.3749999999999996114, 0.000000000000000000, 2.499999999999999556 ) ) ;
#3881 = EDGE_CURVE ( 'NONE', #7296, #6393, #6084, .T. ) ;
#3882 =( GEOMETRIC_REPRESENTATION_CONTEXT ( 3 ) GLOBAL_UNCERTAINTY_ASSIGNED_CONTEXT ( ( #4042 ) ) GLOBAL_UNIT_ASSIGNED_CONTEXT ( ( #8258, #282, #4616 ) ) REPRESENTATION_CONTEXT ( 'NONE', 'WORKASPACE' ) );
#3883 = VERTEX_POINT ( 'NONE', #10305 ) ;
#3884 = AXIS2_PLACEMENT_3D ( 'NONE', #3454, #6826, #6941 ) ;
#3885 = DIRECTION ( 'NONE',  ( -0.000000000000000000, -1.000000000000000000, -0.000000000000000000 ) ) ;
#3886 = DIRECTION ( 'NONE',  ( 1.000000000000000000, -0.000000000000000000, -0.000000000000000000 ) ) ;
#3887 = ORIENTED_EDGE ( 'NONE', *, *, #4073, .F. ) ;
#3888 = AXIS2_PLACEMENT_3D ( 'NONE', #3813, #1033, #6310 ) ;
#3889 = STYLED_ITEM ( 'NONE', ( #6695 ), #11208 ) ;
#3890 = VECTOR ( 'NONE', #3821, 1000.000000000000000 ) ;
#3891 = FACE_OUTER_BOUND ( 'NONE', #6031, .T. ) ;
#3892 = DIRECTION ( 'NONE',  ( 0.000000000000000000, 1.000000000000000000, -0.000000000000000000 ) ) ;
#3893 = LINE ( 'NONE', #9934, #4941 ) ;
#3894 = VERTEX_POINT ( 'NONE', #2534 ) ;
#3895 = DIRECTION ( 'NONE',  ( 0.000000000000000000, -0.000000000000000000, -1.000000000000000000 ) ) ;
#3896 = CARTESIAN_POINT ( 'NONE',  ( 0.2500000000000004441, 0.000000000000000000, -2.224999999999985878 ) ) ;
#3897 = VERTEX_POINT ( 'NONE', #6949 ) ;
#3898 = EDGE_CURVE ( 'NONE', #4738, #8475, #969, .T. ) ;
#3899 = PLANE ( 'NONE',  #5291 ) ;
#3900 = ORIENTED_EDGE ( 'NONE', *, *, #2779, .F. ) ;
#3901 = ORIENTED_EDGE ( 'NONE', *, *, #9642, .T. ) ;
#3902 = CIRCLE ( 'NONE', #4802, 0.1249999999999998890 ) ;
#3903 = EDGE_CURVE ( 'NONE', #2566, #3735, #5288, .T. ) ;
#3904 = CARTESIAN_POINT ( 'NONE',  ( 1.625000000000000000, 0.2000000000000000111, 2.499999999999999112 ) ) ;
#3905 = VERTEX_POINT ( 'NONE', #7763 ) ;
#3906 = DIRECTION ( 'NONE',  ( 0.000000000000000000, -1.000000000000000000, 0.000000000000000000 ) ) ;
#3907 = DIRECTION ( 'NONE',  ( 0.000000000000000000, 0.000000000000000000, -1.000000000000000000 ) ) ;
#3908 = EDGE_CURVE ( 'NONE', #10556, #7199, #6024, .T. ) ;
#3909 = CARTESIAN_POINT ( 'NONE',  ( -1.874999999999999334, 0.2000000000000000111, -2.500000000000000000 ) ) ;
#3910 = DIRECTION ( 'NONE',  ( -7.885106708985523547E-16, 0.000000000000000000, -1.000000000000000000 ) ) ;
#3911 = EDGE_CURVE ( 'NONE', #4445, #6776, #744, .T. ) ;
#3912 = EDGE_CURVE ( 'NONE', #2163, #10485, #9571, .T. ) ;
#3913 = CARTESIAN_POINT ( 'NONE',  ( 2.500000000000000000, 0.000000000000000000, 1.125000000000000000 ) ) ;
#3914 = VERTEX_POINT ( 'NONE', #5956 ) ;
#3915 = CARTESIAN_POINT ( 'NONE',  ( 1.649999999999998801, 0.000000000000000000, -1.800000000000000044 ) ) ;
#3916 = ORIENTED_EDGE ( 'NONE', *, *, #3696, .T. ) ;
#3917 = ORIENTED_EDGE ( 'NONE', *, *, #10403, .F. ) ;
#3918 = CARTESIAN_POINT ( 'NONE',  ( 1.375000000000000000, 0.2000000000000000111, -2.225000000000001421 ) ) ;
#3919 = CARTESIAN_POINT ( 'NONE',  ( 2.225000000000001421, 0.2000000000000000111, 1.374999999999999778 ) ) ;
#3920 = CYLINDRICAL_SURFACE ( 'NONE', #13, 0.1499999999999999667 ) ;
#3921 = CARTESIAN_POINT ( 'NONE',  ( -0.8749999999999994449, 0.2000000000000000111, 2.225000000000000977 ) ) ;
#3922 = VERTEX_POINT ( 'NONE', #10545 ) ;
#3923 = CARTESIAN_POINT ( 'NONE',  ( -2.225000000000000977, 0.2000000000000000111, -1.750000000000000000 ) ) ;
#3924 = ORIENTED_EDGE ( 'NONE', *, *, #5116, .T. ) ;
#3925 = VERTEX_POINT ( 'NONE', #2476 ) ;
#3926 = ADVANCED_FACE ( 'NONE', ( #5056 ), #6885, .F. ) ;
#3927 = EDGE_CURVE ( 'NONE', #8963, #3243, #1857, .T. ) ;
#3928 = ADVANCED_FACE ( 'NONE', ( #59 ), #8608, .F. ) ;
#3929 = CARTESIAN_POINT ( 'NONE',  ( 2.500000000000000000, 0.2000000000000000111, -1.124999999999999556 ) ) ;
#3930 = CARTESIAN_POINT ( 'NONE',  ( -2.499999999999994227, 0.000000000000000000, -1.125000000000000222 ) ) ;
#3931 = FACE_OUTER_BOUND ( 'NONE', #2819, .T. ) ;
#3932 = VERTEX_POINT ( 'NONE', #862 ) ;
#3933 = CARTESIAN_POINT ( 'NONE',  ( -1.800000000000000044, 0.2000000000000000111, -1.424999999999999822 ) ) ;
#3934 = DIRECTION ( 'NONE',  ( 0.000000000000000000, 1.000000000000000000, -0.000000000000000000 ) ) ;
#3935 = DIRECTION ( 'NONE',  ( 0.000000000000000000, 0.000000000000000000, -1.000000000000000000 ) ) ;
#3936 = VERTEX_POINT ( 'NONE', #4331 ) ;
#3937 = DIRECTION ( 'NONE',  ( 0.000000000000000000, 1.000000000000000000, -0.000000000000000000 ) ) ;
#3938 = FACE_OUTER_BOUND ( 'NONE', #6996, .T. ) ;
#3939 = VERTEX_POINT ( 'NONE', #7814 ) ;
#3940 = ADVANCED_FACE ( 'NONE', ( #11297 ), #10431, .F. ) ;
#3941 = LINE ( 'NONE', #7481, #1662 ) ;
#3942 = FACE_OUTER_BOUND ( 'NONE', #8834, .T. ) ;
#3943 = VERTEX_POINT ( 'NONE', #7876 ) ;
#3944 = DIRECTION ( 'NONE',  ( 0.000000000000000000, 0.000000000000000000, 1.000000000000000000 ) ) ;
#3945 = DIRECTION ( 'NONE',  ( 1.000000000000000000, -0.000000000000000000, -1.971276677246380640E-16 ) ) ;
#3946 = ORIENTED_EDGE ( 'NONE', *, *, #439, .T. ) ;
#3947 = VECTOR ( 'NONE', #4486, 1000.000000000000000 ) ;
#3948 = CYLINDRICAL_SURFACE ( 'NONE', #3272, 0.1249999999999998890 ) ;
#3949 = ORIENTED_EDGE ( 'NONE', *, *, #10054, .T. ) ;
#3950 = CARTESIAN_POINT ( 'NONE',  ( 2.500000000000000000, 0.2000000000000000111, -0.6250000000000001110 ) ) ;
#3951 = VERTEX_POINT ( 'NONE', #3530 ) ;
#3952 = CARTESIAN_POINT ( 'NONE',  ( 2.224999999999965006, 0.2000000000000000111, -1.749999999999999334 ) ) ;
#3953 = ORIENTED_EDGE ( 'NONE', *, *, #2522, .T. ) ;
#3954 = FACE_OUTER_BOUND ( 'NONE', #6899, .T. ) ;
#3955 = CARTESIAN_POINT ( 'NONE',  ( -2.499999999999978684, 0.2000000000000000111, 0.1250000000000001110 ) ) ;
#3956 = ORIENTED_EDGE ( 'NONE', *, *, #9691, .F. ) ;
#3957 = CARTESIAN_POINT ( 'NONE',  ( 2.500000000000000000, 0.000000000000000000, -1.124999999999999556 ) ) ;
#3958 = EDGE_CURVE ( 'NONE', #3748, #6348, #7709, .T. ) ;
#3959 = EDGE_CURVE ( 'NONE', #4362, #9744, #6257, .T. ) ;
#3960 = VECTOR ( 'NONE', #5031, 1000.000000000000000 ) ;
#3961 = DIRECTION ( 'NONE',  ( 0.000000000000000000, 1.000000000000000000, -0.000000000000000000 ) ) ;
#3962 = VERTEX_POINT ( 'NONE', #7993 ) ;
#3963 = DIRECTION ( 'NONE',  ( 1.000000000000000000, 0.000000000000000000, 0.000000000000000000 ) ) ;
#3964 = ORIENTED_EDGE ( 'NONE', *, *, #10327, .T. ) ;
#3965 = DIRECTION ( 'NONE',  ( -1.000000000000000000, 0.000000000000000000, 7.885106708985523547E-16 ) ) ;
#3966 = DIRECTION ( 'NONE',  ( 0.000000000000000000, -0.000000000000000000, -1.000000000000000000 ) ) ;
#3967 = CARTESIAN_POINT ( 'NONE',  ( 2.500000000000000000, 0.2000000000000000111, 1.374999999999999778 ) ) ;
#3968 = ORIENTED_EDGE ( 'NONE', *, *, #6488, .T. ) ;
#3969 = CARTESIAN_POINT ( 'NONE',  ( 1.250000000000000222, 0.000000000000000000, -2.224999999999996092 ) ) ;
#3970 = ORIENTED_EDGE ( 'NONE', *, *, #4492, .T. ) ;
#3971 = VECTOR ( 'NONE', #3811, 1000.000000000000000 ) ;
#3972 = VECTOR ( 'NONE', #6208, 1000.000000000000000 ) ;
#3973 = CARTESIAN_POINT ( 'NONE',  ( -2.224999999999969447, 0.2000000000000000111, 1.250000000000000000 ) ) ;
#3974 = CARTESIAN_POINT ( 'NONE',  ( 2.500000000000000000, 0.2000000000000000111, -1.374999999999999334 ) ) ;
#3975 = CIRCLE ( 'NONE', #1256, 0.1249999999999998890 ) ;
#3976 = FILL_AREA_STYLE_COLOUR ( '', #7338 ) ;
#3977 = ORIENTED_EDGE ( 'NONE', *, *, #6951, .F. ) ;
#3978 = CARTESIAN_POINT ( 'NONE',  ( -2.224999999999985434, 0.04999999999999999584, -0.3749999999999998890 ) ) ;
#3979 = CARTESIAN_POINT ( 'NONE',  ( -2.499999999999984013, 0.000000000000000000, -0.1250000000000001110 ) ) ;
#3980 = CARTESIAN_POINT ( 'NONE',  ( 0.2500000000000002776, 0.2000000000000000111, 2.224999999999980105 ) ) ;
#3981 = VERTEX_POINT ( 'NONE', #5457 ) ;
#3982 = DIRECTION ( 'NONE',  ( 0.000000000000000000, 0.000000000000000000, -1.000000000000000000 ) ) ;
#3983 = CARTESIAN_POINT ( 'NONE',  ( -2.224999999999995648, 0.2000000000000000111, -1.250000000000000000 ) ) ;
#3984 = VERTEX_POINT ( 'NONE', #1977 ) ;
#3985 = SURFACE_STYLE_FILL_AREA ( #463 ) ;
#3986 = EDGE_CURVE ( 'NONE', #5246, #3805, #9746, .T. ) ;
#3987 = ADVANCED_FACE ( 'NONE', ( #2030 ), #7353, .T. ) ;
#3988 = EDGE_CURVE ( 'NONE', #2027, #5092, #10069, .T. ) ;
#3989 = VECTOR ( 'NONE', #3341, 1000.000000000000000 ) ;
#3990 = DIRECTION ( 'NONE',  ( 1.000000000000000000, 0.000000000000000000, -0.000000000000000000 ) ) ;
#3991 = LINE ( 'NONE', #1415, #7037 ) ;
#3992 = DIRECTION ( 'NONE',  ( 0.000000000000000000, 0.000000000000000000, -1.000000000000000000 ) ) ;
#3993 = AXIS2_PLACEMENT_3D ( 'NONE', #9373, #1736, #3445 ) ;
#3994 = VERTEX_POINT ( 'NONE', #6362 ) ;
#3995 = DIRECTION ( 'NONE',  ( -0.000000000000000000, -1.000000000000000000, -0.000000000000000000 ) ) ;
#3996 = CARTESIAN_POINT ( 'NONE',  ( 1.374999999999999778, 0.2000000000000000111, 2.499999999999999112 ) ) ;
#3997 = CARTESIAN_POINT ( 'NONE',  ( 1.374999999999999778, 0.000000000000000000, 2.225000000000000533 ) ) ;
#3998 = VECTOR ( 'NONE', #461, 1000.000000000000000 ) ;
#3999 = ORIENTED_EDGE ( 'NONE', *, *, #527, .T. ) ;
#4000 = DIRECTION ( 'NONE',  ( 0.000000000000000000, 0.000000000000000000, 1.000000000000000000 ) ) ;
#4001 = ORIENTED_EDGE ( 'NONE', *, *, #6690, .F. ) ;
#4002 = CARTESIAN_POINT ( 'NONE',  ( -2.224999999999990319, 0.000000000000000000, -0.7500000000000000000 ) ) ;
#4003 = EDGE_CURVE ( 'NONE', #9800, #5786, #8947, .T. ) ;
#4004 = ORIENTED_EDGE ( 'NONE', *, *, #5520, .T. ) ;
#4005 = EDGE_LOOP ( 'NONE', ( #3422, #9931, #6065, #3220 ) ) ;
#4006 = CIRCLE ( 'NONE', #9090, 0.1249999999999998890 ) ;
#4007 = VECTOR ( 'NONE', #10420, 1000.000000000000000 ) ;
#4008 = AXIS2_PLACEMENT_3D ( 'NONE', #284, #3583, #53 ) ;
#4009 = ORIENTED_EDGE ( 'NONE', *, *, #10753, .T. ) ;
#4010 = DIRECTION ( 'NONE',  ( 0.000000000000000000, 0.000000000000000000, -1.000000000000000000 ) ) ;
#4011 = CARTESIAN_POINT ( 'NONE',  ( -2.499999999999989342, 0.2000000000000000111, -0.6250000000000001110 ) ) ;
#4012 = VECTOR ( 'NONE', #8659, 1000.000000000000000 ) ;
#4013 = CIRCLE ( 'NONE', #9665, 0.1250000000000001110 ) ;
#4014 = AXIS2_PLACEMENT_3D ( 'NONE', #11049, #10251, #5838 ) ;
#4015 = DIRECTION ( 'NONE',  ( 0.000000000000000000, 0.000000000000000000, 1.000000000000000000 ) ) ;
#4016 = VECTOR ( 'NONE', #5544, 1000.000000000000000 ) ;
#4017 = AXIS2_PLACEMENT_3D ( 'NONE', #8753, #959, #8088 ) ;
#4018 = DIRECTION ( 'NONE',  ( 0.000000000000000000, 0.000000000000000000, 1.000000000000000000 ) ) ;
#4019 = AXIS2_PLACEMENT_3D ( 'NONE', #2153, #4000, #2318 ) ;
#4020 = DIRECTION ( 'NONE',  ( -0.000000000000000000, -1.000000000000000000, -0.000000000000000000 ) ) ;
#4021 = ORIENTED_EDGE ( 'NONE', *, *, #3575, .T. ) ;
#4022 = LINE ( 'NONE', #5718, #7855 ) ;
#4023 = ORIENTED_EDGE ( 'NONE', *, *, #5586, .F. ) ;
#4024 = SURFACE_STYLE_USAGE ( .BOTH. , #7624 ) ;
#4025 = CARTESIAN_POINT ( 'NONE',  ( -2.499999999999968470, 0.2000000000000000111, 1.125000000000000222 ) ) ;
#4026 = DIRECTION ( 'NONE',  ( 0.000000000000000000, 0.000000000000000000, -1.000000000000000000 ) ) ;
#4027 = DIRECTION ( 'NONE',  ( -0.000000000000000000, -1.000000000000000000, -0.000000000000000000 ) ) ;
#4028 = EDGE_CURVE ( 'NONE', #2554, #8243, #4723, .T. ) ;
#4029 = VECTOR ( 'NONE', #4627, 1000.000000000000000 ) ;
#4030 = ORIENTED_EDGE ( 'NONE', *, *, #8381, .T. ) ;
#4031 = FACE_OUTER_BOUND ( 'NONE', #765, .T. ) ;
#4032 = COLOUR_RGB ( '',0.7921568627450980005, 0.8196078431372548767, 0.9333333333333333481 ) ;
#4033 = ORIENTED_EDGE ( 'NONE', *, *, #10462, .F. ) ;
#4034 = VECTOR ( 'NONE', #115, 1000.000000000000000 ) ;
#4035 = ADVANCED_FACE ( 'NONE', ( #289 ), #7242, .T. ) ;
#4036 =( GEOMETRIC_REPRESENTATION_CONTEXT ( 3 ) GLOBAL_UNCERTAINTY_ASSIGNED_CONTEXT ( ( #992 ) ) GLOBAL_UNIT_ASSIGNED_CONTEXT ( ( #3230, #5915, #5965 ) ) REPRESENTATION_CONTEXT ( 'NONE', 'WORKASPACE' ) );
#4037 = DIRECTION ( 'NONE',  ( 0.000000000000000000, -1.000000000000000000, 0.000000000000000000 ) ) ;
#4038 = DIRECTION ( 'NONE',  ( 1.000000000000000000, 0.000000000000000000, -9.856383386231904433E-17 ) ) ;
#4039 =( NAMED_UNIT ( * ) SI_UNIT ( $, .STERADIAN. ) SOLID_ANGLE_UNIT ( ) );
#4040 = ORIENTED_EDGE ( 'NONE', *, *, #81, .F. ) ;
#4041 = CARTESIAN_POINT ( 'NONE',  ( -2.499999999999968470, 0.000000000000000000, 1.125000000000000222 ) ) ;
#4043 = LINE ( 'NONE', #7530, #6339 ) ;
#4042 = UNCERTAINTY_MEASURE_WITH_UNIT (LENGTH_MEASURE( 1.000000000000000082E-05 ), #8258, 'distance_accuracy_value', 'NONE');
#4044 = CARTESIAN_POINT ( 'NONE',  ( 2.500000000000000444, 0.9000000000000000222, 2.500000000000000000 ) ) ;
#4045 = VERTEX_POINT ( 'NONE', #6193 ) ;
#4046 = LINE ( 'NONE', #8279, #10570 ) ;
#4047 = ORIENTED_EDGE ( 'NONE', *, *, #10473, .T. ) ;
#4048 = DIRECTION ( 'NONE',  ( 1.000000000000000000, -0.000000000000000000, -0.000000000000000000 ) ) ;
#4049 = AXIS2_PLACEMENT_3D ( 'NONE', #3314, #8573, #1548 ) ;
#4050 = VECTOR ( 'NONE', #978, 1000.000000000000000 ) ;
#4051 = EDGE_CURVE ( 'NONE', #2291, #887, #2837, .T. ) ;
#4052 = EDGE_CURVE ( 'NONE', #7035, #2269, #9688, .T. ) ;
#4053 = DIRECTION ( 'NONE',  ( 0.000000000000000000, 0.000000000000000000, -1.000000000000000000 ) ) ;
#4054 = LINE ( 'NONE', #750, #7663 ) ;
#4055 = CARTESIAN_POINT ( 'NONE',  ( 1.874999999999999778, 0.2000000000000000111, 2.225000000000000533 ) ) ;
#4056 = VECTOR ( 'NONE', #5527, 1000.000000000000000 ) ;
#4057 = FILL_AREA_STYLE_COLOUR ( '', #405 ) ;
#4058 = ORIENTED_EDGE ( 'NONE', *, *, #527, .F. ) ;
#4059 = CARTESIAN_POINT ( 'NONE',  ( -2.224999999999969447, 0.2000000000000000111, 1.125000000000000222 ) ) ;
#4060 = FACE_OUTER_BOUND ( 'NONE', #9549, .T. ) ;
#4061 = PLANE ( 'NONE',  #5060 ) ;
#4062 = CIRCLE ( 'NONE', #1165, 0.1249999999999998890 ) ;
#4063 = ORIENTED_EDGE ( 'NONE', *, *, #6802, .F. ) ;
#4064 = ORIENTED_EDGE ( 'NONE', *, *, #8099, .T. ) ;
#4065 = DIRECTION ( 'NONE',  ( 0.000000000000000000, -1.000000000000000000, 0.000000000000000000 ) ) ;
#4066 = VERTEX_POINT ( 'NONE', #4563 ) ;
#4067 = SURFACE_STYLE_USAGE ( .BOTH. , #4908 ) ;
#4068 = VERTEX_POINT ( 'NONE', #8050 ) ;
#4069 = AXIS2_PLACEMENT_3D ( 'NONE', #9678, #3580, #7009 ) ;
#4070 = AXIS2_PLACEMENT_3D ( 'NONE', #7186, #107, #10663 ) ;
#4071 = VECTOR ( 'NONE', #1132, 1000.000000000000000 ) ;
#4072 = EDGE_CURVE ( 'NONE', #10125, #8079, #234, .T. ) ;
#4073 = EDGE_CURVE ( 'NONE', #17, #1890, #4622, .T. ) ;
#4074 = DIRECTION ( 'NONE',  ( -0.000000000000000000, -1.000000000000000000, -0.000000000000000000 ) ) ;
#4075 = EDGE_LOOP ( 'NONE', ( #5065, #7003, #7427, #2659 ) ) ;
#4076 = FACE_OUTER_BOUND ( 'NONE', #140, .T. ) ;
#4077 = DIRECTION ( 'NONE',  ( 0.000000000000000000, 0.000000000000000000, -1.000000000000000000 ) ) ;
#4078 = VECTOR ( 'NONE', #694, 1000.000000000000000 ) ;
#4079 = EDGE_LOOP ( 'NONE', ( #5207, #2490, #6746, #7547, #3901 ) ) ;
#4080 = DIRECTION ( 'NONE',  ( 0.000000000000000000, 0.000000000000000000, -1.000000000000000000 ) ) ;
#4081 = EDGE_CURVE ( 'NONE', #8339, #166, #1160, .T. ) ;
#4082 = SURFACE_STYLE_FILL_AREA ( #1437 ) ;
#4083 = DIRECTION ( 'NONE',  ( 1.000000000000000000, 0.000000000000000000, 0.000000000000000000 ) ) ;
#4084 = ORIENTED_EDGE ( 'NONE', *, *, #5211, .T. ) ;
#4085 = CARTESIAN_POINT ( 'NONE',  ( -2.499999999999999556, 0.04999999999999969746, -2.500000000000000000 ) ) ;
#4086 = VERTEX_POINT ( 'NONE', #9001 ) ;
#4087 = DIRECTION ( 'NONE',  ( 0.000000000000000000, 0.000000000000000000, -1.000000000000000000 ) ) ;
#4088 = CARTESIAN_POINT ( 'NONE',  ( 1.125000000000000222, 0.000000000000000000, -2.500000000000000000 ) ) ;
#4089 = CARTESIAN_POINT ( 'NONE',  ( -2.499999999999994227, 0.000000000000000000, -1.375000000000000000 ) ) ;
#4090 = EDGE_LOOP ( 'NONE', ( #10546, #4716, #4690, #515 ) ) ;
#4091 = DIRECTION ( 'NONE',  ( 0.000000000000000000, 0.000000000000000000, -1.000000000000000000 ) ) ;
#4092 = CARTESIAN_POINT ( 'NONE',  ( -1.624999999999999334, 0.000000000000000000, 2.500000000000000000 ) ) ;
#4093 = DIRECTION ( 'NONE',  ( -1.000000000000000000, 0.000000000000000000, 0.000000000000000000 ) ) ;
#4094 = ORIENTED_EDGE ( 'NONE', *, *, #8185, .F. ) ;
#4095 = CARTESIAN_POINT ( 'NONE',  ( 2.224999999999965006, 0.2000000000000000111, -1.749999999999999334 ) ) ;
#4096 = DIRECTION ( 'NONE',  ( 0.000000000000000000, -1.000000000000000000, 0.000000000000000000 ) ) ;
#4097 = FACE_OUTER_BOUND ( 'NONE', #4005, .T. ) ;
#4098 = ORIENTED_EDGE ( 'NONE', *, *, #5099, .T. ) ;
#4099 = FACE_OUTER_BOUND ( 'NONE', #935, .T. ) ;
#4100 = CARTESIAN_POINT ( 'NONE',  ( 2.224999999999996092, 0.2000000000000000111, 1.125000000000000222 ) ) ;
#4101 = EDGE_LOOP ( 'NONE', ( #3722, #2735, #8649, #6080 ) ) ;
#4102 = CARTESIAN_POINT ( 'NONE',  ( 2.500000000000000000, 0.2000000000000000111, 1.125000000000000000 ) ) ;
#4103 = VERTEX_POINT ( 'NONE', #167 ) ;
#4104 = EDGE_CURVE ( 'NONE', #5427, #6275, #4250, .T. ) ;
#4105 = EDGE_CURVE ( 'NONE', #4508, #1142, #11167, .T. ) ;
#4106 = DIRECTION ( 'NONE',  ( 1.000000000000000000, -0.000000000000000000, 0.000000000000000000 ) ) ;
#4107 = DIRECTION ( 'NONE',  ( 0.000000000000000000, -1.000000000000000000, 0.000000000000000000 ) ) ;
#4108 = PRESENTATION_STYLE_ASSIGNMENT (( #8617 ) ) ;
#4109 = ORIENTED_EDGE ( 'NONE', *, *, #4894, .F. ) ;
#4110 = LINE ( 'NONE', #5744, #5854 ) ;
#4111 = CYLINDRICAL_SURFACE ( 'NONE', #3662, 0.1249999999999998890 ) ;
#4112 = DIRECTION ( 'NONE',  ( -0.000000000000000000, -1.000000000000000000, -0.000000000000000000 ) ) ;
#4113 = DIRECTION ( 'NONE',  ( 0.000000000000000000, 0.000000000000000000, -1.000000000000000000 ) ) ;
#4114 = ORIENTED_EDGE ( 'NONE', *, *, #8797, .F. ) ;
#4115 = CARTESIAN_POINT ( 'NONE',  ( -2.224999999999969447, 0.2000000000000000111, 1.125000000000000222 ) ) ;
#4116 = DIRECTION ( 'NONE',  ( -1.000000000000000000, 0.000000000000000000, -0.000000000000000000 ) ) ;
#4117 = ORIENTED_EDGE ( 'NONE', *, *, #10934, .T. ) ;
#4118 = SURFACE_STYLE_USAGE ( .BOTH. , #3079 ) ;
#4119 = ORIENTED_EDGE ( 'NONE', *, *, #943, .F. ) ;
#4120 = EDGE_CURVE ( 'NONE', #7813, #1213, #5155, .T. ) ;
#4121 = DIRECTION ( 'NONE',  ( 0.000000000000000000, 0.000000000000000000, 1.000000000000000000 ) ) ;
#4122 = VERTEX_POINT ( 'NONE', #9914 ) ;
#4123 = AXIS2_PLACEMENT_3D ( 'NONE', #9920, #6200, #2792 ) ;
#4124 = CARTESIAN_POINT ( 'NONE',  ( -1.124999999999999556, 0.2000000000000000111, 2.499999999999999556 ) ) ;
#4125 = LINE ( 'NONE', #3955, #3960 ) ;
#4126 = ORIENTED_EDGE ( 'NONE', *, *, #3958, .F. ) ;
#4127 = CARTESIAN_POINT ( 'NONE',  ( 1.375000000000000000, 0.04999999999999999584, -2.225000000000001421 ) ) ;
#4128 = ADVANCED_FACE ( 'NONE', ( #4505 ), #3645, .T. ) ;
#4129 = EDGE_CURVE ( 'NONE', #9760, #9795, #4143, .T. ) ;
#4130 = ADVANCED_FACE ( 'NONE', ( #7631 ), #3163, .T. ) ;
#4131 = VECTOR ( 'NONE', #5387, 1000.000000000000000 ) ;
#4132 = VECTOR ( 'NONE', #11217, 1000.000000000000000 ) ;
#4133 = DIRECTION ( 'NONE',  ( -0.000000000000000000, -1.000000000000000000, -0.000000000000000000 ) ) ;
#4134 = DIRECTION ( 'NONE',  ( 0.000000000000000000, 0.000000000000000000, 1.000000000000000000 ) ) ;
#4135 = ORIENTED_EDGE ( 'NONE', *, *, #253, .F. ) ;
#4136 = DIRECTION ( 'NONE',  ( 0.000000000000000000, -1.000000000000000000, 0.000000000000000000 ) ) ;
#4137 = EDGE_LOOP ( 'NONE', ( #6485, #4257, #5379, #10912 ) ) ;
#4138 =( LENGTH_UNIT ( ) NAMED_UNIT ( * ) SI_UNIT ( .MILLI., .METRE. ) );
#4139 = DIRECTION ( 'NONE',  ( 0.000000000000000000, 0.000000000000000000, -1.000000000000000000 ) ) ;
#4140 = CARTESIAN_POINT ( 'NONE',  ( 1.625000000000000000, 0.2000000000000000111, 2.499999999999999112 ) ) ;
#4141 = LINE ( 'NONE', #1681, #8356 ) ;
#4142 = ORIENTED_EDGE ( 'NONE', *, *, #8745, .T. ) ;
#4143 = LINE ( 'NONE', #6701, #8254 ) ;
#4144 = EDGE_CURVE ( 'NONE', #8559, #7088, #10246, .T. ) ;
#4145 = LINE ( 'NONE', #6236, #225 ) ;
#4146 = PLANE ( 'NONE',  #9512 ) ;
#4147 = ORIENTED_EDGE ( 'NONE', *, *, #10198, .F. ) ;
#4148 = CARTESIAN_POINT ( 'NONE',  ( -2.499999999999989342, 0.2000000000000000111, -0.6250000000000001110 ) ) ;
#4150 = DIRECTION ( 'NONE',  ( 0.000000000000000000, -1.000000000000000000, 0.000000000000000000 ) ) ;
#4149 = UNCERTAINTY_MEASURE_WITH_UNIT (LENGTH_MEASURE( 1.000000000000000082E-05 ), #878, 'distance_accuracy_value', 'NONE');
#4151 = PLANE ( 'NONE',  #1968 ) ;
#4152 = ORIENTED_EDGE ( 'NONE', *, *, #1794, .T. ) ;
#4153 = VECTOR ( 'NONE', #10575, 1000.000000000000000 ) ;
#4154 = EDGE_LOOP ( 'NONE', ( #1228, #4806, #10386, #5934 ) ) ;
#4155 = ORIENTED_EDGE ( 'NONE', *, *, #8876, .T. ) ;
#4156 =( LENGTH_UNIT ( ) NAMED_UNIT ( * ) SI_UNIT ( .MILLI., .METRE. ) );
#4157 = CIRCLE ( 'NONE', #1240, 0.1249999999999996808 ) ;
#4158 = CLOSED_SHELL ( 'NONE', ( #10339, #769, #8262, #1341, #9775, #10475 ) ) ;
#4159 = PLANE ( 'NONE',  #6566 ) ;
#4160 = DIRECTION ( 'NONE',  ( 0.000000000000000000, 0.000000000000000000, -1.000000000000000000 ) ) ;
#4161 = DIRECTION ( 'NONE',  ( 0.000000000000000000, -1.000000000000000000, 0.000000000000000000 ) ) ;
#4162 = EDGE_LOOP ( 'NONE', ( #8849, #6871, #6478, #10455 ) ) ;
#4163 = DIRECTION ( 'NONE',  ( 0.000000000000000000, 0.000000000000000000, 1.000000000000000000 ) ) ;
#4164 = DIRECTION ( 'NONE',  ( 1.000000000000000000, 0.000000000000000000, 0.000000000000000000 ) ) ;
#4165 = CYLINDRICAL_SURFACE ( 'NONE', #905, 0.1499999999999999667 ) ;
#4166 = CARTESIAN_POINT ( 'NONE',  ( 0.7500000000000003331, 0.000000000000000000, -2.224999999999990763 ) ) ;
#4167 = EDGE_LOOP ( 'NONE', ( #10255, #6467, #9000, #3081 ) ) ;
#4168 = CARTESIAN_POINT ( 'NONE',  ( -1.874999999999999334, 0.2000000000000000111, 2.500000000000000000 ) ) ;
#4169 = VECTOR ( 'NONE', #5051, 1000.000000000000000 ) ;
#4170 = LINE ( 'NONE', #934, #752 ) ;
#4171 = EDGE_LOOP ( 'NONE', ( #9189, #3313, #11296, #10451 ) ) ;
#4172 = DIRECTION ( 'NONE',  ( 0.000000000000000000, 1.000000000000000000, -0.000000000000000000 ) ) ;
#4173 = ORIENTED_EDGE ( 'NONE', *, *, #155, .F. ) ;
#4174 = ORIENTED_EDGE ( 'NONE', *, *, #9843, .T. ) ;
#4175 = EDGE_CURVE ( 'NONE', #1567, #10561, #5612, .T. ) ;
#4176 = VECTOR ( 'NONE', #10622, 1000.000000000000000 ) ;
#4177 = PRESENTATION_STYLE_ASSIGNMENT (( #8568 ) ) ;
#4178 = AXIS2_PLACEMENT_3D ( 'NONE', #10855, #8035, #3750 ) ;
#4179 = CARTESIAN_POINT ( 'NONE',  ( 0.1250000000000005829, 0.2000000000000000111, -2.225000000000001421 ) ) ;
#4180 = ORIENTED_EDGE ( 'NONE', *, *, #4344, .F. ) ;
#4181 = EDGE_CURVE ( 'NONE', #5926, #10283, #9102, .T. ) ;
#4182 = CARTESIAN_POINT ( 'NONE',  ( -0.3749999999999994449, 0.2000000000000000111, -2.500000000000000000 ) ) ;
#4183 = DIRECTION ( 'NONE',  ( 0.000000000000000000, -1.000000000000000000, 0.000000000000000000 ) ) ;
#4184 = EDGE_LOOP ( 'NONE', ( #9334, #4854, #3579, #5130 ) ) ;
#4185 = EDGE_LOOP ( 'NONE', ( #9223, #8881, #7379, #1583 ) ) ;
#4186 =( GEOMETRIC_REPRESENTATION_CONTEXT ( 3 ) GLOBAL_UNCERTAINTY_ASSIGNED_CONTEXT ( ( #9502 ) ) GLOBAL_UNIT_ASSIGNED_CONTEXT ( ( #5803, #9707, #2491 ) ) REPRESENTATION_CONTEXT ( 'NONE', 'WORKASPACE' ) );
#4187 = DIRECTION ( 'NONE',  ( 0.000000000000000000, -0.000000000000000000, -1.000000000000000000 ) ) ;
#4188 = VECTOR ( 'NONE', #3945, 1000.000000000000000 ) ;
#4189 = VECTOR ( 'NONE', #2900, 1000.000000000000000 ) ;
#4190 = LINE ( 'NONE', #2572, #11138 ) ;
#4191 = ADVANCED_FACE ( 'NONE', ( #10178 ), #549, .T. ) ;
#4192 = ORIENTED_EDGE ( 'NONE', *, *, #4641, .T. ) ;
#4193 = EDGE_CURVE ( 'NONE', #1890, #3373, #2786, .T. ) ;
#4194 = ADVANCED_FACE ( 'NONE', ( #4031 ), #2995, .T. ) ;
#4195 = AXIS2_PLACEMENT_3D ( 'NONE', #6842, #1419, #8501 ) ;
#4196 = AXIS2_PLACEMENT_3D ( 'NONE', #2180, #9908, #5560 ) ;
#4197 = DIRECTION ( 'NONE',  ( 0.000000000000000000, -1.000000000000000000, 0.000000000000000000 ) ) ;
#4198 = CARTESIAN_POINT ( 'NONE',  ( -1.649999999999998801, 0.2000000000000000111, 1.799999999999999822 ) ) ;
#4199 = DIRECTION ( 'NONE',  ( 0.000000000000000000, -0.000000000000000000, -1.000000000000000000 ) ) ;
#4200 = VERTEX_POINT ( 'NONE', #6646 ) ;
#4201 = CARTESIAN_POINT ( 'NONE',  ( -1.800000000000000044, 0.000000000000000000, -1.424999999999999822 ) ) ;
#4202 = VECTOR ( 'NONE', #6440, 1000.000000000000000 ) ;
#4203 = AXIS2_PLACEMENT_3D ( 'NONE', #326, #4556, #1135 ) ;
#4204 = EDGE_CURVE ( 'NONE', #3894, #7979, #5727, .T. ) ;
#4205 = ADVANCED_FACE ( 'NONE', ( #492 ), #8264, .F. ) ;
#4206 = LINE ( 'NONE', #10526, #10773 ) ;
#4207 = VECTOR ( 'NONE', #2606, 1000.000000000000000 ) ;
#4208 = ORIENTED_EDGE ( 'NONE', *, *, #4129, .T. ) ;
#4209 = DIRECTION ( 'NONE',  ( 0.000000000000000000, 0.000000000000000000, -1.000000000000000000 ) ) ;
#4210 = DIRECTION ( 'NONE',  ( -0.000000000000000000, -0.000000000000000000, -1.000000000000000000 ) ) ;
#4211 = CIRCLE ( 'NONE', #7863, 0.1249999999999998890 ) ;
#4212 = ORIENTED_EDGE ( 'NONE', *, *, #7485, .T. ) ;
#4213 = DIRECTION ( 'NONE',  ( 0.000000000000000000, -1.000000000000000000, 0.000000000000000000 ) ) ;
#4214 = ORIENTED_EDGE ( 'NONE', *, *, #1257, .T. ) ;
#4215 = ORIENTED_EDGE ( 'NONE', *, *, #135, .T. ) ;
#4216 = CYLINDRICAL_SURFACE ( 'NONE', #7896, 0.1250000000000001110 ) ;
#4217 = AXIS2_PLACEMENT_3D ( 'NONE', #3796, #273, #2064 ) ;
#4218 = EDGE_CURVE ( 'NONE', #10048, #2601, #9165, .T. ) ;
#4219 = DIRECTION ( 'NONE',  ( -0.000000000000000000, 0.000000000000000000, -1.000000000000000000 ) ) ;
#4220 = CARTESIAN_POINT ( 'NONE',  ( 1.875000000000000000, 0.2000000000000000111, 2.499999999999999112 ) ) ;
#4221 = CARTESIAN_POINT ( 'NONE',  ( -1.624999999999999334, 0.000000000000000000, 2.500000000000000000 ) ) ;
#4222 = DIRECTION ( 'NONE',  ( -1.000000000000000000, 0.000000000000000000, 7.885106708985523547E-16 ) ) ;
#4223 = ORIENTED_EDGE ( 'NONE', *, *, #957, .T. ) ;
#4224 = DIRECTION ( 'NONE',  ( 0.000000000000000000, 0.000000000000000000, -1.000000000000000000 ) ) ;
#4225 = DIRECTION ( 'NONE',  ( 9.856383386231904433E-17, 0.000000000000000000, 1.000000000000000000 ) ) ;
#4226 = DIRECTION ( 'NONE',  ( 1.000000000000000000, 0.000000000000000000, -1.971276677246380887E-16 ) ) ;
#4227 = DIRECTION ( 'NONE',  ( 0.000000000000000000, -1.000000000000000000, 0.000000000000000000 ) ) ;
#4228 = ORIENTED_EDGE ( 'NONE', *, *, #5720, .F. ) ;
#4229 = AXIS2_PLACEMENT_3D ( 'NONE', #8915, #1169, #9769 ) ;
#4230 = FACE_OUTER_BOUND ( 'NONE', #8658, .T. ) ;
#4231 = CARTESIAN_POINT ( 'NONE',  ( -2.499999999999984013, 0.2000000000000000111, -0.1250000000000001110 ) ) ;
#4232 = ORIENTED_EDGE ( 'NONE', *, *, #10934, .F. ) ;
#4233 = VECTOR ( 'NONE', #3595, 1000.000000000000000 ) ;
#4234 = VERTEX_POINT ( 'NONE', #8309 ) ;
#4235 = ORIENTED_EDGE ( 'NONE', *, *, #1463, .T. ) ;
#4236 = ORIENTED_EDGE ( 'NONE', *, *, #1078, .F. ) ;
#4237 = PRESENTATION_LAYER_ASSIGNMENT (  '', '', ( #10062 ) ) ;
#4238 = EDGE_CURVE ( 'NONE', #6876, #5141, #7579, .T. ) ;
#4239 = EDGE_CURVE ( 'NONE', #4752, #596, #2048, .T. ) ;
#4240 = DIRECTION ( 'NONE',  ( 0.000000000000000000, 0.000000000000000000, 1.000000000000000000 ) ) ;
#4241 = ORIENTED_EDGE ( 'NONE', *, *, #8311, .F. ) ;
#4242 = DIRECTION ( 'NONE',  ( 0.000000000000000000, 0.000000000000000000, -1.000000000000000000 ) ) ;
#4243 = CARTESIAN_POINT ( 'NONE',  ( 2.500000000000000000, 0.000000000000000000, -1.374999999999999334 ) ) ;
#4244 = ORIENTED_EDGE ( 'NONE', *, *, #3071, .F. ) ;
#4245 = VECTOR ( 'NONE', #4717, 1000.000000000000000 ) ;
#4246 = ORIENTED_EDGE ( 'NONE', *, *, #6286, .F. ) ;
#4247 = CIRCLE ( 'NONE', #4446, 0.1249999999999998890 ) ;
#4248 = ORIENTED_EDGE ( 'NONE', *, *, #727, .F. ) ;
#4249 = FACE_OUTER_BOUND ( 'NONE', #1541, .T. ) ;
#4250 = CIRCLE ( 'NONE', #10636, 0.1249999999999998890 ) ;
#4251 = ORIENTED_EDGE ( 'NONE', *, *, #9322, .T. ) ;
#4252 = EDGE_CURVE ( 'NONE', #3243, #1969, #6525, .T. ) ;
#4253 = EDGE_CURVE ( 'NONE', #5238, #8706, #9961, .T. ) ;
#4254 = DIRECTION ( 'NONE',  ( 0.000000000000000000, -0.000000000000000000, -1.000000000000000000 ) ) ;
#4255 = CIRCLE ( 'NONE', #1174, 0.1249999999999998890 ) ;
#4256 = LINE ( 'NONE', #8693, #767 ) ;
#4257 = ORIENTED_EDGE ( 'NONE', *, *, #3363, .F. ) ;
#4258 = CARTESIAN_POINT ( 'NONE',  ( 2.500000000000000444, 0.000000000000000000, -1.874999999999998446 ) ) ;
#4259 = AXIS2_PLACEMENT_3D ( 'NONE', #2115, #11031, #4080 ) ;
#4260 = ORIENTED_EDGE ( 'NONE', *, *, #9151, .F. ) ;
#4261 = DIRECTION ( 'NONE',  ( 0.000000000000000000, 0.000000000000000000, -1.000000000000000000 ) ) ;
#4262 = CARTESIAN_POINT ( 'NONE',  ( -0.2499999999999995837, 0.2000000000000000111, -2.224999999999980549 ) ) ;
#4263 = DIRECTION ( 'NONE',  ( 0.000000000000000000, -1.000000000000000000, 0.000000000000000000 ) ) ;
#4264 = ORIENTED_EDGE ( 'NONE', *, *, #10229, .F. ) ;
#4265 = DIRECTION ( 'NONE',  ( -0.000000000000000000, -0.000000000000000000, -1.000000000000000000 ) ) ;
#4266 = PRESENTATION_LAYER_ASSIGNMENT (  '', '', ( #268 ) ) ;
#4267 = VECTOR ( 'NONE', #4579, 1000.000000000000000 ) ;
#4268 = EDGE_CURVE ( 'NONE', #7102, #5418, #447, .T. ) ;
#4269 = EDGE_CURVE ( 'NONE', #2554, #1803, #4062, .T. ) ;
#4270 = LINE ( 'NONE', #2695, #5125 ) ;
#4271 = PLANE ( 'NONE',  #10920 ) ;
#4272 = VERTEX_POINT ( 'NONE', #2184 ) ;
#4273 = CARTESIAN_POINT ( 'NONE',  ( -0.8749999999999993339, 0.000000000000000000, -2.225000000000001421 ) ) ;
#4274 = DIRECTION ( 'NONE',  ( -0.000000000000000000, -1.000000000000000000, -0.000000000000000000 ) ) ;
#4275 = DIRECTION ( 'NONE',  ( 0.000000000000000000, 1.000000000000000000, -0.000000000000000000 ) ) ;
#4276 = CARTESIAN_POINT ( 'NONE',  ( -1.124999999999999334, 0.2000000000000000111, -2.500000000000000000 ) ) ;
#4277 = ORIENTED_EDGE ( 'NONE', *, *, #2934, .T. ) ;
#4278 = ORIENTED_EDGE ( 'NONE', *, *, #9948, .T. ) ;
#4279 = DIRECTION ( 'NONE',  ( 0.000000000000000000, -1.000000000000000000, 0.000000000000000000 ) ) ;
#4280 = EDGE_CURVE ( 'NONE', #596, #3511, #5670, .T. ) ;
#4281 = EDGE_CURVE ( 'NONE', #9764, #9499, #3387, .T. ) ;
#4282 = ORIENTED_EDGE ( 'NONE', *, *, #6336, .F. ) ;
#4283 = EDGE_CURVE ( 'NONE', #524, #2530, #2463, .T. ) ;
#4284 = CARTESIAN_POINT ( 'NONE',  ( -2.224999999999990319, 0.04999999999999999584, -0.8749999999999998890 ) ) ;
#4285 = LINE ( 'NONE', #11245, #8558 ) ;
#4286 = CARTESIAN_POINT ( 'NONE',  ( 0.1250000000000005829, 0.000000000000000000, -2.225000000000001421 ) ) ;
#4287 = FACE_OUTER_BOUND ( 'NONE', #9834, .T. ) ;
#4288 = EDGE_LOOP ( 'NONE', ( #2795, #9033, #8529, #3492 ) ) ;
#4289 = AXIS2_PLACEMENT_3D ( 'NONE', #9148, #7337, #9947 ) ;
#4290 = DIRECTION ( 'NONE',  ( -1.000000000000000000, 0.000000000000000000, 0.000000000000000000 ) ) ;
#4291 = DIRECTION ( 'NONE',  ( 1.000000000000000000, 0.000000000000000000, 0.000000000000000000 ) ) ;
#4292 = CARTESIAN_POINT ( 'NONE',  ( -1.800000000000000044, 0.000000000000000000, 1.649999999999998579 ) ) ;
#4293 = CARTESIAN_POINT ( 'NONE',  ( -0.7499999999999995559, 0.2000000000000000111, 2.099999999999990763 ) ) ;
#4294 = ORIENTED_EDGE ( 'NONE', *, *, #9787, .T. ) ;
#4295 = FACE_OUTER_BOUND ( 'NONE', #1320, .T. ) ;
#4296 = DIRECTION ( 'NONE',  ( 0.000000000000000000, 0.000000000000000000, -1.000000000000000000 ) ) ;
#4297 = EDGE_LOOP ( 'NONE', ( #11053, #7578, #10472, #6380 ) ) ;
#4298 = DIRECTION ( 'NONE',  ( 1.000000000000000000, 0.000000000000000000, 0.000000000000000000 ) ) ;
#4299 = EDGE_LOOP ( 'NONE', ( #304, #5363, #4023, #7493 ) ) ;
#4300 = VERTEX_POINT ( 'NONE', #6934 ) ;
#4301 = ADVANCED_FACE ( 'NONE', ( #6872 ), #5894, .T. ) ;
#4302 = CIRCLE ( 'NONE', #3763, 0.1250000000000001110 ) ;
#4303 = CARTESIAN_POINT ( 'NONE',  ( 1.249999999999999778, 0.2000000000000000111, 2.224999999999969003 ) ) ;
#4304 = EDGE_LOOP ( 'NONE', ( #3968, #9604, #2154, #5739 ) ) ;
#4305 = DIRECTION ( 'NONE',  ( 0.000000000000000000, -1.000000000000000000, 0.000000000000000000 ) ) ;
#4306 = FACE_OUTER_BOUND ( 'NONE', #8840, .T. ) ;
#4307 = EDGE_LOOP ( 'NONE', ( #4386, #3018, #416, #11006 ) ) ;
#4308 = ORIENTED_EDGE ( 'NONE', *, *, #7665, .T. ) ;
#4309 = AXIS2_PLACEMENT_3D ( 'NONE', #9694, #7942, #6425 ) ;
#4310 = CARTESIAN_POINT ( 'NONE',  ( 1.250000000000000222, 0.2000000000000000111, -2.224999999999996092 ) ) ;
#4311 = CARTESIAN_POINT ( 'NONE',  ( 0.000000000000000000, 0.05000000000000000278, -1.375000000000000000 ) ) ;
#4312 = VERTEX_POINT ( 'NONE', #7004 ) ;
#4313 = CARTESIAN_POINT ( 'NONE',  ( -2.224999999999964562, 0.2000000000000000111, 1.875000000000000000 ) ) ;
#4314 = ORIENTED_EDGE ( 'NONE', *, *, #5912, .T. ) ;
#4315 = EDGE_CURVE ( 'NONE', #11200, #4362, #10437, .T. ) ;
#4316 = CYLINDRICAL_SURFACE ( 'NONE', #8630, 0.2000000000000003164 ) ;
#4317 = DIRECTION ( 'NONE',  ( -0.000000000000000000, -1.000000000000000000, -0.000000000000000000 ) ) ;
#4318 = ORIENTED_EDGE ( 'NONE', *, *, #5596, .F. ) ;
#4319 = EDGE_CURVE ( 'NONE', #5627, #485, #5507, .T. ) ;
#4320 = FACE_OUTER_BOUND ( 'NONE', #998, .T. ) ;
#4321 = ORIENTED_EDGE ( 'NONE', *, *, #3556, .F. ) ;
#4322 = ADVANCED_FACE ( 'NONE', ( #6070 ), #9495, .T. ) ;
#4323 = PLANE ( 'NONE',  #5334 ) ;
#4324 = CARTESIAN_POINT ( 'NONE',  ( -1.624999999999999334, 0.000000000000000000, -2.500000000000000000 ) ) ;
#4325 = CARTESIAN_POINT ( 'NONE',  ( -1.749999999999999334, 0.2000000000000000111, 2.100000000000000977 ) ) ;
#4326 = CARTESIAN_POINT ( 'NONE',  ( -1.749999999999999334, 0.2000000000000000111, 2.225000000000001421 ) ) ;
#4327 = ORIENTED_EDGE ( 'NONE', *, *, #9404, .T. ) ;
#4328 = LINE ( 'NONE', #7811, #552 ) ;
#4329 = VERTEX_POINT ( 'NONE', #10481 ) ;
#4330 = ORIENTED_EDGE ( 'NONE', *, *, #3898, .F. ) ;
#4331 = CARTESIAN_POINT ( 'NONE',  ( -1.800000000000000044, 0.2000000000000000111, -1.649999999999998801 ) ) ;
#4332 = CARTESIAN_POINT ( 'NONE',  ( 0.000000000000000000, 0.05000000000000000278, 1.125000000000000000 ) ) ;
#4333 = LINE ( 'NONE', #3470, #930 ) ;
#4334 = DIRECTION ( 'NONE',  ( -7.885106708985522560E-16, 0.000000000000000000, -1.000000000000000000 ) ) ;
#4335 = AXIS2_PLACEMENT_3D ( 'NONE', #4863, #2277, #2388 ) ;
#4336 = CARTESIAN_POINT ( 'NONE',  ( -1.649999999999998801, 0.2000000000000000111, -1.800000000000000044 ) ) ;
#4337 = ADVANCED_FACE ( 'NONE', ( #3270 ), #9375, .T. ) ;
#4338 = ORIENTED_EDGE ( 'NONE', *, *, #8425, .T. ) ;
#4339 = EDGE_CURVE ( 'NONE', #165, #10480, #849, .T. ) ;
#4340 = DIRECTION ( 'NONE',  ( 0.000000000000000000, 1.000000000000000000, 0.000000000000000000 ) ) ;
#4341 = DIRECTION ( 'NONE',  ( 1.000000000000000000, -0.000000000000000000, 0.000000000000000000 ) ) ;
#4342 = DIRECTION ( 'NONE',  ( 0.000000000000000000, 0.000000000000000000, 1.000000000000000000 ) ) ;
#4343 = DIRECTION ( 'NONE',  ( 0.000000000000000000, 1.000000000000000000, -0.000000000000000000 ) ) ;
#4344 = EDGE_CURVE ( 'NONE', #6178, #10685, #729, .T. ) ;
#4345 = ORIENTED_EDGE ( 'NONE', *, *, #10023, .F. ) ;
#4346 = CARTESIAN_POINT ( 'NONE',  ( 2.500000000000000000, 0.2000000000000000111, -0.1250000000000000555 ) ) ;
#4347 = CARTESIAN_POINT ( 'NONE',  ( -1.749999999999999334, 0.2000000000000000111, 2.100000000000000977 ) ) ;
#4348 = ORIENTED_EDGE ( 'NONE', *, *, #2123, .F. ) ;
#4349 = DIRECTION ( 'NONE',  ( 0.000000000000000000, 0.000000000000000000, -1.000000000000000000 ) ) ;
#4350 = VERTEX_POINT ( 'NONE', #1738 ) ;
#4351 = ORIENTED_EDGE ( 'NONE', *, *, #3210, .F. ) ;
#4352 = EDGE_LOOP ( 'NONE', ( #548, #2097, #7809, #7098 ) ) ;
#4353 = CLOSED_SHELL ( 'NONE', ( #8493, #10659, #4756, #8348, #5928, #9108 ) ) ;
#4354 = PLANE ( 'NONE',  #4938 ) ;
#4355 = ORIENTED_EDGE ( 'NONE', *, *, #6783, .T. ) ;
#4356 = CARTESIAN_POINT ( 'NONE',  ( -2.224999999999980105, 0.04999999999999999584, 0.1250000000000001110 ) ) ;
#4357 = CARTESIAN_POINT ( 'NONE',  ( 2.225000000000001865, 0.000000000000000000, 1.874999999999999778 ) ) ;
#4358 = EDGE_CURVE ( 'NONE', #1491, #11142, #7689, .T. ) ;
#4359 = DIRECTION ( 'NONE',  ( 0.000000000000000000, -0.000000000000000000, 1.000000000000000000 ) ) ;
#4360 = VERTEX_POINT ( 'NONE', #11285 ) ;
#4361 = VECTOR ( 'NONE', #5466, 1000.000000000000000 ) ;
#4362 = VERTEX_POINT ( 'NONE', #4435 ) ;
#4363 = AXIS2_PLACEMENT_3D ( 'NONE', #11283, #1619, #5941 ) ;
#4364 = DIRECTION ( 'NONE',  ( -0.000000000000000000, -1.000000000000000000, -0.000000000000000000 ) ) ;
#4365 = DIRECTION ( 'NONE',  ( -0.000000000000000000, -1.000000000000000000, -0.000000000000000000 ) ) ;
#4366 = ORIENTED_EDGE ( 'NONE', *, *, #10995, .T. ) ;
#4367 = FACE_OUTER_BOUND ( 'NONE', #3172, .T. ) ;
#4368 = ADVANCED_FACE ( 'NONE', ( #2406 ), #10292, .T. ) ;
#4369 = CIRCLE ( 'NONE', #7650, 0.1249999999999998890 ) ;
#4370 = DIRECTION ( 'NONE',  ( 0.000000000000000000, 0.000000000000000000, -1.000000000000000000 ) ) ;
#4371 = DIRECTION ( 'NONE',  ( 0.000000000000000000, 0.000000000000000000, -1.000000000000000000 ) ) ;
#4372 = AXIS2_PLACEMENT_3D ( 'NONE', #9180, #11005, #1253 ) ;
#4373 = VERTEX_POINT ( 'NONE', #4201 ) ;
#4374 = DIRECTION ( 'NONE',  ( -0.000000000000000000, -1.000000000000000000, -0.000000000000000000 ) ) ;
#4375 = VECTOR ( 'NONE', #3578, 1000.000000000000000 ) ;
#4376 = EDGE_CURVE ( 'NONE', #7925, #8578, #45, .T. ) ;
#4377 = DIRECTION ( 'NONE',  ( 0.000000000000000000, 0.000000000000000000, 1.000000000000000000 ) ) ;
#4378 = ORIENTED_EDGE ( 'NONE', *, *, #1959, .T. ) ;
#4379 = SURFACE_SIDE_STYLE ('',( #5396 ) ) ;
#4380 = CARTESIAN_POINT ( 'NONE',  ( 2.224999999999996092, 0.2000000000000000111, 1.250000000000000000 ) ) ;
#4381 = CARTESIAN_POINT ( 'NONE',  ( 1.625000000000000000, 0.2000000000000000111, 2.499999999999999112 ) ) ;
#4382 = DIRECTION ( 'NONE',  ( 0.000000000000000000, 0.000000000000000000, -1.000000000000000000 ) ) ;
#4383 = VERTEX_POINT ( 'NONE', #11224 ) ;
#4384 = LINE ( 'NONE', #7704, #4012 ) ;
#4385 = AXIS2_PLACEMENT_3D ( 'NONE', #10154, #3192, #5708 ) ;
#4386 = ORIENTED_EDGE ( 'NONE', *, *, #2171, .T. ) ;
#4387 = ORIENTED_EDGE ( 'NONE', *, *, #4175, .F. ) ;
#4388 = DIRECTION ( 'NONE',  ( 0.000000000000000000, 0.000000000000000000, 1.000000000000000000 ) ) ;
#4389 = VECTOR ( 'NONE', #280, 1000.000000000000000 ) ;
#4390 = ORIENTED_EDGE ( 'NONE', *, *, #2553, .F. ) ;
#4391 = EDGE_CURVE ( 'NONE', #6925, #8975, #2586, .T. ) ;
#4392 = CARTESIAN_POINT ( 'NONE',  ( 2.224999999999969891, 0.2000000000000000111, -1.249999999999999334 ) ) ;
#4393 = CARTESIAN_POINT ( 'NONE',  ( 2.500000000000001332, 0.04999999999999969746, -2.500000000000000000 ) ) ;
#4394 = LINE ( 'NONE', #3537, #4847 ) ;
#4395 = FACE_OUTER_BOUND ( 'NONE', #9191, .T. ) ;
#4396 = VERTEX_POINT ( 'NONE', #9557 ) ;
#4397 = LINE ( 'NONE', #3539, #2770 ) ;
#4398 = CARTESIAN_POINT ( 'NONE',  ( -2.499999999999978684, 0.000000000000000000, 0.1250000000000001110 ) ) ;
#4399 = DIRECTION ( 'NONE',  ( 0.000000000000000000, 0.000000000000000000, -1.000000000000000000 ) ) ;
#4400 = CARTESIAN_POINT ( 'NONE',  ( -1.374999999999999334, 0.2000000000000000111, 2.225000000000001421 ) ) ;
#4401 = ORIENTED_EDGE ( 'NONE', *, *, #3349, .F. ) ;
#4402 = FACE_OUTER_BOUND ( 'NONE', #9392, .T. ) ;
#4403 = DIRECTION ( 'NONE',  ( 0.000000000000000000, 1.000000000000000000, -0.000000000000000000 ) ) ;
#4404 = ORIENTED_EDGE ( 'NONE', *, *, #5025, .T. ) ;
#4405 = ORIENTED_EDGE ( 'NONE', *, *, #577, .T. ) ;
#4406 = ORIENTED_EDGE ( 'NONE', *, *, #6529, .F. ) ;
#4407 = CIRCLE ( 'NONE', #10219, 0.1250000000000001110 ) ;
#4408 = CIRCLE ( 'NONE', #3684, 0.2000000000000003164 ) ;
#4409 = EDGE_CURVE ( 'NONE', #8691, #5390, #6123, .T. ) ;
#4410 = EDGE_CURVE ( 'NONE', #4396, #6876, #5340, .T. ) ;
#4411 = SURFACE_STYLE_FILL_AREA ( #9767 ) ;
#4412 = ORIENTED_EDGE ( 'NONE', *, *, #6008, .T. ) ;
#4413 = PLANE ( 'NONE',  #8077 ) ;
#4414 = DIRECTION ( 'NONE',  ( 0.000000000000000000, 0.000000000000000000, -1.000000000000000000 ) ) ;
#4415 = AXIS2_PLACEMENT_3D ( 'NONE', #753, #4222, #2369 ) ;
#4416 = DIRECTION ( 'NONE',  ( -1.000000000000000000, 0.000000000000000000, 0.000000000000000000 ) ) ;
#4417 = ORIENTED_EDGE ( 'NONE', *, *, #8380, .T. ) ;
#4418 = LINE ( 'NONE', #7909, #2340 ) ;
#4419 = ORIENTED_EDGE ( 'NONE', *, *, #2932, .F. ) ;
#4420 = AXIS2_PLACEMENT_3D ( 'NONE', #1260, #10691, #8233 ) ;
#4421 = EDGE_CURVE ( 'NONE', #201, #9926, #218, .T. ) ;
#4422 = ADVANCED_FACE ( 'NONE', ( #5552 ), #10757, .T. ) ;
#4423 = DIRECTION ( 'NONE',  ( 0.000000000000000000, -1.000000000000000000, 0.000000000000000000 ) ) ;
#4424 = PLANE ( 'NONE',  #2014 ) ;
#4425 = VERTEX_POINT ( 'NONE', #1076 ) ;
#4426 = CARTESIAN_POINT ( 'NONE',  ( 0.1250000000000005829, 0.2000000000000000111, -2.225000000000001421 ) ) ;
#4427 = AXIS2_PLACEMENT_3D ( 'NONE', #1742, #1861, #6015 ) ;
#4428 = VECTOR ( 'NONE', #755, 1000.000000000000000 ) ;
#4429 = ORIENTED_EDGE ( 'NONE', *, *, #494, .F. ) ;
#4430 = PLANE ( 'NONE',  #7005 ) ;
#4431 = DIRECTION ( 'NONE',  ( 0.000000000000000000, -1.000000000000000000, 0.000000000000000000 ) ) ;
#4432 = FILL_AREA_STYLE ('',( #3024 ) ) ;
#4433 = VECTOR ( 'NONE', #1683, 1000.000000000000000 ) ;
#4434 = ORIENTED_EDGE ( 'NONE', *, *, #3669, .F. ) ;
#4435 = CARTESIAN_POINT ( 'NONE',  ( -2.224999999999995648, 0.2000000000000000111, -1.375000000000000000 ) ) ;
#4436 = EDGE_CURVE ( 'NONE', #3371, #11134, #1022, .T. ) ;
#4437 =( GEOMETRIC_REPRESENTATION_CONTEXT ( 3 ) GLOBAL_UNCERTAINTY_ASSIGNED_CONTEXT ( ( #7700 ) ) GLOBAL_UNIT_ASSIGNED_CONTEXT ( ( #5040, #9315, #1503 ) ) REPRESENTATION_CONTEXT ( 'NONE', 'WORKASPACE' ) );
#4438 = CIRCLE ( 'NONE', #2588, 0.1499999999999999667 ) ;
#4439 = CARTESIAN_POINT ( 'NONE',  ( 0.7500000000000002220, 0.2000000000000000111, 2.224999999999974776 ) ) ;
#4440 = ORIENTED_EDGE ( 'NONE', *, *, #6907, .T. ) ;
#4441 = DIRECTION ( 'NONE',  ( 0.000000000000000000, 0.000000000000000000, -1.000000000000000000 ) ) ;
#4442 = PLANE ( 'NONE',  #603 ) ;
#4443 = FACE_OUTER_BOUND ( 'NONE', #5273, .T. ) ;
#4444 = CARTESIAN_POINT ( 'NONE',  ( -2.224999999999980105, 0.2000000000000000111, 0.2500000000000000000 ) ) ;
#4445 = VERTEX_POINT ( 'NONE', #4494 ) ;
#4446 = AXIS2_PLACEMENT_3D ( 'NONE', #9679, #8150, #2074 ) ;
#4447 = ORIENTED_EDGE ( 'NONE', *, *, #2510, .F. ) ;
#4448 = EDGE_LOOP ( 'NONE', ( #1556, #9270, #5538, #2676 ) ) ;
#4449 = CARTESIAN_POINT ( 'NONE',  ( -1.874999999999999334, 0.2000000000000000111, 2.500000000000000000 ) ) ;
#4450 = ORIENTED_EDGE ( 'NONE', *, *, #2407, .T. ) ;
#4451 = STYLED_ITEM ( 'NONE', ( #1711 ), #10930 ) ;
#4452 = PLANE ( 'NONE',  #6939 ) ;
#4453 = LINE ( 'NONE', #3408, #3083 ) ;
#4454 = DIRECTION ( 'NONE',  ( -0.000000000000000000, -1.000000000000000000, -0.000000000000000000 ) ) ;
#4455 = DIRECTION ( 'NONE',  ( 1.000000000000000000, 0.000000000000000000, -0.000000000000000000 ) ) ;
#4456 = EDGE_LOOP ( 'NONE', ( #4084, #863, #5672, #6712 ) ) ;
#4457 = DIRECTION ( 'NONE',  ( 0.000000000000000000, 0.000000000000000000, -1.000000000000000000 ) ) ;
#4458 = DIRECTION ( 'NONE',  ( 0.000000000000000000, 0.000000000000000000, -1.000000000000000000 ) ) ;
#4459 = CARTESIAN_POINT ( 'NONE',  ( -2.499999999999999556, 0.04999999999999999584, -1.625000000000000222 ) ) ;
#4460 = CARTESIAN_POINT ( 'NONE',  ( -1.800000000000000044, 0.04999999999999999584, -1.300000000000000044 ) ) ;
#4461 = VERTEX_POINT ( 'NONE', #9901 ) ;
#4462 = DIRECTION ( 'NONE',  ( 0.000000000000000000, -1.000000000000000000, 0.000000000000000000 ) ) ;
#4463 = ORIENTED_EDGE ( 'NONE', *, *, #5424, .T. ) ;
#4464 = CARTESIAN_POINT ( 'NONE',  ( 2.224999999999985878, 0.000000000000000000, 0.2500000000000001110 ) ) ;
#4465 = ADVANCED_FACE ( 'NONE', ( #3694 ), #3632, .T. ) ;
#4466 = VERTEX_POINT ( 'NONE', #1185 ) ;
#4467 = EDGE_CURVE ( 'NONE', #1213, #4890, #6064, .T. ) ;
#4468 = ADVANCED_FACE ( 'NONE', ( #9839 ), #8882, .T. ) ;
#4469 = VECTOR ( 'NONE', #8347, 1000.000000000000000 ) ;
#4470 = PLANE ( 'NONE',  #2348 ) ;
#4471 = CARTESIAN_POINT ( 'NONE',  ( -1.800000000000000044, 0.2000000000000000111, -1.175000000000000044 ) ) ;
#4472 = ORIENTED_EDGE ( 'NONE', *, *, #4566, .T. ) ;
#4473 = CARTESIAN_POINT ( 'NONE',  ( 1.249999999999999778, 0.2000000000000000111, 2.224999999999969003 ) ) ;
#4474 = CARTESIAN_POINT ( 'NONE',  ( 2.224999999999975220, 0.2000000000000000111, -0.8749999999999998890 ) ) ;
#4475 = LINE ( 'NONE', #8862, #378 ) ;
#4476 = EDGE_LOOP ( 'NONE', ( #2628, #418, #8624, #8089 ) ) ;
#4477 = DIRECTION ( 'NONE',  ( 0.000000000000000000, -1.000000000000000000, 0.000000000000000000 ) ) ;
#4478 = EDGE_LOOP ( 'NONE', ( #6735, #8852, #2697, #10345 ) ) ;
#4479 = EDGE_CURVE ( 'NONE', #1695, #165, #1226, .T. ) ;
#4480 = VERTEX_POINT ( 'NONE', #324 ) ;
#4481 = EDGE_CURVE ( 'NONE', #11215, #10966, #5501, .T. ) ;
#4482 = PLANE ( 'NONE',  #7129 ) ;
#4483 = CARTESIAN_POINT ( 'NONE',  ( 0.3750000000000003331, 0.2000000000000000111, -2.500000000000000000 ) ) ;
#4484 = ORIENTED_EDGE ( 'NONE', *, *, #35, .F. ) ;
#4485 = DIRECTION ( 'NONE',  ( 0.000000000000000000, 1.000000000000000000, -0.000000000000000000 ) ) ;
#4486 = DIRECTION ( 'NONE',  ( 0.000000000000000000, 0.000000000000000000, 1.000000000000000000 ) ) ;
#4487 = ORIENTED_EDGE ( 'NONE', *, *, #9817, .T. ) ;
#4488 = ADVANCED_FACE ( 'NONE', ( #2829 ), #151, .T. ) ;
#4489 = CARTESIAN_POINT ( 'NONE',  ( 0.3750000000000003331, 0.04999999999999969746, -2.500000000000000000 ) ) ;
#4490 = EDGE_CURVE ( 'NONE', #8513, #8963, #8098, .T. ) ;
#4491 = CARTESIAN_POINT ( 'NONE',  ( 1.800000000000000044, 0.2000000000000000111, 1.649999999999998579 ) ) ;
#4492 = EDGE_CURVE ( 'NONE', #10556, #5377, #1883, .T. ) ;
#4493 = ORIENTED_EDGE ( 'NONE', *, *, #4611, .F. ) ;
#4494 = CARTESIAN_POINT ( 'NONE',  ( -1.874999999999999334, 0.2000000000000000111, 2.500000000000000000 ) ) ;
#4495 = CYLINDRICAL_SURFACE ( 'NONE', #6373, 0.1249999999999996808 ) ;
#4496 = EDGE_LOOP ( 'NONE', ( #8873, #5368, #7976, #2748, #3778, #10713, #3642, #2694, #2894, #8739, #2133, #10870, #5535, #7154, #1925, #7706, #3828, #7473, #1910, #7761, #1128, #10743, #1737, #4647, #9623, #9620, #7269, #9465, #1955, #2382, #9289, #7961, #4406, #9477, #3332, #1606 ) ) ;
#4497 = CARTESIAN_POINT ( 'NONE',  ( -0.3749999999999994449, 0.000000000000000000, -2.500000000000000000 ) ) ;
#4498 = FACE_OUTER_BOUND ( 'NONE', #10922, .T. ) ;
#4499 = LINE ( 'NONE', #108, #10197 ) ;
#4500 = CARTESIAN_POINT ( 'NONE',  ( -2.224999999999995648, 0.2000000000000000111, -1.250000000000000000 ) ) ;
#4501 = EDGE_CURVE ( 'NONE', #9092, #7363, #279, .T. ) ;
#4502 = EDGE_LOOP ( 'NONE', ( #1838, #6576, #3085, #260 ) ) ;
#4503 = CARTESIAN_POINT ( 'NONE',  ( 0.000000000000000000, 0.05000000000000000278, 1.375000000000000000 ) ) ;
#4504 = ORIENTED_EDGE ( 'NONE', *, *, #1894, .F. ) ;
#4505 = FACE_OUTER_BOUND ( 'NONE', #10633, .T. ) ;
#4506 = ORIENTED_EDGE ( 'NONE', *, *, #11009, .T. ) ;
#4507 = AXIS2_PLACEMENT_3D ( 'NONE', #10809, #10703, #7334 ) ;
#4508 = VERTEX_POINT ( 'NONE', #6405 ) ;
#4509 = LINE ( 'NONE', #10671, #7507 ) ;
#4510 = DIRECTION ( 'NONE',  ( -0.000000000000000000, -1.000000000000000000, -0.000000000000000000 ) ) ;
#4511 = CARTESIAN_POINT ( 'NONE',  ( -0.7499999999999994449, 0.2000000000000000111, -2.224999999999975220 ) ) ;
#4512 = SURFACE_STYLE_FILL_AREA ( #10555 ) ;
#4513 = VERTEX_POINT ( 'NONE', #10594 ) ;
#4514 = CARTESIAN_POINT ( 'NONE',  ( 0.3750000000000003331, 0.2000000000000000111, -2.500000000000000000 ) ) ;
#4515 = CARTESIAN_POINT ( 'NONE',  ( -1.874999999999999334, 0.04999999999999999584, 2.225000000000001421 ) ) ;
#4516 = DIRECTION ( 'NONE',  ( 1.000000000000000000, 0.000000000000000000, -1.971276677246380887E-16 ) ) ;
#4517 = LINE ( 'NONE', #8959, #10007 ) ;
#4518 = ORIENTED_EDGE ( 'NONE', *, *, #10533, .T. ) ;
#4519 = DIRECTION ( 'NONE',  ( -1.000000000000000000, 0.000000000000000000, 0.000000000000000000 ) ) ;
#4520 = DIRECTION ( 'NONE',  ( 0.000000000000000000, -1.000000000000000000, 0.000000000000000000 ) ) ;
#4521 = EDGE_LOOP ( 'NONE', ( #6117, #10854, #2686, #1574, #10304 ) ) ;
#4522 = CARTESIAN_POINT ( 'NONE',  ( -1.849999999999999645, 0.9000000000000000222, -1.850000000000000089 ) ) ;
#4523 = ORIENTED_EDGE ( 'NONE', *, *, #1728, .F. ) ;
#4524 = EDGE_LOOP ( 'NONE', ( #10398, #8302, #7698, #8037 ) ) ;
#4525 = AXIS2_PLACEMENT_3D ( 'NONE', #10396, #6053, #5205 ) ;
#4526 = CARTESIAN_POINT ( 'NONE',  ( -0.2499999999999997224, 0.000000000000000000, 2.224999999999985434 ) ) ;
#4527 = EDGE_LOOP ( 'NONE', ( #352, #5003, #7904, #10102 ) ) ;
#4528 = LINE ( 'NONE', #8017, #3510 ) ;
#4529 = DIRECTION ( 'NONE',  ( 1.000000000000000000, 0.000000000000000000, 0.000000000000000000 ) ) ;
#4530 = DIRECTION ( 'NONE',  ( -7.885106708985523547E-16, 0.000000000000000000, -1.000000000000000000 ) ) ;
#4531 = ORIENTED_EDGE ( 'NONE', *, *, #7327, .F. ) ;
#4532 = EDGE_CURVE ( 'NONE', #8237, #2533, #8038, .T. ) ;
#4533 = CARTESIAN_POINT ( 'NONE',  ( -2.224999999999969447, 0.04999999999999999584, 1.375000000000000000 ) ) ;
#4534 = ORIENTED_EDGE ( 'NONE', *, *, #4073, .T. ) ;
#4535 = CIRCLE ( 'NONE', #10894, 0.1249999999999996808 ) ;
#4536 = VECTOR ( 'NONE', #6844, 1000.000000000000000 ) ;
#4537 = ADVANCED_FACE ( 'NONE', ( #9785 ), #10532, .T. ) ;
#4538 = LINE ( 'NONE', #2061, #1280 ) ;
#4539 = CIRCLE ( 'NONE', #9993, 0.1250000000000001110 ) ;
#4540 = DIRECTION ( 'NONE',  ( 0.000000000000000000, -1.000000000000000000, 0.000000000000000000 ) ) ;
#4541 = EDGE_LOOP ( 'NONE', ( #5731, #10149, #7331, #9038 ) ) ;
#4542 = CARTESIAN_POINT ( 'NONE',  ( 0.3750000000000001665, 0.2000000000000000111, 2.225000000000000977 ) ) ;
#4543 = CARTESIAN_POINT ( 'NONE',  ( 1.125000000000000444, 0.2000000000000000111, -2.225000000000001421 ) ) ;
#4544 = ORIENTED_EDGE ( 'NONE', *, *, #9539, .T. ) ;
#4545 = DIRECTION ( 'NONE',  ( -1.000000000000000000, -0.000000000000000000, -0.000000000000000000 ) ) ;
#4546 = CARTESIAN_POINT ( 'NONE',  ( -1.249999999999999112, 0.000000000000000000, -2.224999999999969891 ) ) ;
#4547 = ORIENTED_EDGE ( 'NONE', *, *, #5896, .F. ) ;
#4548 = VECTOR ( 'NONE', #9909, 1000.000000000000000 ) ;
#4549 = CARTESIAN_POINT ( 'NONE',  ( 2.225000000000001421, 0.000000000000000000, 1.749999999999999778 ) ) ;
#4550 = AXIS2_PLACEMENT_3D ( 'NONE', #3357, #6843, #8556 ) ;
#4551 = EDGE_CURVE ( 'NONE', #6192, #9745, #5443, .T. ) ;
#4552 = EDGE_CURVE ( 'NONE', #2177, #8917, #3151, .T. ) ;
#4553 = EDGE_CURVE ( 'NONE', #1768, #5434, #9533, .T. ) ;
#4554 = AXIS2_PLACEMENT_3D ( 'NONE', #149, #9135, #2155 ) ;
#4555 = AXIS2_PLACEMENT_3D ( 'NONE', #347, #10682, #8123 ) ;
#4556 = DIRECTION ( 'NONE',  ( 0.000000000000000000, 1.000000000000000000, -0.000000000000000000 ) ) ;
#4557 = ORIENTED_EDGE ( 'NONE', *, *, #1310, .F. ) ;
#4558 = DIRECTION ( 'NONE',  ( -1.000000000000000000, 0.000000000000000000, -0.000000000000000000 ) ) ;
#4559 = LINE ( 'NONE', #1138, #5872 ) ;
#4560 = DIRECTION ( 'NONE',  ( 1.000000000000000000, 0.000000000000000000, 0.000000000000000000 ) ) ;
#4561 = EDGE_LOOP ( 'NONE', ( #1731, #6054, #4971, #356 ) ) ;
#4562 = VERTEX_POINT ( 'NONE', #6454 ) ;
#4563 = CARTESIAN_POINT ( 'NONE',  ( 0.7500000000000002220, 0.04999999999999999584, 2.099999999999975220 ) ) ;
#4564 = VECTOR ( 'NONE', #10964, 1000.000000000000000 ) ;
#4565 = VECTOR ( 'NONE', #9862, 1000.000000000000000 ) ;
#4566 = EDGE_CURVE ( 'NONE', #8365, #3479, #5817, .T. ) ;
#4567 = EDGE_CURVE ( 'NONE', #5044, #5988, #10814, .T. ) ;
#4568 = LINE ( 'NONE', #10552, #6763 ) ;
#4569 = PLANE ( 'NONE',  #4743 ) ;
#4570 = CARTESIAN_POINT ( 'NONE',  ( 1.800000000000000044, 0.2000000000000000111, 1.649999999999998579 ) ) ;
#4571 = AXIS2_PLACEMENT_3D ( 'NONE', #9366, #4133, #4018 ) ;
#4572 = ORIENTED_EDGE ( 'NONE', *, *, #9560, .T. ) ;
#4573 = CARTESIAN_POINT ( 'NONE',  ( -0.7499999999999995559, 0.2000000000000000111, 2.224999999999990319 ) ) ;
#4574 = CARTESIAN_POINT ( 'NONE',  ( 0.2500000000000004441, 0.2000000000000000111, -2.224999999999985878 ) ) ;
#4575 = FACE_OUTER_BOUND ( 'NONE', #696, .T. ) ;
#4576 = CARTESIAN_POINT ( 'NONE',  ( -0.8749999999999993339, 0.04999999999999999584, -2.225000000000001421 ) ) ;
#4577 = AXIS2_PLACEMENT_3D ( 'NONE', #5554, #8353, #5660 ) ;
#4578 = VERTEX_POINT ( 'NONE', #2984 ) ;
#4579 = DIRECTION ( 'NONE',  ( 0.000000000000000000, -1.000000000000000000, 0.000000000000000000 ) ) ;
#4580 = CARTESIAN_POINT ( 'NONE',  ( 1.125000000000000222, 0.04999999999999999584, -2.500000000000000000 ) ) ;
#4581 = VERTEX_POINT ( 'NONE', #2278 ) ;
#4582 = EDGE_LOOP ( 'NONE', ( #6894, #8803, #8172, #7518 ) ) ;
#4583 = ORIENTED_EDGE ( 'NONE', *, *, #10617, .T. ) ;
#4584 = AXIS2_PLACEMENT_3D ( 'NONE', #7330, #7224, #9029 ) ;
#4585 = VECTOR ( 'NONE', #4083, 1000.000000000000000 ) ;
#4586 = VECTOR ( 'NONE', #5890, 1000.000000000000000 ) ;
#4587 = LINE ( 'NONE', #2052, #4202 ) ;
#4588 = ORIENTED_EDGE ( 'NONE', *, *, #5184, .T. ) ;
#4589 = PLANE ( 'NONE',  #7891 ) ;
#4590 = LINE ( 'NONE', #2971, #1806 ) ;
#4591 = EDGE_LOOP ( 'NONE', ( #255, #10906, #8066, #80 ) ) ;
#4592 = DIRECTION ( 'NONE',  ( 1.000000000000000000, -0.000000000000000000, 0.000000000000000000 ) ) ;
#4593 = VERTEX_POINT ( 'NONE', #9306 ) ;
#4594 = EDGE_CURVE ( 'NONE', #7070, #9181, #4864, .T. ) ;
#4595 = ADVANCED_FACE ( 'NONE', ( #9249 ), #5656, .T. ) ;
#4596 = AXIS2_PLACEMENT_3D ( 'NONE', #9431, #1512, #7111 ) ;
#4597 = AXIS2_PLACEMENT_3D ( 'NONE', #2148, #5638, #9069 ) ;
#4598 = CARTESIAN_POINT ( 'NONE',  ( -1.249999999999999556, 0.2000000000000000111, 2.224999999999996092 ) ) ;
#4599 = PLANE ( 'NONE',  #4017 ) ;
#4600 = VERTEX_POINT ( 'NONE', #5758 ) ;
#4601 = DIRECTION ( 'NONE',  ( 0.000000000000000000, -1.000000000000000000, 0.000000000000000000 ) ) ;
#4602 = PLANE ( 'NONE',  #10307 ) ;
#4603 = EDGE_LOOP ( 'NONE', ( #1032, #5279, #5324, #10784 ) ) ;
#4604 = CARTESIAN_POINT ( 'NONE',  ( -0.2499999999999997224, 0.2000000000000000111, 2.099999999999985434 ) ) ;
#4605 = DIRECTION ( 'NONE',  ( 0.000000000000000000, 0.000000000000000000, -1.000000000000000000 ) ) ;
#4606 = VECTOR ( 'NONE', #7668, 1000.000000000000000 ) ;
#4607 = ORIENTED_EDGE ( 'NONE', *, *, #4410, .T. ) ;
#4608 = CARTESIAN_POINT ( 'NONE',  ( -1.124999999999999556, 0.2000000000000000111, 2.499999999999999556 ) ) ;
#4609 = EDGE_CURVE ( 'NONE', #7166, #8975, #5598, .T. ) ;
#4610 = COLOUR_RGB ( '',0.7921568627450980005, 0.8196078431372548767, 0.9333333333333333481 ) ;
#4611 = EDGE_CURVE ( 'NONE', #166, #3951, #8195, .T. ) ;
#4612 = EDGE_CURVE ( 'NONE', #960, #10098, #3856, .T. ) ;
#4613 = VECTOR ( 'NONE', #2911, 1000.000000000000000 ) ;
#4614 = CARTESIAN_POINT ( 'NONE',  ( 0.7500000000000002220, 0.000000000000000000, 2.224999999999974776 ) ) ;
#4615 = ORIENTED_EDGE ( 'NONE', *, *, #5892, .T. ) ;
#4616 =( NAMED_UNIT ( * ) SI_UNIT ( $, .STERADIAN. ) SOLID_ANGLE_UNIT ( ) );
#4617 = FACE_OUTER_BOUND ( 'NONE', #1715, .T. ) ;
#4618 = CARTESIAN_POINT ( 'NONE',  ( -2.224999999999990319, 0.2000000000000000111, -0.7500000000000000000 ) ) ;
#4619 = CARTESIAN_POINT ( 'NONE',  ( -1.800000000000000044, 0.2000000000000000111, 1.649999999999998579 ) ) ;
#4620 = LINE ( 'NONE', #3587, #7443 ) ;
#4621 = ORIENTED_EDGE ( 'NONE', *, *, #7167, .F. ) ;
#4622 = LINE ( 'NONE', #1868, #5689 ) ;
#4623 = EDGE_CURVE ( 'NONE', #7150, #7266, #8249, .T. ) ;
#4624 = AXIS2_PLACEMENT_3D ( 'NONE', #3039, #2880, #7289 ) ;
#4625 = AXIS2_PLACEMENT_3D ( 'NONE', #9042, #1970, #9849 ) ;
#4626 = VECTOR ( 'NONE', #8428, 1000.000000000000000 ) ;
#4627 = DIRECTION ( 'NONE',  ( 0.000000000000000000, -1.000000000000000000, 0.000000000000000000 ) ) ;
#4628 = LINE ( 'NONE', #2892, #8494 ) ;
#4629 = VECTOR ( 'NONE', #7923, 1000.000000000000000 ) ;
#4630 = DIRECTION ( 'NONE',  ( 0.000000000000000000, -1.000000000000000000, 0.000000000000000000 ) ) ;
#4631 = ORIENTED_EDGE ( 'NONE', *, *, #5424, .F. ) ;
#4632 = DIRECTION ( 'NONE',  ( -0.000000000000000000, -1.000000000000000000, -0.000000000000000000 ) ) ;
#4634 = CARTESIAN_POINT ( 'NONE',  ( -1.749999999999999334, 0.000000000000000000, 2.225000000000001421 ) ) ;
#4633 = UNCERTAINTY_MEASURE_WITH_UNIT (LENGTH_MEASURE( 1.000000000000000082E-05 ), #9379, 'distance_accuracy_value', 'NONE');
#4635 = PLANE ( 'NONE',  #7115 ) ;
#4636 = VERTEX_POINT ( 'NONE', #2227 ) ;
#4637 = DIRECTION ( 'NONE',  ( -0.000000000000000000, -0.000000000000000000, 1.000000000000000000 ) ) ;
#4638 = DIRECTION ( 'NONE',  ( 0.000000000000000000, 0.000000000000000000, -1.000000000000000000 ) ) ;
#4639 = ORIENTED_EDGE ( 'NONE', *, *, #7045, .F. ) ;
#4640 = ADVANCED_FACE ( 'NONE', ( #7391 ), #10863, .T. ) ;
#4641 = EDGE_CURVE ( 'NONE', #3520, #8124, #6510, .T. ) ;
#4642 = EDGE_CURVE ( 'NONE', #5751, #5142, #3090, .T. ) ;
#4643 = VERTEX_POINT ( 'NONE', #1434 ) ;
#4644 = VERTEX_POINT ( 'NONE', #8412 ) ;
#4645 = CARTESIAN_POINT ( 'NONE',  ( 2.224999999999969891, 0.000000000000000000, -1.249999999999999334 ) ) ;
#4646 = CARTESIAN_POINT ( 'NONE',  ( 2.500000000000000444, 0.2000000000000000111, -1.874999999999998446 ) ) ;
#4647 = ORIENTED_EDGE ( 'NONE', *, *, #8702, .F. ) ;
#4648 = CARTESIAN_POINT ( 'NONE',  ( 2.500000000000000444, 0.2000000000000000111, 1.874999999999999778 ) ) ;
#4649 = DIRECTION ( 'NONE',  ( -1.000000000000000000, 0.000000000000000000, 0.000000000000000000 ) ) ;
#4650 = ORIENTED_EDGE ( 'NONE', *, *, #6547, .F. ) ;
#4651 = LINE ( 'NONE', #5588, #8389 ) ;
#4652 = ORIENTED_EDGE ( 'NONE', *, *, #2933, .T. ) ;
#4653 = EDGE_CURVE ( 'NONE', #4360, #1588, #599, .T. ) ;
#4654 = CARTESIAN_POINT ( 'NONE',  ( -1.232047923278986205E-17, 0.05000000000000000278, -0.1249999999999998196 ) ) ;
#4655 = DIRECTION ( 'NONE',  ( 0.000000000000000000, 0.000000000000000000, -1.000000000000000000 ) ) ;
#4656 = ORIENTED_EDGE ( 'NONE', *, *, #7640, .T. ) ;
#4657 = DIRECTION ( 'NONE',  ( 0.000000000000000000, 0.000000000000000000, -1.000000000000000000 ) ) ;
#4658 = DIRECTION ( 'NONE',  ( -0.000000000000000000, -1.000000000000000000, -0.000000000000000000 ) ) ;
#4659 = ORIENTED_EDGE ( 'NONE', *, *, #7670, .T. ) ;
#4660 = CARTESIAN_POINT ( 'NONE',  ( -1.800000000000000044, 0.2000000000000000111, -1.424999999999999822 ) ) ;
#4661 = VECTOR ( 'NONE', #7566, 1000.000000000000000 ) ;
#4662 = ORIENTED_EDGE ( 'NONE', *, *, #317, .F. ) ;
#4663 = CARTESIAN_POINT ( 'NONE',  ( 2.224999999999965006, 0.2000000000000000111, -1.874999999999999334 ) ) ;
#4664 = VECTOR ( 'NONE', #3110, 1000.000000000000000 ) ;
#4665 = AXIS2_PLACEMENT_3D ( 'NONE', #6664, #10141, #8329 ) ;
#4666 = EDGE_CURVE ( 'NONE', #9012, #10107, #10163, .T. ) ;
#4667 = DIRECTION ( 'NONE',  ( -0.000000000000000000, -1.000000000000000000, -0.000000000000000000 ) ) ;
#4668 = ORIENTED_EDGE ( 'NONE', *, *, #11184, .F. ) ;
#4669 = FILL_AREA_STYLE_COLOUR ( '', #7712 ) ;
#4670 = CARTESIAN_POINT ( 'NONE',  ( 2.225000000000001421, 0.2000000000000000111, -0.1250000000000000278 ) ) ;
#4671 = DIRECTION ( 'NONE',  ( -1.000000000000000000, 0.000000000000000000, -0.000000000000000000 ) ) ;
#4672 = LINE ( 'NONE', #1972, #10908 ) ;
#4673 = EDGE_CURVE ( 'NONE', #10409, #3046, #1382, .T. ) ;
#4674 = EDGE_CURVE ( 'NONE', #1136, #4045, #7506, .T. ) ;
#4675 = DIRECTION ( 'NONE',  ( 0.000000000000000000, 0.000000000000000000, -1.000000000000000000 ) ) ;
#4676 = VERTEX_POINT ( 'NONE', #5033 ) ;
#4677 = CARTESIAN_POINT ( 'NONE',  ( 2.224999999999969891, 0.2000000000000000111, -1.249999999999999334 ) ) ;
#4678 = VERTEX_POINT ( 'NONE', #7790 ) ;
#4679 = CARTESIAN_POINT ( 'NONE',  ( 0.8750000000000001110, 0.2000000000000000111, 2.225000000000000977 ) ) ;
#4680 = LINE ( 'NONE', #8839, #8867 ) ;
#4681 = PLANE ( 'NONE',  #9152 ) ;
#4682 = EDGE_LOOP ( 'NONE', ( #5487, #914, #9954, #2185 ) ) ;
#4683 = CARTESIAN_POINT ( 'NONE',  ( 0.3750000000000001665, 0.2000000000000000111, 2.499999999999999556 ) ) ;
#4684 = LINE ( 'NONE', #9057, #5978 ) ;
#4685 = DIRECTION ( 'NONE',  ( 0.000000000000000000, 1.000000000000000000, -0.000000000000000000 ) ) ;
#4686 = ORIENTED_EDGE ( 'NONE', *, *, #8641, .F. ) ;
#4687 = ADVANCED_FACE ( 'NONE', ( #8639 ), #7740, .T. ) ;
#4688 = CARTESIAN_POINT ( 'NONE',  ( 1.874999999999999778, 0.2000000000000000111, 2.225000000000000533 ) ) ;
#4689 = CARTESIAN_POINT ( 'NONE',  ( -0.1249999999999998196, 0.2000000000000000111, 2.499999999999999556 ) ) ;
#4690 = ORIENTED_EDGE ( 'NONE', *, *, #9466, .F. ) ;
#4691 = EDGE_CURVE ( 'NONE', #1210, #8339, #1607, .T. ) ;
#4692 = EDGE_CURVE ( 'NONE', #8331, #5203, #10844, .T. ) ;
#4693 = EDGE_CURVE ( 'NONE', #7352, #5325, #1552, .T. ) ;
#4694 = PLANE ( 'NONE',  #2921 ) ;
#4695 = SURFACE_STYLE_USAGE ( .BOTH. , #514 ) ;
#4696 = ORIENTED_EDGE ( 'NONE', *, *, #4253, .T. ) ;
#4697 = DIRECTION ( 'NONE',  ( -1.000000000000000000, 0.000000000000000000, 0.000000000000000000 ) ) ;
#4698 = CARTESIAN_POINT ( 'NONE',  ( 1.375000000000000000, 0.2000000000000000111, -2.500000000000000000 ) ) ;
#4699 = ORIENTED_EDGE ( 'NONE', *, *, #5211, .F. ) ;
#4700 = DIRECTION ( 'NONE',  ( 0.000000000000000000, 0.000000000000000000, -1.000000000000000000 ) ) ;
#4701 = ORIENTED_EDGE ( 'NONE', *, *, #10672, .F. ) ;
#4702 = EDGE_CURVE ( 'NONE', #2994, #2156, #11273, .T. ) ;
#4703 = DIRECTION ( 'NONE',  ( 0.000000000000000000, -0.000000000000000000, 1.000000000000000000 ) ) ;
#4704 = CARTESIAN_POINT ( 'NONE',  ( 2.500000000000000000, 0.2000000000000000111, 1.624999999999999778 ) ) ;
#4705 = VERTEX_POINT ( 'NONE', #2453 ) ;
#4706 = CARTESIAN_POINT ( 'NONE',  ( -1.624999999999999334, 0.000000000000000000, -2.500000000000000000 ) ) ;
#4707 = CARTESIAN_POINT ( 'NONE',  ( -0.2499999999999997224, 0.2000000000000000111, 2.224999999999985434 ) ) ;
#4708 = VECTOR ( 'NONE', #5712, 1000.000000000000000 ) ;
#4709 = DIRECTION ( 'NONE',  ( 0.000000000000000000, 0.000000000000000000, 1.000000000000000000 ) ) ;
#4710 = DIRECTION ( 'NONE',  ( 0.000000000000000000, 0.000000000000000000, -1.000000000000000000 ) ) ;
#4711 = VECTOR ( 'NONE', #5069, 1000.000000000000000 ) ;
#4712 = ADVANCED_FACE ( 'NONE', ( #5935 ), #6862, .F. ) ;
#4713 = DIRECTION ( 'NONE',  ( -0.000000000000000000, -1.000000000000000000, -0.000000000000000000 ) ) ;
#4714 = ORIENTED_EDGE ( 'NONE', *, *, #7526, .F. ) ;
#4715 = PLANE ( 'NONE',  #5108 ) ;
#4716 = ORIENTED_EDGE ( 'NONE', *, *, #11088, .F. ) ;
#4717 = DIRECTION ( 'NONE',  ( 0.000000000000000000, 0.000000000000000000, -1.000000000000000000 ) ) ;
#4718 = DIRECTION ( 'NONE',  ( 7.885106708985523547E-16, -0.000000000000000000, 1.000000000000000000 ) ) ;
#4719 = CARTESIAN_POINT ( 'NONE',  ( 1.125000000000000222, 0.2000000000000000111, -2.500000000000000000 ) ) ;
#4720 = LINE ( 'NONE', #490, #169 ) ;
#4721 = AXIS2_PLACEMENT_3D ( 'NONE', #1354, #4888, #4793 ) ;
#4722 = VERTEX_POINT ( 'NONE', #9365 ) ;
#4723 = LINE ( 'NONE', #5402, #9891 ) ;
#4724 = EDGE_CURVE ( 'NONE', #1142, #9774, #5210, .T. ) ;
#4725 = FACE_OUTER_BOUND ( 'NONE', #2442, .T. ) ;
#4726 = CARTESIAN_POINT ( 'NONE',  ( -2.499999999999968470, 0.000000000000000000, 1.375000000000000000 ) ) ;
#4727 = CARTESIAN_POINT ( 'NONE',  ( -2.224999999999985434, 0.2000000000000000111, -0.2500000000000000000 ) ) ;
#4728 = PLANE ( 'NONE',  #48 ) ;
#4729 = VERTEX_POINT ( 'NONE', #5089 ) ;
#4730 = LINE ( 'NONE', #8164, #10626 ) ;
#4731 = DIRECTION ( 'NONE',  ( 0.000000000000000000, -0.000000000000000000, -1.000000000000000000 ) ) ;
#4733 = CARTESIAN_POINT ( 'NONE',  ( 1.375000000000000000, 0.2000000000000000111, -2.225000000000001421 ) ) ;
#4732 = UNCERTAINTY_MEASURE_WITH_UNIT (LENGTH_MEASURE( 1.000000000000000082E-05 ), #6636, 'distance_accuracy_value', 'NONE');
#4734 = CARTESIAN_POINT ( 'NONE',  ( 2.225000000000001421, 0.2000000000000000111, 0.3750000000000000000 ) ) ;
#4735 = VERTEX_POINT ( 'NONE', #4983 ) ;
#4736 = CARTESIAN_POINT ( 'NONE',  ( -2.224999999999980105, 0.04999999999999999584, 0.2500000000000000000 ) ) ;
#4737 = DIRECTION ( 'NONE',  ( 0.000000000000000000, 0.000000000000000000, 1.000000000000000000 ) ) ;
#4738 = VERTEX_POINT ( 'NONE', #4127 ) ;
#4739 = CARTESIAN_POINT ( 'NONE',  ( 0.3750000000000003331, 0.2000000000000000111, -2.500000000000000000 ) ) ;
#4740 = VECTOR ( 'NONE', #10889, 1000.000000000000000 ) ;
#4741 = EDGE_CURVE ( 'NONE', #8818, #168, #10338, .T. ) ;
#4742 = VECTOR ( 'NONE', #10979, 1000.000000000000000 ) ;
#4743 = AXIS2_PLACEMENT_3D ( 'NONE', #5462, #3001, #7358 ) ;
#4744 = CARTESIAN_POINT ( 'NONE',  ( -2.499999999999989342, 0.000000000000000000, -0.6250000000000001110 ) ) ;
#4745 = AXIS2_PLACEMENT_3D ( 'NONE', #10358, #11293, #2470 ) ;
#4746 = LINE ( 'NONE', #7318, #5833 ) ;
#4747 = ORIENTED_EDGE ( 'NONE', *, *, #308, .F. ) ;
#4748 = CARTESIAN_POINT ( 'NONE',  ( 2.224999999999990763, 0.2000000000000000111, 0.7499999999999997780 ) ) ;
#4749 = DIRECTION ( 'NONE',  ( 9.856383386231904433E-17, -0.000000000000000000, 1.000000000000000000 ) ) ;
#4750 = ORIENTED_EDGE ( 'NONE', *, *, #425, .T. ) ;
#4751 = CARTESIAN_POINT ( 'NONE',  ( -2.499999999999984013, 0.000000000000000000, -0.1250000000000001110 ) ) ;
#4752 = VERTEX_POINT ( 'NONE', #2508 ) ;
#4753 = ORIENTED_EDGE ( 'NONE', *, *, #5116, .F. ) ;
#4754 = AXIS2_PLACEMENT_3D ( 'NONE', #8924, #5492, #6289 ) ;
#4755 = ADVANCED_FACE ( 'NONE', ( #4249 ), #11211, .T. ) ;
#4756 = ADVANCED_FACE ( 'NONE', ( #6749 ), #3374, .T. ) ;
#4757 = VECTOR ( 'NONE', #5662, 1000.000000000000000 ) ;
#4758 = VECTOR ( 'NONE', #6619, 1000.000000000000000 ) ;
#4759 = CARTESIAN_POINT ( 'NONE',  ( -1.649999999999998801, 0.2000000000000000111, 1.799999999999999822 ) ) ;
#4760 = VECTOR ( 'NONE', #1944, 1000.000000000000000 ) ;
#4761 = CARTESIAN_POINT ( 'NONE',  ( 2.225000000000001421, 0.000000000000000000, -1.624999999999999556 ) ) ;
#4762 = EDGE_LOOP ( 'NONE', ( #2501, #9173, #1989, #10610, #5147 ) ) ;
#4763 = CARTESIAN_POINT ( 'NONE',  ( -2.499999999999978684, 0.2000000000000000111, 0.1250000000000001110 ) ) ;
#4764 = CYLINDRICAL_SURFACE ( 'NONE', #4507, 0.1249999999999996808 ) ;
#4765 = VERTEX_POINT ( 'NONE', #5881 ) ;
#4766 = FACE_OUTER_BOUND ( 'NONE', #9723, .T. ) ;
#4767 = CARTESIAN_POINT ( 'NONE',  ( 2.500000000000000000, 0.2000000000000000111, -0.8749999999999998890 ) ) ;
#4768 = ADVANCED_FACE ( 'NONE', ( #3435 ), #5992, .T. ) ;
#4769 = EDGE_CURVE ( 'NONE', #2604, #10842, #2568, .T. ) ;
#4770 = EDGE_CURVE ( 'NONE', #1352, #5555, #2826, .T. ) ;
#4771 = VECTOR ( 'NONE', #800, 1000.000000000000000 ) ;
#4772 = PRESENTATION_LAYER_ASSIGNMENT (  '', '', ( #9481 ) ) ;
#4773 = CARTESIAN_POINT ( 'NONE',  ( -0.1249999999999996531, 0.2000000000000000111, -2.500000000000000000 ) ) ;
#4774 = ORIENTED_EDGE ( 'NONE', *, *, #2662, .F. ) ;
#4775 = CARTESIAN_POINT ( 'NONE',  ( 1.125000000000000222, 0.04999999999999969746, 2.500000000000000000 ) ) ;
#4776 = VECTOR ( 'NONE', #3019, 1000.000000000000000 ) ;
#4777 = ORIENTED_EDGE ( 'NONE', *, *, #6470, .F. ) ;
#4778 = CARTESIAN_POINT ( 'NONE',  ( -2.499999999999968470, 0.2000000000000000111, 1.125000000000000222 ) ) ;
#4779 = LINE ( 'NONE', #4831, #10582 ) ;
#4780 = DIRECTION ( 'NONE',  ( 0.000000000000000000, 0.000000000000000000, 1.000000000000000000 ) ) ;
#4781 = ORIENTED_EDGE ( 'NONE', *, *, #1832, .T. ) ;
#4782 = DIRECTION ( 'NONE',  ( 0.000000000000000000, 0.000000000000000000, -1.000000000000000000 ) ) ;
#4783 = ORIENTED_EDGE ( 'NONE', *, *, #8311, .T. ) ;
#4784 = EDGE_CURVE ( 'NONE', #10510, #1942, #5010, .T. ) ;
#4785 = ORIENTED_EDGE ( 'NONE', *, *, #3908, .T. ) ;
#4786 = CIRCLE ( 'NONE', #9147, 0.1250000000000001110 ) ;
#4787 = AXIS2_PLACEMENT_3D ( 'NONE', #5122, #9388, #2658 ) ;
#4788 = CARTESIAN_POINT ( 'NONE',  ( 2.224999999999985878, 0.000000000000000000, 0.2500000000000001110 ) ) ;
#4789 = CARTESIAN_POINT ( 'NONE',  ( -2.499999999999989342, 0.2000000000000000111, -0.6250000000000001110 ) ) ;
#4790 = CARTESIAN_POINT ( 'NONE',  ( 1.249999999999999778, 0.2000000000000000111, 2.099999999999969003 ) ) ;
#4791 = ORIENTED_EDGE ( 'NONE', *, *, #2704, .T. ) ;
#4792 = DIRECTION ( 'NONE',  ( 0.000000000000000000, 0.000000000000000000, 1.000000000000000000 ) ) ;
#4793 = DIRECTION ( 'NONE',  ( 0.000000000000000000, 0.000000000000000000, -1.000000000000000000 ) ) ;
#4794 = CARTESIAN_POINT ( 'NONE',  ( -1.124999999999999334, 0.2000000000000000111, -2.500000000000000000 ) ) ;
#4795 = CIRCLE ( 'NONE', #4427, 0.1249999999999998890 ) ;
#4796 = VERTEX_POINT ( 'NONE', #9341 ) ;
#4797 = AXIS2_PLACEMENT_3D ( 'NONE', #11171, #7637, #8708 ) ;
#4798 =( NAMED_UNIT ( * ) PLANE_ANGLE_UNIT ( ) SI_UNIT ( $, .RADIAN. ) );
#4799 = DIRECTION ( 'NONE',  ( -7.885106708985522560E-16, 0.000000000000000000, -1.000000000000000000 ) ) ;
#4800 = ORIENTED_EDGE ( 'NONE', *, *, #3178, .T. ) ;
#4801 = AXIS2_PLACEMENT_3D ( 'NONE', #9048, #5516, #3870 ) ;
#4802 = AXIS2_PLACEMENT_3D ( 'NONE', #148, #8985, #10655 ) ;
#4803 = FACE_OUTER_BOUND ( 'NONE', #4591, .T. ) ;
#4804 = LINE ( 'NONE', #5791, #9376 ) ;
#4805 = PRESENTATION_STYLE_ASSIGNMENT (( #7262 ) ) ;
#4806 = ORIENTED_EDGE ( 'NONE', *, *, #6114, .F. ) ;
#4807 = EDGE_CURVE ( 'NONE', #4600, #4508, #2205, .T. ) ;
#4808 = CARTESIAN_POINT ( 'NONE',  ( 0.000000000000000000, 0.05000000000000000278, 1.799999999999999822 ) ) ;
#4809 = LINE ( 'NONE', #2208, #520 ) ;
#4810 = ORIENTED_EDGE ( 'NONE', *, *, #658, .T. ) ;
#4811 = CARTESIAN_POINT ( 'NONE',  ( -0.3749999999999996114, 0.2000000000000000111, 2.499999999999999556 ) ) ;
#4812 = ORIENTED_EDGE ( 'NONE', *, *, #738, .T. ) ;
#4813 = LINE ( 'NONE', #101, #5981 ) ;
#4814 = ADVANCED_FACE ( 'NONE', ( #5741 ), #1470, .T. ) ;
#4815 = DIRECTION ( 'NONE',  ( 0.000000000000000000, 1.000000000000000000, -0.000000000000000000 ) ) ;
#4816 = ORIENTED_EDGE ( 'NONE', *, *, #11009, .F. ) ;
#4817 = EDGE_CURVE ( 'NONE', #9804, #5602, #9184, .T. ) ;
#4818 = LINE ( 'NONE', #1956, #10227 ) ;
#4819 = DIRECTION ( 'NONE',  ( 0.000000000000000000, 0.000000000000000000, 1.000000000000000000 ) ) ;
#4820 = DIRECTION ( 'NONE',  ( -1.000000000000000000, 0.000000000000000000, 0.000000000000000000 ) ) ;
#4821 = CARTESIAN_POINT ( 'NONE',  ( 0.7500000000000002220, 0.2000000000000000111, 2.224999999999974776 ) ) ;
#4822 = ADVANCED_FACE ( 'NONE', ( #633 ), #9284, .F. ) ;
#4823 = ORIENTED_EDGE ( 'NONE', *, *, #335, .F. ) ;
#4824 = EDGE_CURVE ( 'NONE', #5843, #6332, #3991, .T. ) ;
#4825 = AXIS2_PLACEMENT_3D ( 'NONE', #3255, #8470, #4187 ) ;
#4826 = EDGE_CURVE ( 'NONE', #10685, #8023, #2368, .T. ) ;
#4827 = LINE ( 'NONE', #2285, #1118 ) ;
#4828 = ORIENTED_EDGE ( 'NONE', *, *, #9389, .T. ) ;
#4829 = CARTESIAN_POINT ( 'NONE',  ( -1.874999999999999334, 0.2000000000000000111, 2.500000000000000000 ) ) ;
#4830 = CARTESIAN_POINT ( 'NONE',  ( 2.500000000000000000, 0.2000000000000000111, -0.6250000000000001110 ) ) ;
#4831 = CARTESIAN_POINT ( 'NONE',  ( 0.000000000000000000, 0.05000000000000000278, 1.125000000000000222 ) ) ;
#4832 = LINE ( 'NONE', #7001, #8921 ) ;
#4833 = ORIENTED_EDGE ( 'NONE', *, *, #9786, .T. ) ;
#4834 = DIRECTION ( 'NONE',  ( 1.000000000000000000, 0.000000000000000000, -0.000000000000000000 ) ) ;
#4835 = EDGE_CURVE ( 'NONE', #3943, #9320, #6458, .T. ) ;
#4836 = DIRECTION ( 'NONE',  ( -0.000000000000000000, -1.000000000000000000, -0.000000000000000000 ) ) ;
#4837 = DIRECTION ( 'NONE',  ( 0.000000000000000000, 0.000000000000000000, -1.000000000000000000 ) ) ;
#4838 = ORIENTED_EDGE ( 'NONE', *, *, #1576, .T. ) ;
#4839 = AXIS2_PLACEMENT_3D ( 'NONE', #11246, #9516, #10372 ) ;
#4840 = LINE ( 'NONE', #7010, #6988 ) ;
#4842 = CARTESIAN_POINT ( 'NONE',  ( -0.3749999999999994449, 0.000000000000000000, -2.500000000000000000 ) ) ;
#4841 = UNCERTAINTY_MEASURE_WITH_UNIT (LENGTH_MEASURE( 1.000000000000000082E-05 ), #1103, 'distance_accuracy_value', 'NONE');
#4843 = EDGE_LOOP ( 'NONE', ( #7440, #6734, #3497, #11132 ) ) ;
#4844 = CARTESIAN_POINT ( 'NONE',  ( 2.224999999999990763, 0.2000000000000000111, 0.6249999999999998890 ) ) ;
#4845 = EDGE_LOOP ( 'NONE', ( #3999, #7611, #3774, #8441 ) ) ;
#4846 = DIRECTION ( 'NONE',  ( 0.000000000000000000, -1.000000000000000000, 0.000000000000000000 ) ) ;
#4847 = VECTOR ( 'NONE', #7022, 1000.000000000000000 ) ;
#4848 = EDGE_CURVE ( 'NONE', #3984, #3362, #7958, .T. ) ;
#4849 = DIRECTION ( 'NONE',  ( 0.000000000000000000, -1.000000000000000000, 0.000000000000000000 ) ) ;
#4850 = CARTESIAN_POINT ( 'NONE',  ( -0.6249999999999995559, 0.2000000000000000111, -2.500000000000000000 ) ) ;
#4851 = ORIENTED_EDGE ( 'NONE', *, *, #9037, .F. ) ;
#4852 = CYLINDRICAL_SURFACE ( 'NONE', #2043, 0.1249999999999998890 ) ;
#4853 = DIRECTION ( 'NONE',  ( 1.000000000000000000, 0.000000000000000000, -0.000000000000000000 ) ) ;
#4854 = ORIENTED_EDGE ( 'NONE', *, *, #2741, .F. ) ;
#4855 = CARTESIAN_POINT ( 'NONE',  ( 2.500000000000000000, 0.2000000000000000111, -0.6250000000000001110 ) ) ;
#4856 = EDGE_LOOP ( 'NONE', ( #3156, #5183, #9412, #10448 ) ) ;
#4857 = DIRECTION ( 'NONE',  ( 0.000000000000000000, -1.000000000000000000, 0.000000000000000000 ) ) ;
#4858 = ORIENTED_EDGE ( 'NONE', *, *, #10753, .F. ) ;
#4859 = EDGE_CURVE ( 'NONE', #3412, #119, #4804, .T. ) ;
#4860 = DIRECTION ( 'NONE',  ( -0.000000000000000000, -1.000000000000000000, -0.000000000000000000 ) ) ;
#4861 = ORIENTED_EDGE ( 'NONE', *, *, #5714, .T. ) ;
#4862 = DIRECTION ( 'NONE',  ( 7.885106708985523547E-16, -0.000000000000000000, 1.000000000000000000 ) ) ;
#4863 = CARTESIAN_POINT ( 'NONE',  ( -0.8749999999999993339, 0.2000000000000000111, -2.500000000000000000 ) ) ;
#4864 = LINE ( 'NONE', #481, #5162 ) ;
#4865 = EDGE_CURVE ( 'NONE', #5614, #2422, #3016, .T. ) ;
#4866 = DIRECTION ( 'NONE',  ( -0.000000000000000000, 0.000000000000000000, -1.000000000000000000 ) ) ;
#4867 = LINE ( 'NONE', #7340, #9467 ) ;
#4868 = ORIENTED_EDGE ( 'NONE', *, *, #4315, .T. ) ;
#4869 = DIRECTION ( 'NONE',  ( 0.000000000000000000, 0.000000000000000000, 1.000000000000000000 ) ) ;
#4870 = ORIENTED_EDGE ( 'NONE', *, *, #1928, .F. ) ;
#4871 = PLANE ( 'NONE',  #2596 ) ;
#4872 = CARTESIAN_POINT ( 'NONE',  ( 0.2500000000000002776, 0.000000000000000000, 2.099999999999980549 ) ) ;
#4873 = CARTESIAN_POINT ( 'NONE',  ( -1.874999999999999112, 0.2000000000000000111, -2.225000000000001421 ) ) ;
#4874 = CARTESIAN_POINT ( 'NONE',  ( 0.1250000000000004163, 0.000000000000000000, 2.499999999999999556 ) ) ;
#4875 = ORIENTED_EDGE ( 'NONE', *, *, #3322, .F. ) ;
#4876 = DIRECTION ( 'NONE',  ( 1.000000000000000000, 0.000000000000000000, 0.000000000000000000 ) ) ;
#4877 = EDGE_LOOP ( 'NONE', ( #6599, #4652, #3964, #5135 ) ) ;
#4878 = CLOSED_SHELL ( 'NONE', ( #5046, #8511, #3198, #307, #3619, #8778 ) ) ;
#4879 = ADVANCED_FACE ( 'NONE', ( #574 ), #10096, .T. ) ;
#4880 = EDGE_CURVE ( 'NONE', #3761, #5546, #466, .T. ) ;
#4881 = VECTOR ( 'NONE', #502, 1000.000000000000000 ) ;
#4882 = CARTESIAN_POINT ( 'NONE',  ( -2.499999999999963141, 0.2000000000000000111, 1.625000000000000222 ) ) ;
#4883 = PLANE ( 'NONE',  #8313 ) ;
#4884 = VECTOR ( 'NONE', #3879, 1000.000000000000000 ) ;
#4885 = CARTESIAN_POINT ( 'NONE',  ( 1.625000000000000000, 0.2000000000000000111, -2.500000000000000000 ) ) ;
#4886 = EDGE_LOOP ( 'NONE', ( #7459, #9670, #4001, #5227, #2086, #4909, #10050, #7786, #6517, #2379, #8669, #4870, #1725, #10256, #7172, #315, #1327, #3484, #5173, #11067, #6243, #16, #2117, #5139, #55, #9163, #2206, #4318, #1750, #1621, #7844, #7931, #7417, #1455, #10051, #636 ) ) ;
#4887 = DIRECTION ( 'NONE',  ( 0.000000000000000000, 0.000000000000000000, -1.000000000000000000 ) ) ;
#4888 = DIRECTION ( 'NONE',  ( 1.000000000000000000, -0.000000000000000000, 0.000000000000000000 ) ) ;
#4889 = CARTESIAN_POINT ( 'NONE',  ( 2.500000000000000000, 0.000000000000000000, 0.3749999999999999445 ) ) ;
#4890 = VERTEX_POINT ( 'NONE', #10955 ) ;
#4891 = CARTESIAN_POINT ( 'NONE',  ( 1.625000000000000000, 0.000000000000000000, -2.500000000000000000 ) ) ;
#4892 = ORIENTED_EDGE ( 'NONE', *, *, #1639, .F. ) ;
#4893 = CIRCLE ( 'NONE', #2707, 0.1250000000000001110 ) ;
#4894 = EDGE_CURVE ( 'NONE', #2566, #9523, #4302, .T. ) ;
#4895 = ADVANCED_FACE ( 'NONE', ( #3942 ), #3180, .F. ) ;
#4896 = CARTESIAN_POINT ( 'NONE',  ( -1.649999999999999911, 0.2000000000000000111, -1.649999999999999911 ) ) ;
#4897 = DIRECTION ( 'NONE',  ( 0.000000000000000000, -0.000000000000000000, 1.000000000000000000 ) ) ;
#4898 = LINE ( 'NONE', #8723, #6953 ) ;
#4899 = VECTOR ( 'NONE', #3012, 1000.000000000000000 ) ;
#4900 = ORIENTED_EDGE ( 'NONE', *, *, #1686, .T. ) ;
#4901 = CARTESIAN_POINT ( 'NONE',  ( 2.500000000000000000, 0.2000000000000000111, -0.1250000000000000555 ) ) ;
#4902 = CARTESIAN_POINT ( 'NONE',  ( 0.8750000000000002220, 0.2000000000000000111, -2.500000000000000000 ) ) ;
#4903 = CARTESIAN_POINT ( 'NONE',  ( -0.1249999999999996531, 0.2000000000000000111, -2.500000000000000000 ) ) ;
#4904 = AXIS2_PLACEMENT_3D ( 'NONE', #1886, #5531, #5365 ) ;
#4905 = ORIENTED_EDGE ( 'NONE', *, *, #5058, .F. ) ;
#4906 = DIRECTION ( 'NONE',  ( 0.000000000000000000, 0.000000000000000000, -1.000000000000000000 ) ) ;
#4907 = ORIENTED_EDGE ( 'NONE', *, *, #10672, .T. ) ;
#4908 = SURFACE_SIDE_STYLE ('',( #9243 ) ) ;
#4909 = ORIENTED_EDGE ( 'NONE', *, *, #7189, .T. ) ;
#4910 = EDGE_LOOP ( 'NONE', ( #5310, #2058, #1519, #11071 ) ) ;
#4911 =( GEOMETRIC_REPRESENTATION_CONTEXT ( 3 ) GLOBAL_UNCERTAINTY_ASSIGNED_CONTEXT ( ( #10424 ) ) GLOBAL_UNIT_ASSIGNED_CONTEXT ( ( #2738, #6904, #1049 ) ) REPRESENTATION_CONTEXT ( 'NONE', 'WORKASPACE' ) );
#4912 = VECTOR ( 'NONE', #10498, 1000.000000000000000 ) ;
#4913 = AXIS2_PLACEMENT_3D ( 'NONE', #444, #2075, #6413 ) ;
#4914 = DIRECTION ( 'NONE',  ( -1.000000000000000000, 0.000000000000000000, -0.000000000000000000 ) ) ;
#4915 = VERTEX_POINT ( 'NONE', #7545 ) ;
#4916 = DIRECTION ( 'NONE',  ( 0.000000000000000000, 0.000000000000000000, -1.000000000000000000 ) ) ;
#4917 = DIRECTION ( 'NONE',  ( 0.000000000000000000, -1.000000000000000000, 0.000000000000000000 ) ) ;
#4918 = VECTOR ( 'NONE', #7509, 1000.000000000000000 ) ;
#4919 = VECTOR ( 'NONE', #9208, 1000.000000000000000 ) ;
#4920 = AXIS2_PLACEMENT_3D ( 'NONE', #3239, #9241, #2211 ) ;
#4921 = DIRECTION ( 'NONE',  ( 0.000000000000000000, 0.000000000000000000, -1.000000000000000000 ) ) ;
#4922 = EDGE_CURVE ( 'NONE', #5032, #1787, #2260, .T. ) ;
#4923 = CIRCLE ( 'NONE', #6561, 0.1249999999999998890 ) ;
#4924 = AXIS2_PLACEMENT_3D ( 'NONE', #1178, #4655, #4914 ) ;
#4925 = LINE ( 'NONE', #2232, #4918 ) ;
#4926 = VECTOR ( 'NONE', #8377, 1000.000000000000000 ) ;
#4927 = CARTESIAN_POINT ( 'NONE',  ( -2.224999999999980105, 0.2000000000000000111, 0.3749999999999998890 ) ) ;
#4928 = VERTEX_POINT ( 'NONE', #869 ) ;
#4929 = DIRECTION ( 'NONE',  ( 0.000000000000000000, 1.000000000000000000, -0.000000000000000000 ) ) ;
#4930 = VERTEX_POINT ( 'NONE', #6892 ) ;
#4931 = ADVANCED_FACE ( 'NONE', ( #8549 ), #9391, .T. ) ;
#4932 = CARTESIAN_POINT ( 'NONE',  ( -2.224999999999964562, 0.04999999999999999584, 1.625000000000000222 ) ) ;
#4933 = DIRECTION ( 'NONE',  ( 7.885106708985522560E-16, 0.000000000000000000, 1.000000000000000000 ) ) ;
#4934 = CARTESIAN_POINT ( 'NONE',  ( 0.000000000000000000, 0.05000000000000000278, -1.125000000000000222 ) ) ;
#4935 = VECTOR ( 'NONE', #10140, 1000.000000000000000 ) ;
#4936 = ORIENTED_EDGE ( 'NONE', *, *, #3986, .F. ) ;
#4937 = DIRECTION ( 'NONE',  ( -0.000000000000000000, -1.000000000000000000, -0.000000000000000000 ) ) ;
#4938 = AXIS2_PLACEMENT_3D ( 'NONE', #24, #2624, #6104 ) ;
#4939 = EDGE_CURVE ( 'NONE', #8823, #91, #3353, .T. ) ;
#4940 = CIRCLE ( 'NONE', #10046, 0.1249999999999998890 ) ;
#4941 = VECTOR ( 'NONE', #10848, 1000.000000000000000 ) ;
#4942 = LINE ( 'NONE', #8433, #6572 ) ;
#4943 = CARTESIAN_POINT ( 'NONE',  ( 2.500000000000000000, 0.04999999999999999584, -1.374999999999999334 ) ) ;
#4944 = DIRECTION ( 'NONE',  ( 0.000000000000000000, 0.000000000000000000, -1.000000000000000000 ) ) ;
#4945 = ORIENTED_EDGE ( 'NONE', *, *, #4922, .T. ) ;
#4946 = EDGE_CURVE ( 'NONE', #5532, #178, #2426, .T. ) ;
#4947 = LINE ( 'NONE', #4148, #7533 ) ;
#4948 = FACE_OUTER_BOUND ( 'NONE', #7803, .T. ) ;
#4949 = FACE_OUTER_BOUND ( 'NONE', #3305, .T. ) ;
#4950 = ORIENTED_EDGE ( 'NONE', *, *, #10696, .F. ) ;
#4951 = LINE ( 'NONE', #4891, #4740 ) ;
#4952 = EDGE_LOOP ( 'NONE', ( #4472, #4248, #8338, #5989 ) ) ;
#4953 = CARTESIAN_POINT ( 'NONE',  ( 2.500000000000000444, 0.2000000000000000111, -1.874999999999998446 ) ) ;
#4954 = VECTOR ( 'NONE', #3194, 1000.000000000000000 ) ;
#4955 = VECTOR ( 'NONE', #453, 1000.000000000000000 ) ;
#4956 = LINE ( 'NONE', #1363, #4935 ) ;
#4957 = DIRECTION ( 'NONE',  ( 0.000000000000000000, 0.000000000000000000, 1.000000000000000000 ) ) ;
#4958 = CARTESIAN_POINT ( 'NONE',  ( -2.499999999999984013, 0.2000000000000000111, -0.1250000000000001110 ) ) ;
#4959 = AXIS2_PLACEMENT_3D ( 'NONE', #9022, #261, #3895 ) ;
#4960 = ADVANCED_FACE ( 'NONE', ( #6836 ), #8722, .F. ) ;
#4961 = ORIENTED_EDGE ( 'NONE', *, *, #7567, .F. ) ;
#4962 = EDGE_CURVE ( 'NONE', #9584, #3984, #687, .T. ) ;
#4963 = LINE ( 'NONE', #2430, #2390 ) ;
#4964 = DIRECTION ( 'NONE',  ( 0.000000000000000000, -1.000000000000000000, 0.000000000000000000 ) ) ;
#4965 = DIRECTION ( 'NONE',  ( 0.000000000000000000, -1.000000000000000000, 0.000000000000000000 ) ) ;
#4966 = ADVANCED_FACE ( 'NONE', ( #1647 ), #5964, .T. ) ;
#4967 = AXIS2_PLACEMENT_3D ( 'NONE', #3516, #1792, #5045 ) ;
#4968 = ORIENTED_EDGE ( 'NONE', *, *, #4344, .T. ) ;
#4969 = LINE ( 'NONE', #4115, #1177 ) ;
#4970 = CARTESIAN_POINT ( 'NONE',  ( -1.374999999999999334, 0.2000000000000000111, 2.500000000000000000 ) ) ;
#4971 = ORIENTED_EDGE ( 'NONE', *, *, #7194, .F. ) ;
#4972 = ORIENTED_EDGE ( 'NONE', *, *, #9655, .F. ) ;
#4973 = MECHANICAL_DESIGN_GEOMETRIC_PRESENTATION_REPRESENTATION (  '', ( #9898 ), #3323 ) ;
#4974 = VECTOR ( 'NONE', #560, 1000.000000000000000 ) ;
#4975 = AXIS2_PLACEMENT_3D ( 'NONE', #4549, #10658, #8932 ) ;
#4976 = DIRECTION ( 'NONE',  ( 0.000000000000000000, 0.000000000000000000, -1.000000000000000000 ) ) ;
#4977 = EDGE_LOOP ( 'NONE', ( #6620, #5098, #4905, #503 ) ) ;
#4978 = CARTESIAN_POINT ( 'NONE',  ( 1.875000000000000000, 0.2000000000000000111, -2.225000000000001421 ) ) ;
#4979 = EDGE_CURVE ( 'NONE', #5534, #532, #7404, .T. ) ;
#4980 =( GEOMETRIC_REPRESENTATION_CONTEXT ( 3 ) GLOBAL_UNCERTAINTY_ASSIGNED_CONTEXT ( ( #6430 ) ) GLOBAL_UNIT_ASSIGNED_CONTEXT ( ( #5752, #3367, #6626 ) ) REPRESENTATION_CONTEXT ( 'NONE', 'WORKASPACE' ) );
#4981 = AXIS2_PLACEMENT_3D ( 'NONE', #5827, #9212, #1232 ) ;
#4982 = ORIENTED_EDGE ( 'NONE', *, *, #8134, .F. ) ;
#4983 = CARTESIAN_POINT ( 'NONE',  ( 2.225000000000001421, 0.2000000000000000111, 1.625000000000000000 ) ) ;
#4984 = AXIS2_PLACEMENT_3D ( 'NONE', #2698, #5164, #3381 ) ;
#4985 = VECTOR ( 'NONE', #6508, 1000.000000000000000 ) ;
#4986 = DIRECTION ( 'NONE',  ( -0.000000000000000000, -1.000000000000000000, -0.000000000000000000 ) ) ;
#4987 = DIRECTION ( 'NONE',  ( -0.000000000000000000, -0.000000000000000000, -1.000000000000000000 ) ) ;
#4988 = EDGE_LOOP ( 'NONE', ( #3795, #6514, #2078, #8973 ) ) ;
#4989 = EDGE_CURVE ( 'NONE', #1476, #9875, #3471, .T. ) ;
#4990 = CARTESIAN_POINT ( 'NONE',  ( -2.499999999999978684, 0.000000000000000000, 0.3749999999999998890 ) ) ;
#4991 = ORIENTED_EDGE ( 'NONE', *, *, #10054, .F. ) ;
#4992 = CARTESIAN_POINT ( 'NONE',  ( -2.224999999999969447, 0.04999999999999999584, 1.250000000000000000 ) ) ;
#4993 = LINE ( 'NONE', #7626, #7136 ) ;
#4994 = DIRECTION ( 'NONE',  ( 1.000000000000000000, 0.000000000000000000, -1.971276677246380887E-16 ) ) ;
#4995 = ORIENTED_EDGE ( 'NONE', *, *, #10995, .F. ) ;
#4996 = DIRECTION ( 'NONE',  ( -0.000000000000000000, -1.000000000000000000, -0.000000000000000000 ) ) ;
#4997 = PLANE ( 'NONE',  #4596 ) ;
#4998 = ADVANCED_FACE ( 'NONE', ( #8615 ), #1581, .F. ) ;
#4999 = VERTEX_POINT ( 'NONE', #4286 ) ;
#5000 = FACE_OUTER_BOUND ( 'NONE', #8342, .T. ) ;
#5001 = DIRECTION ( 'NONE',  ( -0.000000000000000000, -0.000000000000000000, 1.000000000000000000 ) ) ;
#5002 = CARTESIAN_POINT ( 'NONE',  ( 1.249999999999999778, 0.000000000000000000, 2.224999999999969003 ) ) ;
#5003 = ORIENTED_EDGE ( 'NONE', *, *, #944, .F. ) ;
#5004 = SURFACE_STYLE_FILL_AREA ( #9333 ) ;
#5005 = VERTEX_POINT ( 'NONE', #11189 ) ;
#5006 = VERTEX_POINT ( 'NONE', #8668 ) ;
#5007 = SURFACE_STYLE_FILL_AREA ( #6604 ) ;
#5008 = EDGE_CURVE ( 'NONE', #8736, #2428, #10440, .T. ) ;
#5009 = DIRECTION ( 'NONE',  ( 0.000000000000000000, 1.000000000000000000, -0.000000000000000000 ) ) ;
#5010 = LINE ( 'NONE', #4055, #6103 ) ;
#5011 = DIRECTION ( 'NONE',  ( 0.000000000000000000, -0.000000000000000000, 1.000000000000000000 ) ) ;
#5012 = ORIENTED_EDGE ( 'NONE', *, *, #8495, .F. ) ;
#5013 = DIRECTION ( 'NONE',  ( 0.000000000000000000, -1.000000000000000000, 0.000000000000000000 ) ) ;
#5014 = CARTESIAN_POINT ( 'NONE',  ( 2.500000000000000000, 0.000000000000000000, 1.624999999999999778 ) ) ;
#5015 = DIRECTION ( 'NONE',  ( 0.000000000000000000, 1.000000000000000000, 0.000000000000000000 ) ) ;
#5016 = VERTEX_POINT ( 'NONE', #6140 ) ;
#5017 = DIRECTION ( 'NONE',  ( 0.000000000000000000, -0.000000000000000000, -1.000000000000000000 ) ) ;
#5018 = CARTESIAN_POINT ( 'NONE',  ( -1.874999999999999334, 0.04999999999999969746, 2.500000000000000000 ) ) ;
#5019 = VERTEX_POINT ( 'NONE', #7714 ) ;
#5020 = EDGE_LOOP ( 'NONE', ( #4907, #2620, #9570, #1724, #2297, #1131, #6442, #10430, #6971, #2737, #10006, #7193, #6203, #3058, #2898, #10249, #2996, #2631, #3755, #5762, #9822, #4750, #8986, #3224, #8644, #2244, #359, #9227, #8580, #4212, #7812, #4033, #507, #7191, #9529, #10156 ) ) ;
#5021 = ORIENTED_EDGE ( 'NONE', *, *, #1895, .T. ) ;
#5022 = EDGE_LOOP ( 'NONE', ( #819, #3538, #10886, #9797 ) ) ;
#5023 = EDGE_CURVE ( 'NONE', #7363, #168, #923, .T. ) ;
#5024 = EDGE_CURVE ( 'NONE', #5228, #10772, #65, .T. ) ;
#5025 = EDGE_CURVE ( 'NONE', #7430, #739, #10511, .T. ) ;
#5026 = DIRECTION ( 'NONE',  ( -1.000000000000000000, 0.000000000000000000, 0.000000000000000000 ) ) ;
#5027 = AXIS2_PLACEMENT_3D ( 'NONE', #7854, #6237, #961 ) ;
#5028 = FILL_AREA_STYLE ('',( #5146 ) ) ;
#5029 = VERTEX_POINT ( 'NONE', #7883 ) ;
#5030 = DIRECTION ( 'NONE',  ( 0.000000000000000000, -1.000000000000000000, 0.000000000000000000 ) ) ;
#5031 = DIRECTION ( 'NONE',  ( -1.000000000000000000, -0.000000000000000000, -0.000000000000000000 ) ) ;
#5032 = VERTEX_POINT ( 'NONE', #1758 ) ;
#5033 = CARTESIAN_POINT ( 'NONE',  ( 2.224999999999996092, 0.2000000000000000111, 1.125000000000000222 ) ) ;
#5034 = EDGE_CURVE ( 'NONE', #3862, #8365, #4394, .T. ) ;
#5035 = EDGE_CURVE ( 'NONE', #3962, #9584, #671, .T. ) ;
#5036 = PLANE ( 'NONE',  #1810 ) ;
#5037 = CARTESIAN_POINT ( 'NONE',  ( 1.875000000000000000, 0.2000000000000000111, -2.225000000000001421 ) ) ;
#5038 = ORIENTED_EDGE ( 'NONE', *, *, #3790, .F. ) ;
#5039 = ORIENTED_EDGE ( 'NONE', *, *, #6344, .F. ) ;
#5040 =( LENGTH_UNIT ( ) NAMED_UNIT ( * ) SI_UNIT ( .MILLI., .METRE. ) );
#5041 = DIRECTION ( 'NONE',  ( 0.000000000000000000, -1.000000000000000000, 0.000000000000000000 ) ) ;
#5042 = CARTESIAN_POINT ( 'NONE',  ( 1.800000000000000044, 0.2000000000000000111, -1.649999999999998801 ) ) ;
#5043 = CARTESIAN_POINT ( 'NONE',  ( -0.6249999999999995559, 0.2000000000000000111, -2.500000000000000000 ) ) ;
#5044 = VERTEX_POINT ( 'NONE', #3292 ) ;
#5045 = DIRECTION ( 'NONE',  ( 0.000000000000000000, 0.000000000000000000, -1.000000000000000000 ) ) ;
#5046 = ADVANCED_FACE ( 'NONE', ( #6786 ), #1931, .F. ) ;
#5047 = CARTESIAN_POINT ( 'NONE',  ( 1.249999999999999778, 0.000000000000000000, 2.224999999999969003 ) ) ;
#5048 = VERTEX_POINT ( 'NONE', #4570 ) ;
#5049 = DIRECTION ( 'NONE',  ( -0.000000000000000000, -1.000000000000000000, -0.000000000000000000 ) ) ;
#5050 = LINE ( 'NONE', #6878, #5259 ) ;
#5051 = DIRECTION ( 'NONE',  ( -1.000000000000000000, -0.000000000000000000, -0.000000000000000000 ) ) ;
#5052 = ORIENTED_EDGE ( 'NONE', *, *, #1639, .T. ) ;
#5053 = FACE_OUTER_BOUND ( 'NONE', #2381, .T. ) ;
#5054 = VERTEX_POINT ( 'NONE', #5407 ) ;
#5055 = ORIENTED_EDGE ( 'NONE', *, *, #10970, .F. ) ;
#5056 = FACE_OUTER_BOUND ( 'NONE', #9024, .T. ) ;
#5057 = ORIENTED_EDGE ( 'NONE', *, *, #9004, .T. ) ;
#5058 = EDGE_CURVE ( 'NONE', #7203, #5532, #7999, .T. ) ;
#5059 = EDGE_CURVE ( 'NONE', #2657, #3922, #7245, .T. ) ;
#5060 = AXIS2_PLACEMENT_3D ( 'NONE', #6555, #692, #11063 ) ;
#5061 = VECTOR ( 'NONE', #2715, 1000.000000000000000 ) ;
#5062 = PLANE ( 'NONE',  #10037 ) ;
#5063 = CARTESIAN_POINT ( 'NONE',  ( 1.874999999999999778, 0.000000000000000000, 2.225000000000000533 ) ) ;
#5064 = CARTESIAN_POINT ( 'NONE',  ( -1.374999999999999112, 0.2000000000000000111, -2.500000000000000000 ) ) ;
#5065 = ORIENTED_EDGE ( 'NONE', *, *, #7975, .F. ) ;
#5066 = CARTESIAN_POINT ( 'NONE',  ( -2.499999999999999556, 0.04999999999999969746, 0.6250000000000001110 ) ) ;
#5067 = FACE_OUTER_BOUND ( 'NONE', #7688, .T. ) ;
#5068 = FACE_OUTER_BOUND ( 'NONE', #8674, .T. ) ;
#5069 = DIRECTION ( 'NONE',  ( 0.000000000000000000, -1.000000000000000000, 0.000000000000000000 ) ) ;
#5070 = ORIENTED_EDGE ( 'NONE', *, *, #10274, .T. ) ;
#5071 = CARTESIAN_POINT ( 'NONE',  ( -2.224999999999990319, 0.000000000000000000, -0.7500000000000000000 ) ) ;
#5072 = AXIS2_PLACEMENT_3D ( 'NONE', #10075, #7458, #3101 ) ;
#5073 = LINE ( 'NONE', #7659, #5109 ) ;
#5074 = ORIENTED_EDGE ( 'NONE', *, *, #8825, .F. ) ;
#5075 = ADVANCED_FACE ( 'NONE', ( #3711 ), #9799, .F. ) ;
#5076 = ORIENTED_EDGE ( 'NONE', *, *, #5936, .F. ) ;
#5077 = ORIENTED_EDGE ( 'NONE', *, *, #8246, .F. ) ;
#5078 = CIRCLE ( 'NONE', #11286, 0.1249999999999998890 ) ;
#5079 = AXIS2_PLACEMENT_3D ( 'NONE', #11097, #7627, #7177 ) ;
#5080 = DIRECTION ( 'NONE',  ( 0.000000000000000000, 0.000000000000000000, 1.000000000000000000 ) ) ;
#5081 = ORIENTED_EDGE ( 'NONE', *, *, #3141, .T. ) ;
#5082 = DIRECTION ( 'NONE',  ( 0.000000000000000000, 1.000000000000000000, -0.000000000000000000 ) ) ;
#5083 = DIRECTION ( 'NONE',  ( -1.000000000000000000, 0.000000000000000000, 0.000000000000000000 ) ) ;
#5084 = VERTEX_POINT ( 'NONE', #1096 ) ;
#5085 = EDGE_CURVE ( 'NONE', #1373, #5289, #7196, .T. ) ;
#5086 = ADVANCED_FACE ( 'NONE', ( #293 ), #6262, .T. ) ;
#5087 = ORIENTED_EDGE ( 'NONE', *, *, #10904, .T. ) ;
#5088 = VECTOR ( 'NONE', #6559, 1000.000000000000000 ) ;
#5089 = CARTESIAN_POINT ( 'NONE',  ( -2.499999999999973799, 0.2000000000000000111, 0.8749999999999998890 ) ) ;
#5090 = VECTOR ( 'NONE', #1985, 1000.000000000000000 ) ;
#5092 = VERTEX_POINT ( 'NONE', #9006 ) ;
#5091 = AXIS2_PLACEMENT_3D ( 'NONE', #7769, #4510, #5186 ) ;
#5093 = DIRECTION ( 'NONE',  ( 0.000000000000000000, -1.000000000000000000, 0.000000000000000000 ) ) ;
#5094 = PRESENTATION_LAYER_ASSIGNMENT (  '', '', ( #6544 ) ) ;
#5095 = DIRECTION ( 'NONE',  ( 0.000000000000000000, -1.000000000000000000, 0.000000000000000000 ) ) ;
#5096 = ORIENTED_EDGE ( 'NONE', *, *, #9046, .F. ) ;
#5097 = VECTOR ( 'NONE', #10517, 1000.000000000000000 ) ;
#5098 = ORIENTED_EDGE ( 'NONE', *, *, #9982, .F. ) ;
#5099 = EDGE_CURVE ( 'NONE', #8124, #7352, #3768, .T. ) ;
#5100 = SURFACE_STYLE_FILL_AREA ( #1617 ) ;
#5101 = DIRECTION ( 'NONE',  ( 0.000000000000000000, -1.000000000000000000, 0.000000000000000000 ) ) ;
#5102 = ADVANCED_FACE ( 'NONE', ( #1875 ), #240, .F. ) ;
#5103 = CYLINDRICAL_SURFACE ( 'NONE', #533, 0.1250000000000001110 ) ;
#5104 = EDGE_CURVE ( 'NONE', #6178, #931, #5356, .T. ) ;
#5105 = EDGE_LOOP ( 'NONE', ( #5180, #8170, #1066, #7922 ) ) ;
#5106 = DIRECTION ( 'NONE',  ( -9.856383386231903201E-17, -0.000000000000000000, -1.000000000000000000 ) ) ;
#5107 = CIRCLE ( 'NONE', #8575, 0.1249999999999998890 ) ;
#5108 = AXIS2_PLACEMENT_3D ( 'NONE', #4614, #382, #2877 ) ;
#5109 = VECTOR ( 'NONE', #8626, 1000.000000000000000 ) ;
#5110 = DIRECTION ( 'NONE',  ( 0.000000000000000000, 0.000000000000000000, -1.000000000000000000 ) ) ;
#5111 = DIRECTION ( 'NONE',  ( 0.000000000000000000, -1.000000000000000000, 0.000000000000000000 ) ) ;
#5112 = CIRCLE ( 'NONE', #10215, 0.1250000000000001110 ) ;
#5113 = ORIENTED_EDGE ( 'NONE', *, *, #2160, .F. ) ;
#5114 = DIRECTION ( 'NONE',  ( -1.000000000000000000, 0.000000000000000000, 0.000000000000000000 ) ) ;
#5115 = CARTESIAN_POINT ( 'NONE',  ( -1.625000000000001332, 0.05000000000000000278, 1.281329840210148488E-15 ) ) ;
#5116 = EDGE_CURVE ( 'NONE', #7030, #477, #4680, .T. ) ;
#5117 = VECTOR ( 'NONE', #2922, 1000.000000000000000 ) ;
#5118 = ORIENTED_EDGE ( 'NONE', *, *, #3911, .F. ) ;
#5119 = CARTESIAN_POINT ( 'NONE',  ( -2.499999999999973799, 0.2000000000000000111, 0.8749999999999998890 ) ) ;
#5120 = ORIENTED_EDGE ( 'NONE', *, *, #10166, .F. ) ;
#5121 = ORIENTED_EDGE ( 'NONE', *, *, #4692, .F. ) ;
#5122 = CARTESIAN_POINT ( 'NONE',  ( 2.224999999999965006, 0.000000000000000000, -1.749999999999999334 ) ) ;
#5123 = VERTEX_POINT ( 'NONE', #8782 ) ;
#5124 = ORIENTED_EDGE ( 'NONE', *, *, #10751, .F. ) ;
#5125 = VECTOR ( 'NONE', #146, 1000.000000000000000 ) ;
#5126 = VECTOR ( 'NONE', #10155, 1000.000000000000000 ) ;
#5127 = DIRECTION ( 'NONE',  ( 0.000000000000000000, 0.000000000000000000, 1.000000000000000000 ) ) ;
#5128 = LINE ( 'NONE', #2540, #9105 ) ;
#5129 = DIRECTION ( 'NONE',  ( -1.000000000000000000, 0.000000000000000000, 9.856383386231904433E-17 ) ) ;
#5130 = ORIENTED_EDGE ( 'NONE', *, *, #6860, .T. ) ;
#5131 = CARTESIAN_POINT ( 'NONE',  ( 2.224999999999975220, 0.2000000000000000111, -0.8749999999999998890 ) ) ;
#5132 = FACE_OUTER_BOUND ( 'NONE', #11198, .T. ) ;
#5133 = CARTESIAN_POINT ( 'NONE',  ( 2.500000000000000444, 0.000000000000000000, -1.874999999999998446 ) ) ;
#5134 = DIRECTION ( 'NONE',  ( 1.000000000000000000, 0.000000000000000000, 0.000000000000000000 ) ) ;
#5135 = ORIENTED_EDGE ( 'NONE', *, *, #6346, .F. ) ;
#5136 = AXIS2_PLACEMENT_3D ( 'NONE', #6451, #4601, #4657 ) ;
#5137 = CARTESIAN_POINT ( 'NONE',  ( -2.224999999999995648, 0.2000000000000000111, -1.125000000000000222 ) ) ;
#5138 = DIRECTION ( 'NONE',  ( 0.000000000000000000, -1.000000000000000000, 0.000000000000000000 ) ) ;
#5139 = ORIENTED_EDGE ( 'NONE', *, *, #5714, .F. ) ;
#5140 = SURFACE_STYLE_USAGE ( .BOTH. , #7089 ) ;
#5141 = VERTEX_POINT ( 'NONE', #8161 ) ;
#5142 = VERTEX_POINT ( 'NONE', #1038 ) ;
#5143 = VECTOR ( 'NONE', #10640, 1000.000000000000000 ) ;
#5144 = ADVANCED_FACE ( 'NONE', ( #117 ), #8060, .T. ) ;
#5145 = AXIS2_PLACEMENT_3D ( 'NONE', #3277, #9433, #6707 ) ;
#5146 = FILL_AREA_STYLE_COLOUR ( '', #8075 ) ;
#5147 = ORIENTED_EDGE ( 'NONE', *, *, #11163, .F. ) ;
#5148 = DIRECTION ( 'NONE',  ( 0.000000000000000000, 0.000000000000000000, -1.000000000000000000 ) ) ;
#5149 = DIRECTION ( 'NONE',  ( 0.000000000000000000, 0.000000000000000000, -1.000000000000000000 ) ) ;
#5150 = ADVANCED_FACE ( 'NONE', ( #8954 ), #10719, .F. ) ;
#5151 = EDGE_CURVE ( 'NONE', #2342, #2462, #8681, .T. ) ;
#5152 = ORIENTED_EDGE ( 'NONE', *, *, #1928, .T. ) ;
#5153 = VECTOR ( 'NONE', #4632, 1000.000000000000000 ) ;
#5154 = CARTESIAN_POINT ( 'NONE',  ( 2.500000000000000000, 0.2000000000000000111, -1.124999999999999556 ) ) ;
#5155 = CIRCLE ( 'NONE', #6794, 0.1249999999999996808 ) ;
#5156 = ADVANCED_FACE ( 'NONE', ( #2726 ), #5463, .T. ) ;
#5157 = CARTESIAN_POINT ( 'NONE',  ( 1.750000000000000000, 0.2000000000000000111, -2.225000000000001421 ) ) ;
#5158 = VECTOR ( 'NONE', #6174, 1000.000000000000000 ) ;
#5159 = CARTESIAN_POINT ( 'NONE',  ( -2.499999999999978684, 0.000000000000000000, 0.1250000000000001110 ) ) ;
#5160 = ORIENTED_EDGE ( 'NONE', *, *, #1609, .F. ) ;
#5161 = DIRECTION ( 'NONE',  ( -0.000000000000000000, -1.000000000000000000, -0.000000000000000000 ) ) ;
#5162 = VECTOR ( 'NONE', #433, 1000.000000000000000 ) ;
#5163 = EDGE_CURVE ( 'NONE', #5403, #348, #4628, .T. ) ;
#5164 = DIRECTION ( 'NONE',  ( 0.000000000000000000, -1.000000000000000000, 0.000000000000000000 ) ) ;
#5165 = FACE_OUTER_BOUND ( 'NONE', #5848, .T. ) ;
#5166 = DIRECTION ( 'NONE',  ( 0.000000000000000000, 0.000000000000000000, -1.000000000000000000 ) ) ;
#5167 = ORIENTED_EDGE ( 'NONE', *, *, #3406, .T. ) ;
#5168 = COLOUR_RGB ( '',0.2509803921568627416, 0.2509803921568627416, 0.2509803921568627416 ) ;
#5169 = EDGE_CURVE ( 'NONE', #734, #3355, #6592, .T. ) ;
#5170 = EDGE_CURVE ( 'NONE', #9331, #3951, #7466, .T. ) ;
#5171 = ADVANCED_FACE ( 'NONE', ( #2084 ), #10130, .F. ) ;
#5172 = PLANE ( 'NONE',  #9658 ) ;
#5173 = ORIENTED_EDGE ( 'NONE', *, *, #3912, .F. ) ;
#5174 = CARTESIAN_POINT ( 'NONE',  ( 0.1250000000000005829, 0.04999999999999999584, -2.500000000000000000 ) ) ;
#5175 = LINE ( 'NONE', #5900, #2051 ) ;
#5176 = FACE_OUTER_BOUND ( 'NONE', #8256, .T. ) ;
#5177 = LINE ( 'NONE', #5226, #2509 ) ;
#5178 = ORIENTED_EDGE ( 'NONE', *, *, #9574, .T. ) ;
#5179 = FACE_OUTER_BOUND ( 'NONE', #7955, .T. ) ;
#5180 = ORIENTED_EDGE ( 'NONE', *, *, #2284, .T. ) ;
#5181 = VERTEX_POINT ( 'NONE', #5677 ) ;
#5182 = CARTESIAN_POINT ( 'NONE',  ( -0.3749999999999996114, 0.000000000000000000, 2.499999999999999556 ) ) ;
#5183 = ORIENTED_EDGE ( 'NONE', *, *, #4691, .F. ) ;
#5184 = EDGE_CURVE ( 'NONE', #4796, #10543, #8214, .T. ) ;
#5185 = DIRECTION ( 'NONE',  ( 0.000000000000000000, 1.000000000000000000, -0.000000000000000000 ) ) ;
#5186 = DIRECTION ( 'NONE',  ( 0.000000000000000000, 0.000000000000000000, -1.000000000000000000 ) ) ;
#5187 = DIRECTION ( 'NONE',  ( 0.000000000000000000, 0.000000000000000000, 1.000000000000000000 ) ) ;
#5188 = SURFACE_STYLE_USAGE ( .BOTH. , #3473 ) ;
#5189 = ORIENTED_EDGE ( 'NONE', *, *, #9763, .F. ) ;
#5190 = VECTOR ( 'NONE', #6632, 1000.000000000000000 ) ;
#5191 = CARTESIAN_POINT ( 'NONE',  ( -2.499999999999973799, 0.2000000000000000111, 0.6250000000000001110 ) ) ;
#5192 = DIRECTION ( 'NONE',  ( 0.000000000000000000, -1.000000000000000000, 0.000000000000000000 ) ) ;
#5193 = FACE_OUTER_BOUND ( 'NONE', #2923, .T. ) ;
#5194 = CARTESIAN_POINT ( 'NONE',  ( -0.1249999999999998335, 0.04999999999999999584, 2.225000000000000977 ) ) ;
#5195 = EDGE_LOOP ( 'NONE', ( #3665, #9739, #4450, #10613, #1665 ) ) ;
#5196 = DIRECTION ( 'NONE',  ( -0.000000000000000000, -1.000000000000000000, -0.000000000000000000 ) ) ;
#5197 = ORIENTED_EDGE ( 'NONE', *, *, #2741, .T. ) ;
#5198 = CARTESIAN_POINT ( 'NONE',  ( -2.224999999999964562, 0.04999999999999999584, 1.875000000000000000 ) ) ;
#5199 = ORIENTED_EDGE ( 'NONE', *, *, #10293, .T. ) ;
#5200 = ORIENTED_EDGE ( 'NONE', *, *, #4623, .T. ) ;
#5201 = EDGE_CURVE ( 'NONE', #2037, #5325, #10082, .T. ) ;
#5202 = CARTESIAN_POINT ( 'NONE',  ( 0.8750000000000001110, 0.2000000000000000111, 2.499999999999999556 ) ) ;
#5203 = VERTEX_POINT ( 'NONE', #7359 ) ;
#5204 = CARTESIAN_POINT ( 'NONE',  ( -2.499999999999968470, 0.2000000000000000111, 1.375000000000000000 ) ) ;
#5205 = DIRECTION ( 'NONE',  ( -1.000000000000000000, 0.000000000000000000, -0.000000000000000000 ) ) ;
#5206 = DIRECTION ( 'NONE',  ( 0.000000000000000000, 1.000000000000000000, -0.000000000000000000 ) ) ;
#5207 = ORIENTED_EDGE ( 'NONE', *, *, #10229, .T. ) ;
#5208 = EDGE_LOOP ( 'NONE', ( #5261, #10045, #2577, #7092 ) ) ;
#5209 = EDGE_LOOP ( 'NONE', ( #3727, #4753, #7210, #3286 ) ) ;
#5210 = LINE ( 'NONE', #5154, #1019 ) ;
#5211 = EDGE_CURVE ( 'NONE', #10565, #5509, #7525, .T. ) ;
#5212 = DIRECTION ( 'NONE',  ( 0.000000000000000000, -0.000000000000000000, -1.000000000000000000 ) ) ;
#5213 = LINE ( 'NONE', #2337, #3283 ) ;
#5214 = VERTEX_POINT ( 'NONE', #1454 ) ;
#5215 = LINE ( 'NONE', #4426, #659 ) ;
#5216 = VERTEX_POINT ( 'NONE', #4943 ) ;
#5217 = DIRECTION ( 'NONE',  ( 0.000000000000000000, 0.000000000000000000, 1.000000000000000000 ) ) ;
#5218 = FACE_OUTER_BOUND ( 'NONE', #10722, .T. ) ;
#5219 = ORIENTED_EDGE ( 'NONE', *, *, #1961, .T. ) ;
#5220 = CARTESIAN_POINT ( 'NONE',  ( 1.375000000000000000, 0.000000000000000000, -2.500000000000000000 ) ) ;
#5221 = EDGE_CURVE ( 'NONE', #6302, #11178, #10936, .T. ) ;
#5222 = DIRECTION ( 'NONE',  ( 0.000000000000000000, 1.000000000000000000, -0.000000000000000000 ) ) ;
#5223 = ORIENTED_EDGE ( 'NONE', *, *, #3988, .T. ) ;
#5224 = LINE ( 'NONE', #2651, #3518 ) ;
#5225 = CARTESIAN_POINT ( 'NONE',  ( 1.875000000000000000, 0.2000000000000000111, 2.499999999999999112 ) ) ;
#5226 = CARTESIAN_POINT ( 'NONE',  ( 2.500000000000000000, 0.2000000000000000111, 1.374999999999999778 ) ) ;
#5227 = ORIENTED_EDGE ( 'NONE', *, *, #6276, .F. ) ;
#5228 = VERTEX_POINT ( 'NONE', #3930 ) ;
#5229 = VERTEX_POINT ( 'NONE', #4258 ) ;
#5230 = CARTESIAN_POINT ( 'NONE',  ( 2.500000000000000000, 0.2000000000000000111, -1.124999999999999556 ) ) ;
#5231 = ADVANCED_FACE ( 'NONE', ( #9964 ), #7411, .F. ) ;
#5232 = EDGE_CURVE ( 'NONE', #8917, #2974, #10675, .T. ) ;
#5233 = DIRECTION ( 'NONE',  ( 0.000000000000000000, 0.000000000000000000, -1.000000000000000000 ) ) ;
#5234 = CARTESIAN_POINT ( 'NONE',  ( 0.7500000000000002220, 0.2000000000000000111, 2.224999999999974776 ) ) ;
#5235 = DIRECTION ( 'NONE',  ( -1.000000000000000000, 0.000000000000000000, 0.000000000000000000 ) ) ;
#5236 = CIRCLE ( 'NONE', #6688, 0.1249999999999998890 ) ;
#5237 = DIRECTION ( 'NONE',  ( 0.000000000000000000, 0.000000000000000000, -1.000000000000000000 ) ) ;
#5238 = VERTEX_POINT ( 'NONE', #1350 ) ;
#5239 = DIRECTION ( 'NONE',  ( -0.000000000000000000, -0.000000000000000000, 1.000000000000000000 ) ) ;
#5240 = CARTESIAN_POINT ( 'NONE',  ( -1.649999999999999911, 0.2000000000000000111, -1.649999999999999911 ) ) ;
#5241 = CARTESIAN_POINT ( 'NONE',  ( 1.800000000000000044, 0.04999999999999999584, 1.649999999999998579 ) ) ;
#5242 = CARTESIAN_POINT ( 'NONE',  ( -1.874999999999999334, 0.2000000000000000111, 2.500000000000000000 ) ) ;
#5243 = ORIENTED_EDGE ( 'NONE', *, *, #4479, .F. ) ;
#5244 = CARTESIAN_POINT ( 'NONE',  ( -1.124999999999999334, 0.2000000000000000111, -2.500000000000000000 ) ) ;
#5245 = CARTESIAN_POINT ( 'NONE',  ( 2.500000000000000444, 0.04999999999999969746, 1.874999999999999778 ) ) ;
#5246 = VERTEX_POINT ( 'NONE', #10881 ) ;
#5247 = EDGE_CURVE ( 'NONE', #5575, #5416, #10834, .T. ) ;
#5248 = ADVANCED_FACE ( 'NONE', ( #8434 ), #5567, .F. ) ;
#5249 = ORIENTED_EDGE ( 'NONE', *, *, #11230, .T. ) ;
#5250 = ORIENTED_EDGE ( 'NONE', *, *, #2648, .T. ) ;
#5251 = VECTOR ( 'NONE', #6034, 1000.000000000000000 ) ;
#5252 = CARTESIAN_POINT ( 'NONE',  ( 2.500000000000000000, 0.2000000000000000111, -1.374999999999999334 ) ) ;
#5253 = VECTOR ( 'NONE', #5513, 1000.000000000000000 ) ;
#5254 = ORIENTED_EDGE ( 'NONE', *, *, #92, .F. ) ;
#5255 = LINE ( 'NONE', #948, #1485 ) ;
#5256 = DIRECTION ( 'NONE',  ( 0.000000000000000000, -1.000000000000000000, 0.000000000000000000 ) ) ;
#5257 = CARTESIAN_POINT ( 'NONE',  ( 1.125000000000000000, 0.2000000000000000111, 2.225000000000000977 ) ) ;
#5258 = EDGE_LOOP ( 'NONE', ( #2330, #2872, #9587, #3946 ) ) ;
#5259 = VECTOR ( 'NONE', #6827, 1000.000000000000000 ) ;
#5260 = LINE ( 'NONE', #10988, #1821 ) ;
#5261 = ORIENTED_EDGE ( 'NONE', *, *, #7320, .T. ) ;
#5262 = PRESENTATION_LAYER_ASSIGNMENT (  '', '', ( #10171 ) ) ;
#5263 = CARTESIAN_POINT ( 'NONE',  ( 0.7500000000000003331, 0.2000000000000000111, -2.224999999999990763 ) ) ;
#5264 = CARTESIAN_POINT ( 'NONE',  ( 0.000000000000000000, 0.05000000000000000278, 0.8749999999999998890 ) ) ;
#5265 = ORIENTED_EDGE ( 'NONE', *, *, #1080, .T. ) ;
#5266 = CARTESIAN_POINT ( 'NONE',  ( 2.224999999999980549, 0.000000000000000000, -0.2499999999999998890 ) ) ;
#5267 = STYLED_ITEM ( 'NONE', ( #9929 ), #7360 ) ;
#5268 = SURFACE_STYLE_FILL_AREA ( #9488 ) ;
#5269 = CARTESIAN_POINT ( 'NONE',  ( -2.499999999999963141, 0.2000000000000000111, 1.625000000000000222 ) ) ;
#5270 = CIRCLE ( 'NONE', #365, 0.1249999999999998890 ) ;
#5271 = DIRECTION ( 'NONE',  ( -0.000000000000000000, 0.000000000000000000, 1.000000000000000000 ) ) ;
#5272 = VECTOR ( 'NONE', #2045, 1000.000000000000000 ) ;
#5273 = EDGE_LOOP ( 'NONE', ( #1262, #7491, #5077, #4260, #7347 ) ) ;
#5274 = CARTESIAN_POINT ( 'NONE',  ( -0.1249999999999996531, 0.2000000000000000111, -2.500000000000000000 ) ) ;
#5275 = AXIS2_PLACEMENT_3D ( 'NONE', #2655, #4213, #1633 ) ;
#5276 = AXIS2_PLACEMENT_3D ( 'NONE', #5234, #3593, #10311 ) ;
#5277 = ADVANCED_FACE ( 'NONE', ( #1243 ), #4883, .F. ) ;
#5278 = DIRECTION ( 'NONE',  ( 0.000000000000000000, 0.000000000000000000, -1.000000000000000000 ) ) ;
#5279 = ORIENTED_EDGE ( 'NONE', *, *, #9674, .T. ) ;
#5280 = FACE_OUTER_BOUND ( 'NONE', #10858, .T. ) ;
#5281 = PLANE ( 'NONE',  #4797 ) ;
#5282 = DIRECTION ( 'NONE',  ( -7.885106708985522560E-16, 0.000000000000000000, -1.000000000000000000 ) ) ;
#5283 = DIRECTION ( 'NONE',  ( 0.000000000000000000, 0.000000000000000000, -1.000000000000000000 ) ) ;
#5284 = EDGE_CURVE ( 'NONE', #4600, #5216, #8368, .T. ) ;
#5285 = EDGE_LOOP ( 'NONE', ( #2003, #9838, #11027, #1386 ) ) ;
#5286 = CARTESIAN_POINT ( 'NONE',  ( -0.1249999999999998335, 0.2000000000000000111, 2.225000000000000977 ) ) ;
#5287 = EDGE_LOOP ( 'NONE', ( #4607, #2090, #1048, #263 ) ) ;
#5288 = LINE ( 'NONE', #11179, #5502 ) ;
#5289 = VERTEX_POINT ( 'NONE', #556 ) ;
#5290 = CIRCLE ( 'NONE', #4203, 0.1250000000000001110 ) ;
#5291 = AXIS2_PLACEMENT_3D ( 'NONE', #9990, #4116, #10047 ) ;
#5292 = ORIENTED_EDGE ( 'NONE', *, *, #9892, .T. ) ;
#5293 = AXIS2_PLACEMENT_3D ( 'NONE', #4526, #195, #6549 ) ;
#5294 = EDGE_CURVE ( 'NONE', #5974, #7827, #10997, .T. ) ;
#5295 = VECTOR ( 'NONE', #2280, 1000.000000000000000 ) ;
#5296 = DIRECTION ( 'NONE',  ( 1.000000000000000000, -0.000000000000000000, -0.000000000000000000 ) ) ;
#5297 = DIRECTION ( 'NONE',  ( 0.000000000000000000, 0.000000000000000000, -1.000000000000000000 ) ) ;
#5298 = CARTESIAN_POINT ( 'NONE',  ( -1.800000000000000044, 0.2000000000000000111, -1.649999999999998801 ) ) ;
#5299 =( LENGTH_UNIT ( ) NAMED_UNIT ( * ) SI_UNIT ( .MILLI., .METRE. ) );
#5300 = VERTEX_POINT ( 'NONE', #3002 ) ;
#5301 = CARTESIAN_POINT ( 'NONE',  ( -1.649999999999999911, 0.2000000000000000111, 1.649999999999999689 ) ) ;
#5302 = LINE ( 'NONE', #4398, #10368 ) ;
#5304 = FACE_OUTER_BOUND ( 'NONE', #5907, .T. ) ;
#5303 = UNCERTAINTY_MEASURE_WITH_UNIT (LENGTH_MEASURE( 1.000000000000000082E-05 ), #2261, 'distance_accuracy_value', 'NONE');
#5305 = FACE_OUTER_BOUND ( 'NONE', #8717, .T. ) ;
#5306 = ORIENTED_EDGE ( 'NONE', *, *, #1206, .F. ) ;
#5307 = DIRECTION ( 'NONE',  ( 0.000000000000000000, 0.000000000000000000, 1.000000000000000000 ) ) ;
#5308 = LINE ( 'NONE', #2803, #11298 ) ;
#5309 = ORIENTED_EDGE ( 'NONE', *, *, #2273, .F. ) ;
#5310 = ORIENTED_EDGE ( 'NONE', *, *, #8028, .T. ) ;
#5311 = AXIS2_PLACEMENT_3D ( 'NONE', #4788, #9051, #5776 ) ;
#5312 = AXIS2_PLACEMENT_3D ( 'NONE', #8190, #3848, #9942 ) ;
#5313 = EDGE_CURVE ( 'NONE', #1803, #5575, #6476, .T. ) ;
#5314 = ADVANCED_FACE ( 'NONE', ( #2574 ), #1069, .F. ) ;
#5315 = EDGE_CURVE ( 'NONE', #5534, #4752, #3508, .T. ) ;
#5316 = CARTESIAN_POINT ( 'NONE',  ( -1.249999999999999112, 0.2000000000000000111, -2.224999999999969891 ) ) ;
#5317 = AXIS2_PLACEMENT_3D ( 'NONE', #9896, #8244, #10702 ) ;
#5318 = EDGE_LOOP ( 'NONE', ( #1878, #3098, #9743, #3596 ) ) ;
#5319 = DIRECTION ( 'NONE',  ( -1.000000000000000000, 0.000000000000000000, 0.000000000000000000 ) ) ;
#5320 = DIRECTION ( 'NONE',  ( 0.000000000000000000, 0.000000000000000000, 1.000000000000000000 ) ) ;
#5321 = CIRCLE ( 'NONE', #3695, 0.1250000000000001110 ) ;
#5322 = CARTESIAN_POINT ( 'NONE',  ( 2.500000000000000000, 0.2000000000000000111, 1.374999999999999778 ) ) ;
#5323 = VERTEX_POINT ( 'NONE', #1017 ) ;
#5324 = ORIENTED_EDGE ( 'NONE', *, *, #2977, .T. ) ;
#5325 = VERTEX_POINT ( 'NONE', #8645 ) ;
#5326 = AXIS2_PLACEMENT_3D ( 'NONE', #4748, #7264, #9936 ) ;
#5327 = CIRCLE ( 'NONE', #6784, 0.1499999999999999667 ) ;
#5328 = EDGE_CURVE ( 'NONE', #1733, #4445, #3689, .T. ) ;
#5329 = DIRECTION ( 'NONE',  ( 0.000000000000000000, 0.000000000000000000, 1.000000000000000000 ) ) ;
#5330 = CARTESIAN_POINT ( 'NONE',  ( 2.500000000000000000, 0.2000000000000000111, 0.1250000000000001665 ) ) ;
#5331 = ORIENTED_EDGE ( 'NONE', *, *, #9810, .T. ) ;
#5332 = CARTESIAN_POINT ( 'NONE',  ( -2.224999999999985434, 0.2000000000000000111, -0.2500000000000000000 ) ) ;
#5333 = DIRECTION ( 'NONE',  ( 0.000000000000000000, 0.000000000000000000, -1.000000000000000000 ) ) ;
#5334 = AXIS2_PLACEMENT_3D ( 'NONE', #106, #10486, #1921 ) ;
#5335 = VECTOR ( 'NONE', #10423, 1000.000000000000000 ) ;
#5336 = FACE_OUTER_BOUND ( 'NONE', #11070, .T. ) ;
#5337 = DIRECTION ( 'NONE',  ( 0.000000000000000000, -1.000000000000000000, 0.000000000000000000 ) ) ;
#5338 = AXIS2_PLACEMENT_3D ( 'NONE', #7519, #614, #10077 ) ;
#5339 = ORIENTED_EDGE ( 'NONE', *, *, #4490, .T. ) ;
#5340 = LINE ( 'NONE', #2703, #10804 ) ;
#5341 = VECTOR ( 'NONE', #6356, 1000.000000000000000 ) ;
#5342 = DIRECTION ( 'NONE',  ( 0.000000000000000000, -1.000000000000000000, 0.000000000000000000 ) ) ;
#5343 = ORIENTED_EDGE ( 'NONE', *, *, #8665, .T. ) ;
#5344 = LINE ( 'NONE', #8654, #6055 ) ;
#5345 = DIRECTION ( 'NONE',  ( 1.000000000000000000, -0.000000000000000000, -0.000000000000000000 ) ) ;
#5346 = LINE ( 'NONE', #911, #1641 ) ;
#5347 = CARTESIAN_POINT ( 'NONE',  ( -0.1249999999999998196, 0.2000000000000000111, 2.499999999999999556 ) ) ;
#5348 = ORIENTED_EDGE ( 'NONE', *, *, #4144, .F. ) ;
#5349 = CIRCLE ( 'NONE', #1510, 0.1250000000000001110 ) ;
#5350 = ORIENTED_EDGE ( 'NONE', *, *, #8651, .F. ) ;
#5351 = ORIENTED_EDGE ( 'NONE', *, *, #6751, .T. ) ;
#5352 = CARTESIAN_POINT ( 'NONE',  ( -2.224999999999964562, 0.2000000000000000111, 1.750000000000000000 ) ) ;
#5353 = EDGE_CURVE ( 'NONE', #909, #6758, #5215, .T. ) ;
#5354 = CARTESIAN_POINT ( 'NONE',  ( 1.749999999999999778, 0.000000000000000000, 2.224999999999964118 ) ) ;
#5355 = CYLINDRICAL_SURFACE ( 'NONE', #5091, 0.1250000000000001110 ) ;
#5356 = LINE ( 'NONE', #5298, #7409 ) ;
#5357 = FACE_OUTER_BOUND ( 'NONE', #8354, .T. ) ;
#5358 = ORIENTED_EDGE ( 'NONE', *, *, #9343, .T. ) ;
#5359 = CARTESIAN_POINT ( 'NONE',  ( -2.224999999999969447, 0.2000000000000000111, 1.250000000000000000 ) ) ;
#5360 = CARTESIAN_POINT ( 'NONE',  ( -2.499999999999973799, 0.2000000000000000111, 0.8749999999999998890 ) ) ;
#5361 = FACE_OUTER_BOUND ( 'NONE', #4541, .T. ) ;
#5362 = CYLINDRICAL_SURFACE ( 'NONE', #350, 0.1249999999999998890 ) ;
#5363 = ORIENTED_EDGE ( 'NONE', *, *, #8935, .F. ) ;
#5364 = DIRECTION ( 'NONE',  ( -0.000000000000000000, -1.000000000000000000, -0.000000000000000000 ) ) ;
#5365 = DIRECTION ( 'NONE',  ( 0.000000000000000000, 0.000000000000000000, 1.000000000000000000 ) ) ;
#5366 = ORIENTED_EDGE ( 'NONE', *, *, #11184, .T. ) ;
#5367 = CARTESIAN_POINT ( 'NONE',  ( 1.625000000000000000, 0.04999999999999999584, -2.500000000000000000 ) ) ;
#5368 = ORIENTED_EDGE ( 'NONE', *, *, #3322, .T. ) ;
#5369 = ADVANCED_FACE ( 'NONE', ( #3567 ), #6118, .F. ) ;
#5370 = VERTEX_POINT ( 'NONE', #8695 ) ;
#5371 = ORIENTED_EDGE ( 'NONE', *, *, #6180, .T. ) ;
#5372 = FACE_OUTER_BOUND ( 'NONE', #10415, .T. ) ;
#5373 = ORIENTED_EDGE ( 'NONE', *, *, #7912, .T. ) ;
#5374 = DIRECTION ( 'NONE',  ( -0.000000000000000000, 0.000000000000000000, 1.000000000000000000 ) ) ;
#5375 = LINE ( 'NONE', #10334, #7995 ) ;
#5376 = CARTESIAN_POINT ( 'NONE',  ( 1.875000000000000000, 0.000000000000000000, 2.499999999999999112 ) ) ;
#5377 = VERTEX_POINT ( 'NONE', #843 ) ;
#5378 = CARTESIAN_POINT ( 'NONE',  ( -2.224999999999990319, 0.2000000000000000111, -0.8749999999999998890 ) ) ;
#5379 = ORIENTED_EDGE ( 'NONE', *, *, #4376, .F. ) ;
#5380 = ADVANCED_FACE ( 'NONE', ( #8032 ), #7112, .T. ) ;
#5381 = EDGE_CURVE ( 'NONE', #7156, #8079, #1755, .T. ) ;
#5382 = EDGE_CURVE ( 'NONE', #3962, #4373, #10344, .T. ) ;
#5383 = LINE ( 'NONE', #8188, #3670 ) ;
#5384 = DIRECTION ( 'NONE',  ( 0.000000000000000000, 1.000000000000000000, -0.000000000000000000 ) ) ;
#5385 = ORIENTED_EDGE ( 'NONE', *, *, #5910, .T. ) ;
#5386 = DIRECTION ( 'NONE',  ( -0.000000000000000000, -0.000000000000000000, -1.000000000000000000 ) ) ;
#5387 = DIRECTION ( 'NONE',  ( -0.000000000000000000, -1.000000000000000000, -0.000000000000000000 ) ) ;
#5388 = CARTESIAN_POINT ( 'NONE',  ( 0.2500000000000004441, 0.2000000000000000111, -2.224999999999985878 ) ) ;
#5389 = CARTESIAN_POINT ( 'NONE',  ( 2.224999999999980549, 0.000000000000000000, -0.3749999999999997780 ) ) ;
#5390 = VERTEX_POINT ( 'NONE', #3626 ) ;
#5391 = CARTESIAN_POINT ( 'NONE',  ( -2.499999999999994227, 0.000000000000000000, -1.375000000000000000 ) ) ;
#5392 = EDGE_CURVE ( 'NONE', #5988, #8863, #898, .T. ) ;
#5393 = EDGE_CURVE ( 'NONE', #10561, #6189, #3441, .T. ) ;
#5394 = LINE ( 'NONE', #970, #8383 ) ;
#5395 = ORIENTED_EDGE ( 'NONE', *, *, #3141, .F. ) ;
#5396 = SURFACE_STYLE_FILL_AREA ( #3393 ) ;
#5397 = CARTESIAN_POINT ( 'NONE',  ( 1.374999999999999778, 0.2000000000000000111, 2.499999999999999112 ) ) ;
#5398 = LINE ( 'NONE', #4381, #2168 ) ;
#5399 = DIRECTION ( 'NONE',  ( 0.000000000000000000, -1.000000000000000000, 0.000000000000000000 ) ) ;
#5400 = FACE_OUTER_BOUND ( 'NONE', #7705, .T. ) ;
#5401 = ORIENTED_EDGE ( 'NONE', *, *, #4003, .T. ) ;
#5402 = CARTESIAN_POINT ( 'NONE',  ( -2.225000000000000977, 0.2000000000000000111, -1.625000000000000222 ) ) ;
#5403 = VERTEX_POINT ( 'NONE', #6000 ) ;
#5404 = ADVANCED_FACE ( 'NONE', ( #4367 ), #7052, .T. ) ;
#5405 = CARTESIAN_POINT ( 'NONE',  ( 0.3750000000000003331, 0.2000000000000000111, -2.500000000000000000 ) ) ;
#5406 = CARTESIAN_POINT ( 'NONE',  ( -1.874999999999999334, 0.2000000000000000111, 2.500000000000000000 ) ) ;
#5407 = CARTESIAN_POINT ( 'NONE',  ( 0.6250000000000003331, 0.04999999999999999584, 2.225000000000000977 ) ) ;
#5408 = DIRECTION ( 'NONE',  ( -0.000000000000000000, -1.000000000000000000, -0.000000000000000000 ) ) ;
#5409 = ORIENTED_EDGE ( 'NONE', *, *, #9727, .F. ) ;
#5410 = CARTESIAN_POINT ( 'NONE',  ( -0.1249999999999998196, 0.04999999999999999584, 2.499999999999999556 ) ) ;
#5412 = DIRECTION ( 'NONE',  ( 0.000000000000000000, 0.000000000000000000, -1.000000000000000000 ) ) ;
#5411 = UNCERTAINTY_MEASURE_WITH_UNIT (LENGTH_MEASURE( 1.000000000000000082E-05 ), #9007, 'distance_accuracy_value', 'NONE');
#5413 = LINE ( 'NONE', #1101, #5090 ) ;
#5414 = VERTEX_POINT ( 'NONE', #6172 ) ;
#5415 = DIRECTION ( 'NONE',  ( -1.000000000000000000, 0.000000000000000000, 0.000000000000000000 ) ) ;
#5416 = VERTEX_POINT ( 'NONE', #10588 ) ;
#5417 = SURFACE_STYLE_USAGE ( .BOTH. , #5533 ) ;
#5418 = VERTEX_POINT ( 'NONE', #2763 ) ;
#5419 = ADVANCED_FACE ( 'NONE', ( #9485 ), #6926, .T. ) ;
#5420 = VECTOR ( 'NONE', #3612, 1000.000000000000000 ) ;
#5421 = DIRECTION ( 'NONE',  ( 0.000000000000000000, 1.000000000000000000, -0.000000000000000000 ) ) ;
#5422 = DIRECTION ( 'NONE',  ( 0.000000000000000000, -0.000000000000000000, -1.000000000000000000 ) ) ;
#5423 = ORIENTED_EDGE ( 'NONE', *, *, #2129, .F. ) ;
#5424 = EDGE_CURVE ( 'NONE', #2667, #6603, #1561, .T. ) ;
#5425 = CARTESIAN_POINT ( 'NONE',  ( 2.500000000000000444, 0.04999999999999969746, 2.500000000000000000 ) ) ;
#5426 = CARTESIAN_POINT ( 'NONE',  ( -2.499999999999984013, 0.2000000000000000111, -0.3749999999999998890 ) ) ;
#5427 = VERTEX_POINT ( 'NONE', #4313 ) ;
#5428 = DIRECTION ( 'NONE',  ( 0.000000000000000000, 1.000000000000000000, -0.000000000000000000 ) ) ;
#5429 = ORIENTED_EDGE ( 'NONE', *, *, #5059, .F. ) ;
#5430 = EDGE_CURVE ( 'NONE', #7396, #5229, #9732, .T. ) ;
#5431 = CLOSED_SHELL ( 'NONE', ( #6590, #3205, #3940, #4966, #153, #5713, #3501 ) ) ;
#5432 = CIRCLE ( 'NONE', #11075, 0.1250000000000001110 ) ;
#5433 = DIRECTION ( 'NONE',  ( -0.000000000000000000, -0.000000000000000000, 1.000000000000000000 ) ) ;
#5434 = VERTEX_POINT ( 'NONE', #6062 ) ;
#5435 = ADVANCED_FACE ( 'NONE', ( #9550 ), #10861, .F. ) ;
#5436 = FACE_OUTER_BOUND ( 'NONE', #4877, .T. ) ;
#5437 = DIRECTION ( 'NONE',  ( -0.000000000000000000, -1.000000000000000000, -0.000000000000000000 ) ) ;
#5438 = ADVANCED_FACE ( 'NONE', ( #3746 ), #4764, .F. ) ;
#5439 = DIRECTION ( 'NONE',  ( -3.154042683594199163E-15, 0.000000000000000000, 1.000000000000000000 ) ) ;
#5440 = LINE ( 'NONE', #963, #9256 ) ;
#5441 = ORIENTED_EDGE ( 'NONE', *, *, #2096, .F. ) ;
#5442 = AXIS2_PLACEMENT_3D ( 'NONE', #2941, #3640, #330 ) ;
#5443 = LINE ( 'NONE', #10706, #2800 ) ;
#5444 = CIRCLE ( 'NONE', #9639, 0.1249999999999996808 ) ;
#5445 = ADVANCED_FACE ( 'NONE', ( #2065 ), #4602, .F. ) ;
#5446 = EDGE_CURVE ( 'NONE', #4928, #9331, #5548, .T. ) ;
#5447 = EDGE_CURVE ( 'NONE', #4636, #9800, #9945, .T. ) ;
#5448 = CIRCLE ( 'NONE', #535, 0.1250000000000001110 ) ;
#5449 = DIRECTION ( 'NONE',  ( 1.000000000000000000, 0.000000000000000000, -1.734723475976808475E-15 ) ) ;
#5450 = VERTEX_POINT ( 'NONE', #1957 ) ;
#5451 = FILL_AREA_STYLE_COLOUR ( '', #1493 ) ;
#5452 = CARTESIAN_POINT ( 'NONE',  ( -1.749999999999999334, 0.2000000000000000111, 2.225000000000001421 ) ) ;
#5453 = DIRECTION ( 'NONE',  ( -1.734723475976807094E-15, 0.000000000000000000, -1.000000000000000000 ) ) ;
#5454 = PLANE ( 'NONE',  #7097 ) ;
#5455 = EDGE_LOOP ( 'NONE', ( #8546, #10031, #9073, #302 ) ) ;
#5456 = ORIENTED_EDGE ( 'NONE', *, *, #1953, .F. ) ;
#5457 = CARTESIAN_POINT ( 'NONE',  ( 0.8750000000000002220, 0.2000000000000000111, -2.225000000000001421 ) ) ;
#5458 = VECTOR ( 'NONE', #1714, 1000.000000000000000 ) ;
#5459 = CIRCLE ( 'NONE', #10196, 0.1249999999999998890 ) ;
#5460 = EDGE_CURVE ( 'NONE', #50, #9689, #8326, .T. ) ;
#5461 = LINE ( 'NONE', #2082, #6214 ) ;
#5462 = CARTESIAN_POINT ( 'NONE',  ( 0.2500000000000002776, 0.2000000000000000111, 2.224999999999980105 ) ) ;
#5463 = PLANE ( 'NONE',  #1743 ) ;
#5464 = EDGE_LOOP ( 'NONE', ( #4223, #1360, #7588, #4235 ) ) ;
#5465 = CARTESIAN_POINT ( 'NONE',  ( -2.499999999999984013, 0.2000000000000000111, -0.1250000000000001110 ) ) ;
#5466 = DIRECTION ( 'NONE',  ( 0.000000000000000000, -1.000000000000000000, 0.000000000000000000 ) ) ;
#5467 = DIRECTION ( 'NONE',  ( -1.000000000000000000, -0.000000000000000000, -0.000000000000000000 ) ) ;
#5468 = CIRCLE ( 'NONE', #10017, 0.1250000000000001110 ) ;
#5469 = ORIENTED_EDGE ( 'NONE', *, *, #3106, .T. ) ;
#5470 = VECTOR ( 'NONE', #10212, 1000.000000000000000 ) ;
#5471 = PLANE ( 'NONE',  #1699 ) ;
#5472 = CARTESIAN_POINT ( 'NONE',  ( 0.2500000000000002776, 0.2000000000000000111, 2.224999999999980105 ) ) ;
#5473 = ORIENTED_EDGE ( 'NONE', *, *, #3986, .T. ) ;
#5474 = DIRECTION ( 'NONE',  ( -1.000000000000000000, 0.000000000000000000, 0.000000000000000000 ) ) ;
#5475 = VERTEX_POINT ( 'NONE', #2824 ) ;
#5476 = VECTOR ( 'NONE', #3741, 1000.000000000000000 ) ;
#5477 = CIRCLE ( 'NONE', #2359, 0.1249999999999998890 ) ;
#5478 = CIRCLE ( 'NONE', #1829, 0.1499999999999999667 ) ;
#5479 = DIRECTION ( 'NONE',  ( 0.000000000000000000, 1.000000000000000000, -0.000000000000000000 ) ) ;
#5480 = DIRECTION ( 'NONE',  ( 0.000000000000000000, 0.000000000000000000, -1.000000000000000000 ) ) ;
#5481 = ORIENTED_EDGE ( 'NONE', *, *, #8519, .F. ) ;
#5482 = CYLINDRICAL_SURFACE ( 'NONE', #11156, 0.1249999999999996808 ) ;
#5483 = DIRECTION ( 'NONE',  ( 0.000000000000000000, 0.000000000000000000, -1.000000000000000000 ) ) ;
#5484 = ORIENTED_EDGE ( 'NONE', *, *, #8085, .F. ) ;
#5485 = VECTOR ( 'NONE', #9692, 1000.000000000000000 ) ;
#5486 = FACE_OUTER_BOUND ( 'NONE', #4171, .T. ) ;
#5487 = ORIENTED_EDGE ( 'NONE', *, *, #9280, .T. ) ;
#5488 = CIRCLE ( 'NONE', #1467, 0.1249999999999998890 ) ;
#5489 = AXIS2_PLACEMENT_3D ( 'NONE', #5897, #11105, #1068 ) ;
#5490 = MECHANICAL_DESIGN_GEOMETRIC_PRESENTATION_REPRESENTATION (  '', ( #46 ), #1309 ) ;
#5491 = EDGE_CURVE ( 'NONE', #10303, #9530, #683, .T. ) ;
#5492 = DIRECTION ( 'NONE',  ( 0.000000000000000000, 1.000000000000000000, -0.000000000000000000 ) ) ;
#5493 = ADVANCED_FACE ( 'NONE', ( #8091 ), #5497, .T. ) ;
#5494 = FACE_OUTER_BOUND ( 'NONE', #2714, .T. ) ;
#5495 = ORIENTED_EDGE ( 'NONE', *, *, #285, .F. ) ;
#5496 = CARTESIAN_POINT ( 'NONE',  ( -0.1249999999999998196, 0.2000000000000000111, 2.499999999999999556 ) ) ;
#5497 = PLANE ( 'NONE',  #7061 ) ;
#5498 = LINE ( 'NONE', #10752, #9903 ) ;
#5499 = AXIS2_PLACEMENT_3D ( 'NONE', #2447, #5932, #7841 ) ;
#5500 = ORIENTED_EDGE ( 'NONE', *, *, #9916, .F. ) ;
#5501 = LINE ( 'NONE', #6179, #4071 ) ;
#5502 = VECTOR ( 'NONE', #809, 1000.000000000000000 ) ;
#5503 = EDGE_CURVE ( 'NONE', #11030, #9205, #9962, .T. ) ;
#5504 = VECTOR ( 'NONE', #1208, 1000.000000000000000 ) ;
#5505 = EDGE_CURVE ( 'NONE', #3869, #9463, #7228, .T. ) ;
#5506 = VECTOR ( 'NONE', #10375, 1000.000000000000000 ) ;
#5507 = CIRCLE ( 'NONE', #421, 0.1250000000000001110 ) ;
#5508 = DIRECTION ( 'NONE',  ( -0.000000000000000000, 0.000000000000000000, 1.000000000000000000 ) ) ;
#5509 = VERTEX_POINT ( 'NONE', #8245 ) ;
#5510 =( NAMED_UNIT ( * ) SI_UNIT ( $, .STERADIAN. ) SOLID_ANGLE_UNIT ( ) );
#5511 = CARTESIAN_POINT ( 'NONE',  ( -0.7499999999999995559, 0.000000000000000000, 2.099999999999990763 ) ) ;
#5512 = DIRECTION ( 'NONE',  ( 1.000000000000000000, 0.000000000000000000, 0.000000000000000000 ) ) ;
#5513 = DIRECTION ( 'NONE',  ( 0.000000000000000000, -1.000000000000000000, 0.000000000000000000 ) ) ;
#5514 = CARTESIAN_POINT ( 'NONE',  ( -1.374999999999999112, 0.2000000000000000111, -2.225000000000001421 ) ) ;
#5515 = ORIENTED_EDGE ( 'NONE', *, *, #6625, .T. ) ;
#5516 = DIRECTION ( 'NONE',  ( -0.000000000000000000, -1.000000000000000000, -0.000000000000000000 ) ) ;
#5517 = MECHANICAL_DESIGN_GEOMETRIC_PRESENTATION_REPRESENTATION (  '', ( #2041 ), #9711 ) ;
#5518 = VECTOR ( 'NONE', #1301, 1000.000000000000000 ) ;
#5519 = EDGE_CURVE ( 'NONE', #10365, #6348, #7389, .T. ) ;
#5520 = EDGE_CURVE ( 'NONE', #310, #1009, #8981, .T. ) ;
#5521 = EDGE_CURVE ( 'NONE', #9913, #7266, #6343, .T. ) ;
#5522 = CARTESIAN_POINT ( 'NONE',  ( 1.375000000000000000, 0.2000000000000000111, -2.500000000000000000 ) ) ;
#5523 = CARTESIAN_POINT ( 'NONE',  ( -0.1249999999999996531, 0.000000000000000000, -2.500000000000000000 ) ) ;
#5524 = DIRECTION ( 'NONE',  ( 0.000000000000000000, 0.000000000000000000, -1.000000000000000000 ) ) ;
#5525 = AXIS2_PLACEMENT_3D ( 'NONE', #4262, #10412, #7748 ) ;
#5526 = ORIENTED_EDGE ( 'NONE', *, *, #3246, .F. ) ;
#5527 = DIRECTION ( 'NONE',  ( 0.000000000000000000, 0.000000000000000000, 1.000000000000000000 ) ) ;
#5528 = LINE ( 'NONE', #9010, #3633 ) ;
#5529 = CARTESIAN_POINT ( 'NONE',  ( -2.499999999999999556, 0.9000000000000000222, 2.500000000000000000 ) ) ;
#5530 = ORIENTED_EDGE ( 'NONE', *, *, #325, .F. ) ;
#5531 = DIRECTION ( 'NONE',  ( -1.000000000000000000, 0.000000000000000000, 0.000000000000000000 ) ) ;
#5532 = VERTEX_POINT ( 'NONE', #2982 ) ;
#5533 = SURFACE_SIDE_STYLE ('',( #10730 ) ) ;
#5534 = VERTEX_POINT ( 'NONE', #9897 ) ;
#5535 = ORIENTED_EDGE ( 'NONE', *, *, #3617, .T. ) ;
#5536 = EDGE_CURVE ( 'NONE', #1573, #3511, #9832, .T. ) ;
#5537 = DIRECTION ( 'NONE',  ( 0.000000000000000000, -0.000000000000000000, 1.000000000000000000 ) ) ;
#5538 = ORIENTED_EDGE ( 'NONE', *, *, #9004, .F. ) ;
#5539 = CARTESIAN_POINT ( 'NONE',  ( 0.6250000000000003331, 0.2000000000000000111, 2.225000000000000977 ) ) ;
#5540 = DIRECTION ( 'NONE',  ( 1.000000000000000000, 0.000000000000000000, 0.000000000000000000 ) ) ;
#5541 = ORIENTED_EDGE ( 'NONE', *, *, #6867, .T. ) ;
#5542 = CARTESIAN_POINT ( 'NONE',  ( 0.1250000000000003608, 0.2000000000000000111, 2.225000000000000977 ) ) ;
#5543 = ORIENTED_EDGE ( 'NONE', *, *, #6114, .T. ) ;
#5544 = DIRECTION ( 'NONE',  ( 0.000000000000000000, 0.000000000000000000, 1.000000000000000000 ) ) ;
#5545 = LINE ( 'NONE', #9997, #8953 ) ;
#5546 = VERTEX_POINT ( 'NONE', #322 ) ;
#5547 = DIRECTION ( 'NONE',  ( -1.000000000000000000, -0.000000000000000000, -0.000000000000000000 ) ) ;
#5548 = LINE ( 'NONE', #2869, #10320 ) ;
#5549 = ORIENTED_EDGE ( 'NONE', *, *, #9207, .F. ) ;
#5550 = LINE ( 'NONE', #5922, #270 ) ;
#5551 = VECTOR ( 'NONE', #837, 1000.000000000000000 ) ;
#5552 = FACE_OUTER_BOUND ( 'NONE', #2543, .T. ) ;
#5553 = EDGE_CURVE ( 'NONE', #5987, #5216, #370, .T. ) ;
#5554 = CARTESIAN_POINT ( 'NONE',  ( 2.500000000000000000, 0.2000000000000000111, 1.374999999999999778 ) ) ;
#5555 = VERTEX_POINT ( 'NONE', #6506 ) ;
#5556 = LINE ( 'NONE', #8201, #2005 ) ;
#5557 = VERTEX_POINT ( 'NONE', #10000 ) ;
#5558 = EDGE_CURVE ( 'NONE', #9875, #827, #3851, .T. ) ;
#5559 = PLANE ( 'NONE',  #4625 ) ;
#5560 = DIRECTION ( 'NONE',  ( 7.885106708985523547E-16, 0.000000000000000000, 1.000000000000000000 ) ) ;
#5561 = CARTESIAN_POINT ( 'NONE',  ( 1.625000000000000000, 0.2000000000000000111, 2.499999999999999112 ) ) ;
#5562 = CARTESIAN_POINT ( 'NONE',  ( 2.225000000000001421, 0.04999999999999999584, -1.624999999999999556 ) ) ;
#5563 = ORIENTED_EDGE ( 'NONE', *, *, #4181, .F. ) ;
#5564 = DIRECTION ( 'NONE',  ( 0.000000000000000000, 1.000000000000000000, -0.000000000000000000 ) ) ;
#5565 = ORIENTED_EDGE ( 'NONE', *, *, #6209, .F. ) ;
#5566 = PLANE ( 'NONE',  #5311 ) ;
#5567 = CYLINDRICAL_SURFACE ( 'NONE', #3388, 0.1250000000000001110 ) ;
#5568 = CYLINDRICAL_SURFACE ( 'NONE', #5145, 0.1250000000000001110 ) ;
#5569 = ORIENTED_EDGE ( 'NONE', *, *, #5574, .F. ) ;
#5570 = ADVANCED_FACE ( 'NONE', ( #7278 ), #10223, .T. ) ;
#5571 = LINE ( 'NONE', #6369, #2576 ) ;
#5572 = LINE ( 'NONE', #6431, #10165 ) ;
#5573 = LINE ( 'NONE', #3773, #3649 ) ;
#5574 = EDGE_CURVE ( 'NONE', #1695, #7592, #10060, .T. ) ;
#5575 = VERTEX_POINT ( 'NONE', #5756 ) ;
#5576 = CARTESIAN_POINT ( 'NONE',  ( 0.2500000000000002776, 0.2000000000000000111, 2.224999999999980105 ) ) ;
#5577 = PLANE ( 'NONE',  #10916 ) ;
#5578 = ORIENTED_EDGE ( 'NONE', *, *, #3152, .T. ) ;
#5579 = SURFACE_STYLE_FILL_AREA ( #1990 ) ;
#5580 = CARTESIAN_POINT ( 'NONE',  ( -2.499999999999978684, 0.2000000000000000111, 0.3749999999999998890 ) ) ;
#5581 = FILL_AREA_STYLE_COLOUR ( '', #10950 ) ;
#5582 = EDGE_CURVE ( 'NONE', #191, #11014, #9411, .T. ) ;
#5583 = ORIENTED_EDGE ( 'NONE', *, *, #7557, .F. ) ;
#5584 = CARTESIAN_POINT ( 'NONE',  ( 2.224999999999975220, 0.04999999999999999584, -0.8749999999999998890 ) ) ;
#5585 = PLANE ( 'NONE',  #3410 ) ;
#5586 = EDGE_CURVE ( 'NONE', #8691, #7387, #4125, .T. ) ;
#5587 = ORIENTED_EDGE ( 'NONE', *, *, #9902, .F. ) ;
#5588 = CARTESIAN_POINT ( 'NONE',  ( -2.499999999999999556, 0.04999999999999969746, 2.500000000000000000 ) ) ;
#5589 = VERTEX_POINT ( 'NONE', #8409 ) ;
#5590 = APPLICATION_CONTEXT ( 'automotive_design' ) ;
#5591 = DIRECTION ( 'NONE',  ( 0.000000000000000000, 0.000000000000000000, 1.000000000000000000 ) ) ;
#5592 = DIRECTION ( 'NONE',  ( 0.000000000000000000, -1.000000000000000000, 0.000000000000000000 ) ) ;
#5593 = EDGE_LOOP ( 'NONE', ( #3507, #462, #899, #8504 ) ) ;
#5594 = DIRECTION ( 'NONE',  ( 0.000000000000000000, 0.000000000000000000, -1.000000000000000000 ) ) ;
#5595 = CARTESIAN_POINT ( 'NONE',  ( -2.499999999999999556, 0.04999999999999969746, 2.500000000000000000 ) ) ;
#5596 = EDGE_CURVE ( 'NONE', #7528, #310, #1490, .T. ) ;
#5597 = DIRECTION ( 'NONE',  ( 0.000000000000000000, 1.000000000000000000, -0.000000000000000000 ) ) ;
#5598 = LINE ( 'NONE', #9089, #4661 ) ;
#5599 = VECTOR ( 'NONE', #2434, 1000.000000000000000 ) ;
#5600 = CLOSED_SHELL ( 'NONE', ( #7446, #11140, #2069, #10953, #3928, #7469 ) ) ;
#5601 = LINE ( 'NONE', #4773, #10942 ) ;
#5602 = VERTEX_POINT ( 'NONE', #594 ) ;
#5603 = CARTESIAN_POINT ( 'NONE',  ( 0.1250000000000004163, 0.000000000000000000, 2.499999999999999556 ) ) ;
#5604 = AXIS2_PLACEMENT_3D ( 'NONE', #6536, #9273, #2195 ) ;
#5605 = ORIENTED_EDGE ( 'NONE', *, *, #1511, .T. ) ;
#5606 = LINE ( 'NONE', #7397, #4245 ) ;
#5607 = LINE ( 'NONE', #3919, #3526 ) ;
#5608 = FACE_OUTER_BOUND ( 'NONE', #679, .T. ) ;
#5609 = DIRECTION ( 'NONE',  ( -0.000000000000000000, -1.000000000000000000, -0.000000000000000000 ) ) ;
#5610 = VECTOR ( 'NONE', #9348, 1000.000000000000000 ) ;
#5611 = ORIENTED_EDGE ( 'NONE', *, *, #8120, .T. ) ;
#5612 = LINE ( 'NONE', #9321, #6242 ) ;
#5613 = ORIENTED_EDGE ( 'NONE', *, *, #10865, .F. ) ;
#5614 = VERTEX_POINT ( 'NONE', #9247 ) ;
#5615 = VECTOR ( 'NONE', #7351, 1000.000000000000000 ) ;
#5616 = ADVANCED_FACE ( 'NONE', ( #7564 ), #7502, .T. ) ;
#5617 = DIRECTION ( 'NONE',  ( 0.000000000000000000, -1.000000000000000000, 0.000000000000000000 ) ) ;
#5618 = EDGE_CURVE ( 'NONE', #8023, #931, #11079, .T. ) ;
#5619 = CARTESIAN_POINT ( 'NONE',  ( 1.875000000000000000, 0.2000000000000000111, -2.500000000000000000 ) ) ;
#5620 = DIRECTION ( 'NONE',  ( -1.000000000000000000, -0.000000000000000000, -0.000000000000000000 ) ) ;
#5621 = ORIENTED_EDGE ( 'NONE', *, *, #9612, .F. ) ;
#5622 = PLANE ( 'NONE',  #6239 ) ;
#5623 = CARTESIAN_POINT ( 'NONE',  ( 0.1250000000000004163, 0.2000000000000000111, 2.499999999999999556 ) ) ;
#5624 = PLANE ( 'NONE',  #8534 ) ;
#5625 = ORIENTED_EDGE ( 'NONE', *, *, #10832, .F. ) ;
#5626 = CYLINDRICAL_SURFACE ( 'NONE', #4372, 0.1250000000000001110 ) ;
#5627 = VERTEX_POINT ( 'NONE', #1432 ) ;
#5628 =( LENGTH_UNIT ( ) NAMED_UNIT ( * ) SI_UNIT ( .MILLI., .METRE. ) );
#5629 = VECTOR ( 'NONE', #8557, 1000.000000000000000 ) ;
#5630 = VECTOR ( 'NONE', #3010, 1000.000000000000000 ) ;
#5631 = EDGE_CURVE ( 'NONE', #7451, #540, #6631, .T. ) ;
#5632 = AXIS2_PLACEMENT_3D ( 'NONE', #9568, #10491, #10428 ) ;
#5633 = VECTOR ( 'NONE', #7941, 1000.000000000000000 ) ;
#5634 = PLANE ( 'NONE',  #6752 ) ;
#5635 = CARTESIAN_POINT ( 'NONE',  ( -1.800000000000000044, 0.2000000000000000111, -1.424999999999999822 ) ) ;
#5636 = VECTOR ( 'NONE', #11040, 1000.000000000000000 ) ;
#5637 = EDGE_CURVE ( 'NONE', #976, #3344, #6326, .T. ) ;
#5638 = DIRECTION ( 'NONE',  ( 0.000000000000000000, -1.000000000000000000, 0.000000000000000000 ) ) ;
#5639 = EDGE_LOOP ( 'NONE', ( #9753, #3515, #5549, #10676 ) ) ;
#5640 = LINE ( 'NONE', #198, #5143 ) ;
#5641 = CARTESIAN_POINT ( 'NONE',  ( -1.800000000000000044, 0.000000000000000000, -1.300000000000000044 ) ) ;
#5642 = EDGE_LOOP ( 'NONE', ( #10789, #568, #6061, #7776, #9452, #9215, #10119, #4412, #2964, #9441, #294, #10355, #10646, #4816, #9735, #88, #5124, #828, #3365, #9030, #4493, #3196, #4747, #6100, #7950, #9186, #1628, #8401, #6083, #7894, #4650, #3548, #4656, #11089, #1530, #8397, #8370, #3279, #2175, #2781, #9749, #2788, #4126, #6742, #525, #7164, #1007, #6309, #3602, #8827, #682, #188, #1515, #4982, #6648, #1417, #6717, #368, #4330, #9589, #10263, #1357, #8599, #7953, #2389, #7138, #1480, #6023, #3764, #10680, #9966, #7799, #2860, #10421, #1635, #10938, #1401, #2046, #10967, #10332, #9569, #7252, #2103, #719, #9677, #8725, #10667, #2688, #6623, #3916, #8362, #2126, #8287, #4251, #9706, #7401, #5189, #2958, #6295, #8606, #4557, #2140, #576, #8103, #9988, #1904, #8407, #785, #10573, #6320, #3531, #4851, #8042, #11051, #5806, #2886, #9167, #2832, #10973, #1500, #11064, #3440, #11218, #5977, #8541, #3646, #4686, #3366, #3787, #3193, #6526, #2742, #3917, #9593, #8308, #1865, #6660, #4447, #5990, #9600 ) ) ;
#5643 = DIRECTION ( 'NONE',  ( -0.000000000000000000, -1.000000000000000000, -0.000000000000000000 ) ) ;
#5644 = ORIENTED_EDGE ( 'NONE', *, *, #11164, .F. ) ;
#5645 = DIRECTION ( 'NONE',  ( 0.000000000000000000, 0.000000000000000000, -1.000000000000000000 ) ) ;
#5646 = VECTOR ( 'NONE', #7743, 1000.000000000000000 ) ;
#5647 = VECTOR ( 'NONE', #2438, 1000.000000000000000 ) ;
#5648 = EDGE_CURVE ( 'NONE', #10476, #1771, #6683, .T. ) ;
#5649 = EDGE_CURVE ( 'NONE', #6640, #10842, #10158, .T. ) ;
#5650 = EDGE_CURVE ( 'NONE', #17, #9696, #6744, .T. ) ;
#5651 = VECTOR ( 'NONE', #6890, 1000.000000000000000 ) ;
#5652 = ORIENTED_EDGE ( 'NONE', *, *, #7341, .T. ) ;
#5653 = CARTESIAN_POINT ( 'NONE',  ( -1.249999999999999556, 0.2000000000000000111, 2.224999999999996092 ) ) ;
#5654 = DIRECTION ( 'NONE',  ( -1.000000000000000000, -0.000000000000000000, -0.000000000000000000 ) ) ;
#5655 = AXIS2_PLACEMENT_3D ( 'NONE', #3686, #6116, #3563 ) ;
#5656 = CYLINDRICAL_SURFACE ( 'NONE', #4289, 0.1250000000000001110 ) ;
#5657 = AXIS2_PLACEMENT_3D ( 'NONE', #8192, #3850, #8090 ) ;
#5658 = ADVANCED_FACE ( 'NONE', ( #8468 ), #6807, .F. ) ;
#5659 =( GEOMETRIC_REPRESENTATION_CONTEXT ( 3 ) GLOBAL_UNCERTAINTY_ASSIGNED_CONTEXT ( ( #874 ) ) GLOBAL_UNIT_ASSIGNED_CONTEXT ( ( #6978, #3733, #1897 ) ) REPRESENTATION_CONTEXT ( 'NONE', 'WORKASPACE' ) );
#5660 = DIRECTION ( 'NONE',  ( 0.000000000000000000, 0.000000000000000000, 1.000000000000000000 ) ) ;
#5661 = ORIENTED_EDGE ( 'NONE', *, *, #3648, .T. ) ;
#5662 = DIRECTION ( 'NONE',  ( -0.000000000000000000, -1.000000000000000000, -0.000000000000000000 ) ) ;
#5663 = ORIENTED_EDGE ( 'NONE', *, *, #4051, .T. ) ;
#5664 = CARTESIAN_POINT ( 'NONE',  ( 0.6250000000000004441, 0.2000000000000000111, -2.225000000000001421 ) ) ;
#5665 = LINE ( 'NONE', #7349, #7542 ) ;
#5666 = CARTESIAN_POINT ( 'NONE',  ( -2.224999999999990319, 0.2000000000000000111, -0.7500000000000000000 ) ) ;
#5667 = CARTESIAN_POINT ( 'NONE',  ( 2.500000000000000000, 0.000000000000000000, 0.8749999999999996669 ) ) ;
#5668 = AXIS2_PLACEMENT_3D ( 'NONE', #635, #10313, #3411 ) ;
#5669 = EDGE_LOOP ( 'NONE', ( #8049, #6722, #2420, #1951 ) ) ;
#5670 = LINE ( 'NONE', #5220, #6048 ) ;
#5671 = VERTEX_POINT ( 'NONE', #8515 ) ;
#5672 = ORIENTED_EDGE ( 'NONE', *, *, #6647, .F. ) ;
#5673 = ADVANCED_FACE ( 'NONE', ( #654 ), #3251, .F. ) ;
#5674 = VECTOR ( 'NONE', #10677, 1000.000000000000000 ) ;
#5675 = AXIS2_PLACEMENT_3D ( 'NONE', #7018, #6133, #9624 ) ;
#5676 = LINE ( 'NONE', #1349, #9493 ) ;
#5677 = CARTESIAN_POINT ( 'NONE',  ( 0.6250000000000003331, 0.2000000000000000111, 2.225000000000000977 ) ) ;
#5678 = FILL_AREA_STYLE ('',( #1245 ) ) ;
#5679 = ORIENTED_EDGE ( 'NONE', *, *, #5023, .F. ) ;
#5680 = CARTESIAN_POINT ( 'NONE',  ( 1.874999999999999778, 0.2000000000000000111, 2.225000000000000533 ) ) ;
#5681 = CARTESIAN_POINT ( 'NONE',  ( -1.124999999999999556, 0.2000000000000000111, 2.499999999999999556 ) ) ;
#5682 = LINE ( 'NONE', #4889, #6888 ) ;
#5683 = VECTOR ( 'NONE', #7185, 1000.000000000000000 ) ;
#5684 = ORIENTED_EDGE ( 'NONE', *, *, #9948, .F. ) ;
#5685 = VECTOR ( 'NONE', #9174, 1000.000000000000000 ) ;
#5686 = CARTESIAN_POINT ( 'NONE',  ( -0.3749999999999996114, 0.04999999999999999584, 2.225000000000000977 ) ) ;
#5687 = ORIENTED_EDGE ( 'NONE', *, *, #5753, .F. ) ;
#5688 = DIRECTION ( 'NONE',  ( 0.000000000000000000, -0.000000000000000000, -1.000000000000000000 ) ) ;
#5689 = VECTOR ( 'NONE', #8112, 1000.000000000000000 ) ;
#5690 = EDGE_CURVE ( 'NONE', #6603, #11148, #2448, .T. ) ;
#5691 = STYLED_ITEM ( 'NONE', ( #8758 ), #11270 ) ;
#5692 = AXIS2_PLACEMENT_3D ( 'NONE', #6067, #5041, #10288 ) ;
#5693 = VECTOR ( 'NONE', #10114, 1000.000000000000000 ) ;
#5694 = FACE_OUTER_BOUND ( 'NONE', #6215, .T. ) ;
#5695 = CARTESIAN_POINT ( 'NONE',  ( -2.499999999999999556, 0.2000000000000000111, -1.875000000000000000 ) ) ;
#5696 = SURFACE_STYLE_FILL_AREA ( #355 ) ;
#5697 = ORIENTED_EDGE ( 'NONE', *, *, #8054, .F. ) ;
#5698 = CARTESIAN_POINT ( 'NONE',  ( -2.224999999999964562, 0.2000000000000000111, 1.750000000000000000 ) ) ;
#5699 = CARTESIAN_POINT ( 'NONE',  ( -2.224999999999974776, 0.2000000000000000111, 0.6250000000000001110 ) ) ;
#5700 = EDGE_LOOP ( 'NONE', ( #3175, #25, #3770, #8685 ) ) ;
#5701 = CARTESIAN_POINT ( 'NONE',  ( 2.500000000000000000, 0.04999999999999999584, 0.6249999999999998890 ) ) ;
#5702 = ORIENTED_EDGE ( 'NONE', *, *, #1894, .T. ) ;
#5703 = EDGE_CURVE ( 'NONE', #11142, #403, #6569, .T. ) ;
#5704 = MECHANICAL_DESIGN_GEOMETRIC_PRESENTATION_REPRESENTATION (  '', ( #268 ), #9170 ) ;
#5705 = ORIENTED_EDGE ( 'NONE', *, *, #5904, .T. ) ;
#5706 = ORIENTED_EDGE ( 'NONE', *, *, #6565, .F. ) ;
#5707 =( GEOMETRIC_REPRESENTATION_CONTEXT ( 3 ) GLOBAL_UNCERTAINTY_ASSIGNED_CONTEXT ( ( #3822 ) ) GLOBAL_UNIT_ASSIGNED_CONTEXT ( ( #2419, #4798, #9385 ) ) REPRESENTATION_CONTEXT ( 'NONE', 'WORKASPACE' ) );
#5708 = DIRECTION ( 'NONE',  ( 1.000000000000000000, 0.000000000000000000, -0.000000000000000000 ) ) ;
#5709 = LINE ( 'NONE', #9143, #5117 ) ;
#5710 = ORIENTED_EDGE ( 'NONE', *, *, #5008, .F. ) ;
#5711 = DIRECTION ( 'NONE',  ( 0.000000000000000000, 0.000000000000000000, 1.000000000000000000 ) ) ;
#5712 = DIRECTION ( 'NONE',  ( -0.000000000000000000, -0.000000000000000000, 1.000000000000000000 ) ) ;
#5713 = ADVANCED_FACE ( 'NONE', ( #3147 ), #6160, .F. ) ;
#5714 = EDGE_CURVE ( 'NONE', #5214, #2452, #134, .T. ) ;
#5715 = CARTESIAN_POINT ( 'NONE',  ( 2.500000000000000444, 0.2000000000000000111, -1.874999999999998446 ) ) ;
#5716 = CARTESIAN_POINT ( 'NONE',  ( -0.8749999999999994449, 0.2000000000000000111, 2.499999999999999556 ) ) ;
#5717 = ORIENTED_EDGE ( 'NONE', *, *, #5313, .T. ) ;
#5718 = CARTESIAN_POINT ( 'NONE',  ( -2.499999999999963141, 0.2000000000000000111, 1.875000000000000000 ) ) ;
#5719 = ORIENTED_EDGE ( 'NONE', *, *, #10257, .F. ) ;
#5720 = EDGE_CURVE ( 'NONE', #9622, #9397, #6224, .T. ) ;
#5721 = DIRECTION ( 'NONE',  ( 0.000000000000000000, 0.000000000000000000, 1.000000000000000000 ) ) ;
#5722 = DIRECTION ( 'NONE',  ( -0.000000000000000000, -1.000000000000000000, -0.000000000000000000 ) ) ;
#5723 = CARTESIAN_POINT ( 'NONE',  ( -0.8749999999999993339, 0.2000000000000000111, -2.225000000000001421 ) ) ;
#5724 = DIRECTION ( 'NONE',  ( -1.971276677246380640E-16, 0.000000000000000000, -1.000000000000000000 ) ) ;
#5725 = EDGE_CURVE ( 'NONE', #6933, #1136, #8636, .T. ) ;
#5726 = ORIENTED_EDGE ( 'NONE', *, *, #10805, .T. ) ;
#5727 = LINE ( 'NONE', #1450, #1684 ) ;
#5728 = EDGE_LOOP ( 'NONE', ( #5705, #2439, #11147, #9536 ) ) ;
#5729 = DIRECTION ( 'NONE',  ( -0.000000000000000000, -1.000000000000000000, -0.000000000000000000 ) ) ;
#5730 = DIRECTION ( 'NONE',  ( 1.000000000000000000, -0.000000000000000000, -0.000000000000000000 ) ) ;
#5731 = ORIENTED_EDGE ( 'NONE', *, *, #8902, .T. ) ;
#5732 = LINE ( 'NONE', #6534, #9712 ) ;
#5734 = DIRECTION ( 'NONE',  ( 0.000000000000000000, 0.000000000000000000, -1.000000000000000000 ) ) ;
#5733 = UNCERTAINTY_MEASURE_WITH_UNIT (LENGTH_MEASURE( 1.000000000000000082E-05 ), #5628, 'distance_accuracy_value', 'NONE');
#5735 = FACE_OUTER_BOUND ( 'NONE', #10693, .T. ) ;
#5736 = VERTEX_POINT ( 'NONE', #7100 ) ;
#5737 = SURFACE_SIDE_STYLE ('',( #5004 ) ) ;
#5738 = DIRECTION ( 'NONE',  ( 1.000000000000000000, 0.000000000000000000, -7.885106708985523547E-16 ) ) ;
#5739 = ORIENTED_EDGE ( 'NONE', *, *, #6874, .T. ) ;
#5740 = CARTESIAN_POINT ( 'NONE',  ( -2.499999999999989342, 0.2000000000000000111, -0.6250000000000001110 ) ) ;
#5741 = FACE_OUTER_BOUND ( 'NONE', #6334, .T. ) ;
#5742 = SURFACE_STYLE_USAGE ( .BOTH. , #5792 ) ;
#5743 = VERTEX_POINT ( 'NONE', #949 ) ;
#5744 = CARTESIAN_POINT ( 'NONE',  ( -2.499999999999963141, 0.000000000000000000, 1.625000000000000222 ) ) ;
#5745 = DIRECTION ( 'NONE',  ( -0.000000000000000000, -1.000000000000000000, -0.000000000000000000 ) ) ;
#5746 = VERTEX_POINT ( 'NONE', #27 ) ;
#5747 = EDGE_CURVE ( 'NONE', #3479, #9499, #775, .T. ) ;
#5748 = DIRECTION ( 'NONE',  ( -1.000000000000000000, 0.000000000000000000, 0.000000000000000000 ) ) ;
#5749 = ORIENTED_EDGE ( 'NONE', *, *, #286, .F. ) ;
#5750 = FILL_AREA_STYLE ('',( #10105 ) ) ;
#5751 = VERTEX_POINT ( 'NONE', #4357 ) ;
#5752 =( LENGTH_UNIT ( ) NAMED_UNIT ( * ) SI_UNIT ( .MILLI., .METRE. ) );
#5753 = EDGE_CURVE ( 'NONE', #10543, #4480, #2683, .T. ) ;
#5754 = ORIENTED_EDGE ( 'NONE', *, *, #6325, .T. ) ;
#5755 = PLANE ( 'NONE',  #4049 ) ;
#5756 = CARTESIAN_POINT ( 'NONE',  ( -2.499999999999999556, 0.2000000000000000111, -1.875000000000000000 ) ) ;
#5757 = EDGE_CURVE ( 'NONE', #1000, #7070, #3494, .T. ) ;
#5758 = CARTESIAN_POINT ( 'NONE',  ( 2.500000000000000000, 0.2000000000000000111, -1.374999999999999334 ) ) ;
#5759 = EDGE_CURVE ( 'NONE', #8823, #4513, #5375, .T. ) ;
#5760 = LINE ( 'NONE', #6687, #4742 ) ;
#5761 = LINE ( 'NONE', #8416, #2186 ) ;
#5762 = ORIENTED_EDGE ( 'NONE', *, *, #10687, .F. ) ;
#5763 = DIRECTION ( 'NONE',  ( 0.000000000000000000, -1.000000000000000000, 0.000000000000000000 ) ) ;
#5764 = ORIENTED_EDGE ( 'NONE', *, *, #712, .F. ) ;
#5765 = CARTESIAN_POINT ( 'NONE',  ( -2.224999999999995648, 0.2000000000000000111, -1.125000000000000222 ) ) ;
#5766 = CARTESIAN_POINT ( 'NONE',  ( 1.125000000000000222, 0.2000000000000000111, -2.500000000000000000 ) ) ;
#5767 = LINE ( 'NONE', #4140, #9666 ) ;
#5768 = LINE ( 'NONE', #3967, #8024 ) ;
#5769 = ORIENTED_EDGE ( 'NONE', *, *, #1700, .T. ) ;
#5770 = DIRECTION ( 'NONE',  ( -0.000000000000000000, -1.000000000000000000, -0.000000000000000000 ) ) ;
#5771 = CLOSED_SHELL ( 'NONE', ( #1666, #5846, #4301, #8074, #1070, #8724 ) ) ;
#5772 = EDGE_CURVE ( 'NONE', #3994, #836, #9650, .T. ) ;
#5773 = EDGE_CURVE ( 'NONE', #1009, #680, #9978, .T. ) ;
#5774 = ADVANCED_FACE ( 'NONE', ( #1835 ), #1005, .T. ) ;
#5775 = VECTOR ( 'NONE', #974, 1000.000000000000000 ) ;
#5776 = DIRECTION ( 'NONE',  ( 0.000000000000000000, -0.000000000000000000, -1.000000000000000000 ) ) ;
#5777 = DIRECTION ( 'NONE',  ( 0.000000000000000000, -0.000000000000000000, -1.000000000000000000 ) ) ;
#5778 = VECTOR ( 'NONE', #2357, 1000.000000000000000 ) ;
#5779 = ORIENTED_EDGE ( 'NONE', *, *, #5023, .T. ) ;
#5780 = DIRECTION ( 'NONE',  ( 0.000000000000000000, 0.000000000000000000, -1.000000000000000000 ) ) ;
#5781 = CARTESIAN_POINT ( 'NONE',  ( -0.6249999999999995559, 0.2000000000000000111, -2.225000000000001421 ) ) ;
#5782 = CARTESIAN_POINT ( 'NONE',  ( -2.499999999999984013, 0.2000000000000000111, -0.3749999999999998890 ) ) ;
#5783 = ORIENTED_EDGE ( 'NONE', *, *, #2863, .F. ) ;
#5784 = PRESENTATION_STYLE_ASSIGNMENT (( #3173 ) ) ;
#5785 = DIRECTION ( 'NONE',  ( 0.000000000000000000, 0.000000000000000000, -1.000000000000000000 ) ) ;
#5786 = VERTEX_POINT ( 'NONE', #11207 ) ;
#5787 = ORIENTED_EDGE ( 'NONE', *, *, #6046, .F. ) ;
#5788 = AXIS2_PLACEMENT_3D ( 'NONE', #1448, #11041, #2993 ) ;
#5789 = EDGE_CURVE ( 'NONE', #9254, #9760, #2503, .T. ) ;
#5790 = DIRECTION ( 'NONE',  ( 0.000000000000000000, 0.000000000000000000, -1.000000000000000000 ) ) ;
#5791 = CARTESIAN_POINT ( 'NONE',  ( 2.225000000000001421, 0.2000000000000000111, -1.624999999999999556 ) ) ;
#5792 = SURFACE_SIDE_STYLE ('',( #3181 ) ) ;
#5793 = PRESENTATION_LAYER_ASSIGNMENT (  '', '', ( #8551 ) ) ;
#5794 = ORIENTED_EDGE ( 'NONE', *, *, #8085, .T. ) ;
#5795 = DIRECTION ( 'NONE',  ( -0.000000000000000000, -1.000000000000000000, -0.000000000000000000 ) ) ;
#5796 = CARTESIAN_POINT ( 'NONE',  ( -1.800000000000000044, 0.2000000000000000111, 1.649999999999998579 ) ) ;
#5797 = DIRECTION ( 'NONE',  ( -0.000000000000000000, -0.000000000000000000, 1.000000000000000000 ) ) ;
#5798 = AXIS2_PLACEMENT_3D ( 'NONE', #3659, #10445, #4458 ) ;
#5799 = ORIENTED_EDGE ( 'NONE', *, *, #1345, .T. ) ;
#5800 = PLANE ( 'NONE',  #8109 ) ;
#5801 = DIRECTION ( 'NONE',  ( 0.000000000000000000, 1.000000000000000000, -0.000000000000000000 ) ) ;
#5802 = ORIENTED_EDGE ( 'NONE', *, *, #235, .T. ) ;
#5803 =( LENGTH_UNIT ( ) NAMED_UNIT ( * ) SI_UNIT ( .MILLI., .METRE. ) );
#5804 = VERTEX_POINT ( 'NONE', #9538 ) ;
#5805 = ORIENTED_EDGE ( 'NONE', *, *, #5151, .F. ) ;
#5806 = ORIENTED_EDGE ( 'NONE', *, *, #8565, .F. ) ;
#5807 = AXIS2_PLACEMENT_3D ( 'NONE', #5953, #8605, #7873 ) ;
#5808 = CIRCLE ( 'NONE', #4195, 0.1249999999999998890 ) ;
#5809 = CIRCLE ( 'NONE', #4745, 0.1249999999999996808 ) ;
#5810 = CARTESIAN_POINT ( 'NONE',  ( 2.225000000000001421, 0.2000000000000000111, -1.624999999999999556 ) ) ;
#5811 = ORIENTED_EDGE ( 'NONE', *, *, #4859, .T. ) ;
#5812 = FACE_OUTER_BOUND ( 'NONE', #10882, .T. ) ;
#5813 = DIRECTION ( 'NONE',  ( -0.000000000000000000, -1.000000000000000000, -0.000000000000000000 ) ) ;
#5814 = VECTOR ( 'NONE', #9142, 1000.000000000000000 ) ;
#5815 = ORIENTED_EDGE ( 'NONE', *, *, #10766, .T. ) ;
#5816 = AXIS2_PLACEMENT_3D ( 'NONE', #950, #4416, #7163 ) ;
#5817 = LINE ( 'NONE', #3957, #5693 ) ;
#5818 = EDGE_CURVE ( 'NONE', #403, #1843, #10516, .T. ) ;
#5819 = ADVANCED_FACE ( 'NONE', ( #4306 ), #1775, .T. ) ;
#5820 = VECTOR ( 'NONE', #209, 1000.000000000000000 ) ;
#5821 = CARTESIAN_POINT ( 'NONE',  ( 1.749999999999999778, 0.2000000000000000111, 2.224999999999964118 ) ) ;
#5822 = CARTESIAN_POINT ( 'NONE',  ( -1.849999999999999645, 0.9000000000000000222, -1.850000000000000089 ) ) ;
#5823 = ORIENTED_EDGE ( 'NONE', *, *, #2567, .T. ) ;
#5824 = FACE_OUTER_BOUND ( 'NONE', #332, .T. ) ;
#5825 = EDGE_LOOP ( 'NONE', ( #2272, #8082, #10947, #5543 ) ) ;
#5826 =( NAMED_UNIT ( * ) SI_UNIT ( $, .STERADIAN. ) SOLID_ANGLE_UNIT ( ) );
#5827 = CARTESIAN_POINT ( 'NONE',  ( 1.625000000000000000, 0.2000000000000000111, -2.500000000000000000 ) ) ;
#5828 = PLANE ( 'NONE',  #1127 ) ;
#5829 = DIRECTION ( 'NONE',  ( 1.000000000000000000, 0.000000000000000000, -0.000000000000000000 ) ) ;
#5830 = VECTOR ( 'NONE', #496, 1000.000000000000000 ) ;
#5831 = VERTEX_POINT ( 'NONE', #3432 ) ;
#5832 = CARTESIAN_POINT ( 'NONE',  ( 2.500000000000000000, 0.000000000000000000, -1.624999999999999556 ) ) ;
#5833 = VECTOR ( 'NONE', #6552, 1000.000000000000000 ) ;
#5834 = CYLINDRICAL_SURFACE ( 'NONE', #3683, 0.1249999999999998890 ) ;
#5835 =( LENGTH_UNIT ( ) NAMED_UNIT ( * ) SI_UNIT ( .MILLI., .METRE. ) );
#5836 = EDGE_LOOP ( 'NONE', ( #8859, #9915, #842, #9014 ) ) ;
#5837 = DIRECTION ( 'NONE',  ( 0.000000000000000000, 0.000000000000000000, -1.000000000000000000 ) ) ;
#5838 = DIRECTION ( 'NONE',  ( 0.000000000000000000, 0.000000000000000000, -1.000000000000000000 ) ) ;
#5839 = FACE_OUTER_BOUND ( 'NONE', #2678, .T. ) ;
#5840 = VERTEX_POINT ( 'NONE', #86 ) ;
#5841 = DIRECTION ( 'NONE',  ( 0.000000000000000000, -1.000000000000000000, 0.000000000000000000 ) ) ;
#5842 = EDGE_LOOP ( 'NONE', ( #5769, #1188, #10151, #1197 ) ) ;
#5843 = VERTEX_POINT ( 'NONE', #3558 ) ;
#5844 = ORIENTED_EDGE ( 'NONE', *, *, #4691, .T. ) ;
#5845 = ADVANCED_FACE ( 'NONE', ( #7041 ), #6913, .T. ) ;
#5846 = ADVANCED_FACE ( 'NONE', ( #2151 ), #5585, .F. ) ;
#5847 = EDGE_CURVE ( 'NONE', #7660, #5887, #9072, .T. ) ;
#5848 = EDGE_LOOP ( 'NONE', ( #3168, #8232, #7495, #4348 ) ) ;
#5849 = AXIS2_PLACEMENT_3D ( 'NONE', #6630, #1431, #4916 ) ;
#5850 =( GEOMETRIC_REPRESENTATION_CONTEXT ( 3 ) GLOBAL_UNCERTAINTY_ASSIGNED_CONTEXT ( ( #5411 ) ) GLOBAL_UNIT_ASSIGNED_CONTEXT ( ( #9007, #1351, #10024 ) ) REPRESENTATION_CONTEXT ( 'NONE', 'WORKASPACE' ) );
#5851 = LINE ( 'NONE', #2146, #8763 ) ;
#5852 = PRESENTATION_LAYER_ASSIGNMENT (  '', '', ( #6987 ) ) ;
#5853 = DIRECTION ( 'NONE',  ( 1.000000000000000000, 0.000000000000000000, 0.000000000000000000 ) ) ;
#5854 = VECTOR ( 'NONE', #7598, 1000.000000000000000 ) ;
#5855 = FACE_OUTER_BOUND ( 'NONE', #10897, .T. ) ;
#5856 = EDGE_LOOP ( 'NONE', ( #10618, #9758, #1502, #7085 ) ) ;
#5857 = CARTESIAN_POINT ( 'NONE',  ( -2.499999999999984013, 0.000000000000000000, -0.3749999999999998890 ) ) ;
#5858 = CARTESIAN_POINT ( 'NONE',  ( -2.224999999999980105, 0.2000000000000000111, 0.2500000000000000000 ) ) ;
#5859 = CARTESIAN_POINT ( 'NONE',  ( 2.225000000000001421, 0.2000000000000000111, -0.6250000000000001110 ) ) ;
#5860 = CARTESIAN_POINT ( 'NONE',  ( -2.224999999999985434, 0.2000000000000000111, -0.3749999999999998890 ) ) ;
#5861 = VECTOR ( 'NONE', #2125, 1000.000000000000000 ) ;
#5862 = ORIENTED_EDGE ( 'NONE', *, *, #618, .T. ) ;
#5863 = PLANE ( 'NONE',  #6974 ) ;
#5864 = CARTESIAN_POINT ( 'NONE',  ( -2.499999999999968470, 0.04999999999999999584, 1.375000000000000000 ) ) ;
#5865 = EDGE_LOOP ( 'NONE', ( #853, #3096, #4264, #8903 ) ) ;
#5866 =( NAMED_UNIT ( * ) PLANE_ANGLE_UNIT ( ) SI_UNIT ( $, .RADIAN. ) );
#5867 = EDGE_CURVE ( 'NONE', #9622, #1000, #5236, .T. ) ;
#5868 = EDGE_CURVE ( 'NONE', #4999, #11014, #1071, .T. ) ;
#5869 = EDGE_LOOP ( 'NONE', ( #6230, #8490, #4192, #4098 ) ) ;
#5870 = ORIENTED_EDGE ( 'NONE', *, *, #5382, .T. ) ;
#5871 = AXIS2_PLACEMENT_3D ( 'NONE', #1734, #10346, #788 ) ;
#5872 = VECTOR ( 'NONE', #3756, 1000.000000000000000 ) ;
#5873 = DIRECTION ( 'NONE',  ( 1.000000000000000000, 0.000000000000000000, 0.000000000000000000 ) ) ;
#5874 = SURFACE_STYLE_FILL_AREA ( #10220 ) ;
#5875 = EDGE_LOOP ( 'NONE', ( #10190, #5613, #10139, #3264 ) ) ;
#5876 = CARTESIAN_POINT ( 'NONE',  ( 2.500000000000000444, 0.9000000000000000222, 2.500000000000000000 ) ) ;
#5877 = DIRECTION ( 'NONE',  ( 0.000000000000000000, -1.000000000000000000, 0.000000000000000000 ) ) ;
#5878 = VECTOR ( 'NONE', #3099, 1000.000000000000000 ) ;
#5879 = ORIENTED_EDGE ( 'NONE', *, *, #3389, .F. ) ;
#5880 = ADVANCED_FACE ( 'NONE', ( #8234 ), #8916, .F. ) ;
#5881 = CARTESIAN_POINT ( 'NONE',  ( -2.224999999999985434, 0.2000000000000000111, -0.1250000000000001110 ) ) ;
#5882 = AXIS2_PLACEMENT_3D ( 'NONE', #10507, #5364, #7777 ) ;
#5883 = DIRECTION ( 'NONE',  ( 0.000000000000000000, 0.000000000000000000, 1.000000000000000000 ) ) ;
#5884 = CYLINDRICAL_SURFACE ( 'NONE', #6197, 0.1249999999999998890 ) ;
#5885 = ORIENTED_EDGE ( 'NONE', *, *, #6246, .T. ) ;
#5886 = CARTESIAN_POINT ( 'NONE',  ( 0.3750000000000001665, 0.000000000000000000, 2.499999999999999556 ) ) ;
#5887 = VERTEX_POINT ( 'NONE', #5426 ) ;
#5888 = FILL_AREA_STYLE ('',( #8358 ) ) ;
#5889 = DIRECTION ( 'NONE',  ( -0.000000000000000000, 0.000000000000000000, -1.000000000000000000 ) ) ;
#5890 = DIRECTION ( 'NONE',  ( 0.000000000000000000, -1.000000000000000000, 0.000000000000000000 ) ) ;
#5891 = CARTESIAN_POINT ( 'NONE',  ( -2.499999999999999556, 0.04999999999999969746, -1.875000000000000444 ) ) ;
#5892 = EDGE_CURVE ( 'NONE', #11161, #3894, #2912, .T. ) ;
#5893 = VERTEX_POINT ( 'NONE', #1058 ) ;
#5894 = CYLINDRICAL_SURFACE ( 'NONE', #4967, 0.1249999999999998890 ) ;
#5895 = AXIS2_PLACEMENT_3D ( 'NONE', #1495, #9415, #3320 ) ;
#5896 = EDGE_CURVE ( 'NONE', #2256, #4068, #6444, .T. ) ;
#5897 = CARTESIAN_POINT ( 'NONE',  ( -1.649999999999999911, 0.000000000000000000, 1.649999999999999689 ) ) ;
#5898 = SURFACE_STYLE_USAGE ( .BOTH. , #6771 ) ;
#5899 = VERTEX_POINT ( 'NONE', #8178 ) ;
#5900 = CARTESIAN_POINT ( 'NONE',  ( 1.800000000000000044, 0.05000000000000000278, 0.000000000000000000 ) ) ;
#5901 = CYLINDRICAL_SURFACE ( 'NONE', #4014, 0.1249999999999996808 ) ;
#5902 = LINE ( 'NONE', #8108, #5253 ) ;
#5903 = EDGE_LOOP ( 'NONE', ( #4463, #4714, #8507, #32 ) ) ;
#5904 = EDGE_CURVE ( 'NONE', #9084, #11201, #1170, .T. ) ;
#5905 = DIRECTION ( 'NONE',  ( 0.000000000000000000, -1.000000000000000000, 0.000000000000000000 ) ) ;
#5906 = VERTEX_POINT ( 'NONE', #1999 ) ;
#5907 = EDGE_LOOP ( 'NONE', ( #8846, #3714, #9652, #2590 ) ) ;
#5908 = LINE ( 'NONE', #4102, #2166 ) ;
#5909 = VERTEX_POINT ( 'NONE', #10796 ) ;
#5910 = EDGE_CURVE ( 'NONE', #3932, #5899, #4590, .T. ) ;
#5911 = AXIS2_PLACEMENT_3D ( 'NONE', #1312, #3892, #1528 ) ;
#5912 = EDGE_CURVE ( 'NONE', #11129, #2119, #6387, .T. ) ;
#5913 = PLANE ( 'NONE',  #9124 ) ;
#5914 = DIRECTION ( 'NONE',  ( -0.000000000000000000, -1.000000000000000000, -0.000000000000000000 ) ) ;
#5915 =( NAMED_UNIT ( * ) PLANE_ANGLE_UNIT ( ) SI_UNIT ( $, .RADIAN. ) );
#5916 = EDGE_LOOP ( 'NONE', ( #6905, #5569, #1902, #10186 ) ) ;
#5917 = LINE ( 'NONE', #120, #9324 ) ;
#5918 = DIRECTION ( 'NONE',  ( 0.000000000000000000, 0.000000000000000000, 1.000000000000000000 ) ) ;
#5919 = LINE ( 'NONE', #6093, #526 ) ;
#5920 = CARTESIAN_POINT ( 'NONE',  ( -0.6249999999999995559, 0.2000000000000000111, -2.500000000000000000 ) ) ;
#5921 = VERTEX_POINT ( 'NONE', #9883 ) ;
#5922 = CARTESIAN_POINT ( 'NONE',  ( 2.500000000000000000, 0.2000000000000000111, 1.624999999999999778 ) ) ;
#5923 = CYLINDRICAL_SURFACE ( 'NONE', #6728, 0.1250000000000001110 ) ;
#5924 = CARTESIAN_POINT ( 'NONE',  ( -0.2499999999999997224, 0.2000000000000000111, 2.224999999999985434 ) ) ;
#5925 = VERTEX_POINT ( 'NONE', #2055 ) ;
#5926 = VERTEX_POINT ( 'NONE', #7378 ) ;
#5927 = ADVANCED_FACE ( 'NONE', ( #8133 ), #10851, .T. ) ;
#5928 = ADVANCED_FACE ( 'NONE', ( #10692 ), #3020, .F. ) ;
#5929 = EDGE_CURVE ( 'NONE', #1045, #4752, #3675, .T. ) ;
#5930 = CARTESIAN_POINT ( 'NONE',  ( -2.499999999999999556, 0.2000000000000000111, -1.875000000000000000 ) ) ;
#5931 = ORIENTED_EDGE ( 'NONE', *, *, #5035, .T. ) ;
#5932 = DIRECTION ( 'NONE',  ( -0.000000000000000000, -1.000000000000000000, -0.000000000000000000 ) ) ;
#5933 = CARTESIAN_POINT ( 'NONE',  ( 0.8750000000000001110, 0.2000000000000000111, 2.499999999999999556 ) ) ;
#5934 = ORIENTED_EDGE ( 'NONE', *, *, #35, .T. ) ;
#5935 = FACE_OUTER_BOUND ( 'NONE', #2338, .T. ) ;
#5936 = EDGE_CURVE ( 'NONE', #6385, #4735, #2859, .T. ) ;
#5937 =( NAMED_UNIT ( * ) SI_UNIT ( $, .STERADIAN. ) SOLID_ANGLE_UNIT ( ) );
#5938 = CARTESIAN_POINT ( 'NONE',  ( 1.249999999999999778, 0.2000000000000000111, 2.099999999999969003 ) ) ;
#5939 = ORIENTED_EDGE ( 'NONE', *, *, #1973, .T. ) ;
#5940 = LINE ( 'NONE', #11095, #9339 ) ;
#5941 = DIRECTION ( 'NONE',  ( 0.000000000000000000, 0.000000000000000000, -1.000000000000000000 ) ) ;
#5942 = EDGE_LOOP ( 'NONE', ( #1887, #4135, #5787, #6884, #3630, #8084, #5805, #10042, #8198, #7460 ) ) ;
#5943 = CARTESIAN_POINT ( 'NONE',  ( -2.224999999999995648, 0.2000000000000000111, -1.250000000000000000 ) ) ;
#5944 = AXIS2_PLACEMENT_3D ( 'NONE', #7613, #3195, #5083 ) ;
#5945 = EDGE_CURVE ( 'NONE', #11134, #2405, #7265, .T. ) ;
#5946 = CARTESIAN_POINT ( 'NONE',  ( -1.749999999999999112, 0.000000000000000000, -2.224999999999965006 ) ) ;
#5947 = EDGE_LOOP ( 'NONE', ( #10877, #4321, #9573, #9422 ) ) ;
#5948 = DIRECTION ( 'NONE',  ( 0.000000000000000000, -0.000000000000000000, -1.000000000000000000 ) ) ;
#5949 = CARTESIAN_POINT ( 'NONE',  ( 1.749999999999999778, 0.04999999999999999584, 2.099999999999963674 ) ) ;
#5950 = CYLINDRICAL_SURFACE ( 'NONE', #10550, 0.1249999999999996808 ) ;
#5951 = ORIENTED_EDGE ( 'NONE', *, *, #5392, .T. ) ;
#5952 = VECTOR ( 'NONE', #8774, 1000.000000000000000 ) ;
#5953 = CARTESIAN_POINT ( 'NONE',  ( -2.499999999999994227, 0.2000000000000000111, -1.125000000000000222 ) ) ;
#5954 = EDGE_LOOP ( 'NONE', ( #3693, #1395, #3061, #10232 ) ) ;
#5955 = ORIENTED_EDGE ( 'NONE', *, *, #236, .F. ) ;
#5956 = CARTESIAN_POINT ( 'NONE',  ( 0.2500000000000002776, 0.2000000000000000111, 2.099999999999980549 ) ) ;
#5957 = ORIENTED_EDGE ( 'NONE', *, *, #97, .T. ) ;
#5958 = EDGE_CURVE ( 'NONE', #9875, #6313, #9023, .T. ) ;
#5959 = VECTOR ( 'NONE', #876, 1000.000000000000000 ) ;
#5960 = EDGE_CURVE ( 'NONE', #9523, #7583, #7602, .T. ) ;
#5961 = EDGE_CURVE ( 'NONE', #1142, #844, #2266, .T. ) ;
#5962 = DIRECTION ( 'NONE',  ( -1.000000000000000000, 0.000000000000000000, -0.000000000000000000 ) ) ;
#5963 = CARTESIAN_POINT ( 'NONE',  ( -2.499999999999963141, 0.2000000000000000111, 1.875000000000000000 ) ) ;
#5964 = CYLINDRICAL_SURFACE ( 'NONE', #2454, 0.1249999999999996808 ) ;
#5965 =( NAMED_UNIT ( * ) SI_UNIT ( $, .STERADIAN. ) SOLID_ANGLE_UNIT ( ) );
#5966 = ORIENTED_EDGE ( 'NONE', *, *, #4979, .F. ) ;
#5967 = FACE_OUTER_BOUND ( 'NONE', #8920, .T. ) ;
#5968 = DIRECTION ( 'NONE',  ( -0.000000000000000000, -1.000000000000000000, -0.000000000000000000 ) ) ;
#5969 = CARTESIAN_POINT ( 'NONE',  ( 0.8750000000000001110, 0.2000000000000000111, 2.225000000000000977 ) ) ;
#5970 = CARTESIAN_POINT ( 'NONE',  ( 0.6250000000000003331, 0.000000000000000000, 2.499999999999999556 ) ) ;
#5971 = VERTEX_POINT ( 'NONE', #3997 ) ;
#5972 = CIRCLE ( 'NONE', #6157, 0.1249999999999998890 ) ;
#5973 = DIRECTION ( 'NONE',  ( 1.000000000000000000, 0.000000000000000000, 0.000000000000000000 ) ) ;
#5974 = VERTEX_POINT ( 'NONE', #5699 ) ;
#5975 = DIRECTION ( 'NONE',  ( 1.000000000000000000, 0.000000000000000000, -0.000000000000000000 ) ) ;
#5976 = EDGE_LOOP ( 'NONE', ( #9438, #6814, #4119, #8135 ) ) ;
#5977 = ORIENTED_EDGE ( 'NONE', *, *, #3372, .T. ) ;
#5978 = VECTOR ( 'NONE', #8319, 1000.000000000000000 ) ;
#5979 = EDGE_CURVE ( 'NONE', #3939, #11135, #3132, .T. ) ;
#5980 =( NAMED_UNIT ( * ) PLANE_ANGLE_UNIT ( ) SI_UNIT ( $, .RADIAN. ) );
#5981 = VECTOR ( 'NONE', #5645, 1000.000000000000000 ) ;
#5982 = AXIS2_PLACEMENT_3D ( 'NONE', #2198, #402, #627 ) ;
#5983 = SURFACE_STYLE_FILL_AREA ( #5028 ) ;
#5984 = ORIENTED_EDGE ( 'NONE', *, *, #4280, .T. ) ;
#5985 = CARTESIAN_POINT ( 'NONE',  ( 0.000000000000000000, 0.05000000000000000278, 0.3749999999999998890 ) ) ;
#5986 = DIRECTION ( 'NONE',  ( -0.000000000000000000, -1.000000000000000000, -0.000000000000000000 ) ) ;
#5987 = VERTEX_POINT ( 'NONE', #1534 ) ;
#5988 = VERTEX_POINT ( 'NONE', #3073 ) ;
#5989 = ORIENTED_EDGE ( 'NONE', *, *, #5034, .T. ) ;
#5990 = ORIENTED_EDGE ( 'NONE', *, *, #4989, .T. ) ;
#5991 = AXIS2_PLACEMENT_3D ( 'NONE', #5924, #4857, #6799 ) ;
#5992 = PLANE ( 'NONE',  #11212 ) ;
#5993 = EDGE_CURVE ( 'NONE', #10593, #7276, #11017, .T. ) ;
#5994 = ADVANCED_FACE ( 'NONE', ( #10146 ), #10267, .T. ) ;
#5995 = ADVANCED_FACE ( 'NONE', ( #6727 ), #4061, .T. ) ;
#5996 = VECTOR ( 'NONE', #5968, 1000.000000000000000 ) ;
#5997 = LINE ( 'NONE', #3504, #1643 ) ;
#5998 = DIRECTION ( 'NONE',  ( -0.000000000000000000, -1.000000000000000000, -0.000000000000000000 ) ) ;
#5999 = EDGE_LOOP ( 'NONE', ( #7724, #1538, #8265, #1346 ) ) ;
#6000 = CARTESIAN_POINT ( 'NONE',  ( -1.124999999999999556, 0.2000000000000000111, 2.499999999999999556 ) ) ;
#6001 = AXIS2_PLACEMENT_3D ( 'NONE', #6757, #4929, #1443 ) ;
#6002 = VECTOR ( 'NONE', #5282, 1000.000000000000000 ) ;
#6003 = LINE ( 'NONE', #1788, #10647 ) ;
#6004 = FACE_OUTER_BOUND ( 'NONE', #4184, .T. ) ;
#6005 = CYLINDRICAL_SURFACE ( 'NONE', #3993, 0.1249999999999996808 ) ;
#6006 = ORIENTED_EDGE ( 'NONE', *, *, #306, .T. ) ;
#6007 = DIRECTION ( 'NONE',  ( 0.000000000000000000, -1.000000000000000000, 0.000000000000000000 ) ) ;
#6008 = EDGE_CURVE ( 'NONE', #4578, #6504, #4809, .T. ) ;
#6009 = CIRCLE ( 'NONE', #10199, 0.1249999999999998890 ) ;
#6010 = VECTOR ( 'NONE', #2513, 1000.000000000000000 ) ;
#6011 = VECTOR ( 'NONE', #10902, 1000.000000000000000 ) ;
#6012 = DIRECTION ( 'NONE',  ( -0.000000000000000000, -1.000000000000000000, -0.000000000000000000 ) ) ;
#6013 = AXIS2_PLACEMENT_3D ( 'NONE', #2539, #2478, #5962 ) ;
#6014 = ORIENTED_EDGE ( 'NONE', *, *, #6261, .F. ) ;
#6015 = DIRECTION ( 'NONE',  ( 0.000000000000000000, 0.000000000000000000, -1.000000000000000000 ) ) ;
#6016 = FACE_OUTER_BOUND ( 'NONE', #835, .T. ) ;
#6017 = LINE ( 'NONE', #8487, #9468 ) ;
#6018 = CARTESIAN_POINT ( 'NONE',  ( -2.499999999999978684, 0.2000000000000000111, 0.1250000000000001110 ) ) ;
#6019 = STYLED_ITEM ( 'NONE', ( #4805 ), #3505 ) ;
#6020 = ORIENTED_EDGE ( 'NONE', *, *, #2364, .T. ) ;
#6021 = LINE ( 'NONE', #6830, #8385 ) ;
#6022 = ORIENTED_EDGE ( 'NONE', *, *, #4281, .F. ) ;
#6023 = ORIENTED_EDGE ( 'NONE', *, *, #10274, .F. ) ;
#6024 = LINE ( 'NONE', #1575, #6970 ) ;
#6025 = VECTOR ( 'NONE', #7388, 1000.000000000000000 ) ;
#6026 = STYLED_ITEM ( 'NONE', ( #1097 ), #3730 ) ;
#6027 = CARTESIAN_POINT ( 'NONE',  ( -1.124999999999999556, 0.05000000000000000278, 0.000000000000000000 ) ) ;
#6028 = CARTESIAN_POINT ( 'NONE',  ( 1.750000000000000000, 0.000000000000000000, -2.225000000000001421 ) ) ;
#6029 = CARTESIAN_POINT ( 'NONE',  ( -2.499999999999999556, 0.04999999999999969746, 2.500000000000000000 ) ) ;
#6030 = LINE ( 'NONE', #6201, #3495 ) ;
#6031 = EDGE_LOOP ( 'NONE', ( #8979, #2673, #8793, #4208 ) ) ;
#6032 = CARTESIAN_POINT ( 'NONE',  ( -1.874999999999999334, 0.2000000000000000111, 2.500000000000000000 ) ) ;
#6033 = DIRECTION ( 'NONE',  ( -0.000000000000000000, -1.000000000000000000, -0.000000000000000000 ) ) ;
#6034 = DIRECTION ( 'NONE',  ( 0.000000000000000000, -1.000000000000000000, 0.000000000000000000 ) ) ;
#6035 = LINE ( 'NONE', #4400, #3256 ) ;
#6036 = VERTEX_POINT ( 'NONE', #9130 ) ;
#6037 = VECTOR ( 'NONE', #2387, 1000.000000000000000 ) ;
#6038 = DIRECTION ( 'NONE',  ( 0.000000000000000000, -1.000000000000000000, 0.000000000000000000 ) ) ;
#6039 = FACE_OUTER_BOUND ( 'NONE', #6498, .T. ) ;
#6040 = ORIENTED_EDGE ( 'NONE', *, *, #6838, .T. ) ;
#6041 = CARTESIAN_POINT ( 'NONE',  ( 0.000000000000000000, 0.05000000000000000278, -0.3749999999999998890 ) ) ;
#6042 = ORIENTED_EDGE ( 'NONE', *, *, #4269, .T. ) ;
#6043 = MECHANICAL_DESIGN_GEOMETRIC_PRESENTATION_REPRESENTATION (  '', ( #10062 ), #8795 ) ;
#6044 = ORIENTED_EDGE ( 'NONE', *, *, #8053, .F. ) ;
#6045 = EDGE_LOOP ( 'NONE', ( #8469, #4232, #4868, #7019 ) ) ;
#6046 = EDGE_CURVE ( 'NONE', #4373, #6715, #11101, .T. ) ;
#6047 = AXIS2_PLACEMENT_3D ( 'NONE', #5359, #7364, #9866 ) ;
#6048 = VECTOR ( 'NONE', #4265, 1000.000000000000000 ) ;
#6049 = SURFACE_SIDE_STYLE ('',( #5983 ) ) ;
#6050 = ORIENTED_EDGE ( 'NONE', *, *, #1266, .F. ) ;
#6051 = ADVANCED_FACE ( 'NONE', ( #8503 ), #1420, .F. ) ;
#6052 = PLANE ( 'NONE',  #2031 ) ;
#6053 = DIRECTION ( 'NONE',  ( 0.000000000000000000, 0.000000000000000000, -1.000000000000000000 ) ) ;
#6054 = ORIENTED_EDGE ( 'NONE', *, *, #8876, .F. ) ;
#6055 = VECTOR ( 'NONE', #9500, 1000.000000000000000 ) ;
#6056 = AXIS2_PLACEMENT_3D ( 'NONE', #3933, #7414, #5837 ) ;
#6057 = DIRECTION ( 'NONE',  ( 0.000000000000000000, 0.000000000000000000, 1.000000000000000000 ) ) ;
#6058 = CARTESIAN_POINT ( 'NONE',  ( 0.2500000000000002776, 0.2000000000000000111, 2.099999999999980549 ) ) ;
#6059 = AXIS2_PLACEMENT_3D ( 'NONE', #8194, #3854, #9398 ) ;
#6060 = CARTESIAN_POINT ( 'NONE',  ( -2.499999999999968470, 0.2000000000000000111, 1.375000000000000000 ) ) ;
#6061 = ORIENTED_EDGE ( 'NONE', *, *, #9389, .F. ) ;
#6062 = CARTESIAN_POINT ( 'NONE',  ( 2.225000000000001421, 0.2000000000000000111, 0.8749999999999996669 ) ) ;
#6063 = EDGE_CURVE ( 'NONE', #1230, #2163, #2314, .T. ) ;
#6064 = CIRCLE ( 'NONE', #7915, 0.1249999999999996808 ) ;
#6065 = ORIENTED_EDGE ( 'NONE', *, *, #8918, .T. ) ;
#6066 = CYLINDRICAL_SURFACE ( 'NONE', #4984, 0.1249999999999996808 ) ;
#6067 = CARTESIAN_POINT ( 'NONE',  ( -2.224999999999969447, 0.000000000000000000, 1.250000000000000000 ) ) ;
#6068 = DIRECTION ( 'NONE',  ( 0.000000000000000000, -1.000000000000000000, 0.000000000000000000 ) ) ;
#6069 = ORIENTED_EDGE ( 'NONE', *, *, #8682, .F. ) ;
#6070 = FACE_OUTER_BOUND ( 'NONE', #10769, .T. ) ;
#6071 = COLOUR_RGB ( '',0.7921568627450980005, 0.8196078431372548767, 0.9333333333333333481 ) ;
#6072 = ADVANCED_FACE ( 'NONE', ( #10899 ), #518, .T. ) ;
#6073 = EDGE_CURVE ( 'NONE', #6496, #1824, #8286, .T. ) ;
#6074 = DIRECTION ( 'NONE',  ( 1.000000000000000000, 0.000000000000000000, -0.000000000000000000 ) ) ;
#6075 = ORIENTED_EDGE ( 'NONE', *, *, #5521, .F. ) ;
#6076 = DIRECTION ( 'NONE',  ( 1.000000000000000000, 0.000000000000000000, -0.000000000000000000 ) ) ;
#6077 = PLANE ( 'NONE',  #6600 ) ;
#6078 = CARTESIAN_POINT ( 'NONE',  ( 0.000000000000000000, 0.05000000000000000278, 0.000000000000000000 ) ) ;
#6079 = LINE ( 'NONE', #1570, #3989 ) ;
#6080 = ORIENTED_EDGE ( 'NONE', *, *, #10106, .T. ) ;
#6081 = DIRECTION ( 'NONE',  ( 0.000000000000000000, -1.000000000000000000, 0.000000000000000000 ) ) ;
#6082 = ORIENTED_EDGE ( 'NONE', *, *, #7834, .T. ) ;
#6083 = ORIENTED_EDGE ( 'NONE', *, *, #6783, .F. ) ;
#6084 = LINE ( 'NONE', #5182, #4050 ) ;
#6085 = EDGE_LOOP ( 'NONE', ( #1089, #1218, #8116, #10136 ) ) ;
#6086 = DIRECTION ( 'NONE',  ( 1.000000000000000000, 0.000000000000000000, 0.000000000000000000 ) ) ;
#6087 = PLANE ( 'NONE',  #9457 ) ;
#6088 = DIRECTION ( 'NONE',  ( 0.000000000000000000, 1.000000000000000000, -0.000000000000000000 ) ) ;
#6089 = CARTESIAN_POINT ( 'NONE',  ( 2.500000000000000444, 0.04999999999999969746, 2.500000000000000000 ) ) ;
#6090 = ORIENTED_EDGE ( 'NONE', *, *, #8257, .T. ) ;
#6091 = LINE ( 'NONE', #5191, #10234 ) ;
#6092 = CARTESIAN_POINT ( 'NONE',  ( 2.500000000000000000, 0.000000000000000000, 0.3749999999999999445 ) ) ;
#6093 = CARTESIAN_POINT ( 'NONE',  ( -0.3749999999999996114, 0.05000000000000000278, 0.000000000000000000 ) ) ;
#6094 = CARTESIAN_POINT ( 'NONE',  ( 7.392287539673936337E-17, 0.05000000000000000278, 0.3750000000000004441 ) ) ;
#6095 = EDGE_LOOP ( 'NONE', ( #3677, #754, #8960, #5870 ) ) ;
#6096 = CARTESIAN_POINT ( 'NONE',  ( -2.499999999999999556, 0.04999999999999969746, 2.500000000000000000 ) ) ;
#6097 = CARTESIAN_POINT ( 'NONE',  ( -0.3749999999999996114, 0.2000000000000000111, 2.499999999999999556 ) ) ;
#6098 = ORIENTED_EDGE ( 'NONE', *, *, #8227, .T. ) ;
#6099 = CARTESIAN_POINT ( 'NONE',  ( 2.500000000000000000, 0.2000000000000000111, 1.125000000000000000 ) ) ;
#6100 = ORIENTED_EDGE ( 'NONE', *, *, #8880, .T. ) ;
#6101 = VERTEX_POINT ( 'NONE', #7489 ) ;
#6102 = AXIS2_PLACEMENT_3D ( 'NONE', #9171, #7746, #5777 ) ;
#6103 = VECTOR ( 'NONE', #407, 1000.000000000000000 ) ;
#6104 = DIRECTION ( 'NONE',  ( 0.000000000000000000, -0.000000000000000000, -1.000000000000000000 ) ) ;
#6105 = VERTEX_POINT ( 'NONE', #5860 ) ;
#6106 = FACE_OUTER_BOUND ( 'NONE', #10794, .T. ) ;
#6107 = CARTESIAN_POINT ( 'NONE',  ( -0.3749999999999994449, 0.2000000000000000111, -2.500000000000000000 ) ) ;
#6108 = DIRECTION ( 'NONE',  ( 0.000000000000000000, 0.000000000000000000, -1.000000000000000000 ) ) ;
#6109 = ORIENTED_EDGE ( 'NONE', *, *, #6751, .F. ) ;
#6110 = CARTESIAN_POINT ( 'NONE',  ( 2.500000000000000444, -7.071067811865474617, -2.500000000000000000 ) ) ;
#6111 = EDGE_LOOP ( 'NONE', ( #4355, #4950, #1340, #1765 ) ) ;
#6112 = VECTOR ( 'NONE', #5187, 1000.000000000000000 ) ;
#6113 = EDGE_CURVE ( 'NONE', #4890, #6228, #9349, .T. ) ;
#6114 = EDGE_CURVE ( 'NONE', #2119, #459, #11128, .T. ) ;
#6115 = CARTESIAN_POINT ( 'NONE',  ( 2.225000000000001421, 0.000000000000000000, 0.8749999999999996669 ) ) ;
#6116 = DIRECTION ( 'NONE',  ( 0.000000000000000000, 1.000000000000000000, -0.000000000000000000 ) ) ;
#6117 = ORIENTED_EDGE ( 'NONE', *, *, #2408, .F. ) ;
#6118 = PLANE ( 'NONE',  #852 ) ;
#6119 =( NAMED_UNIT ( * ) PLANE_ANGLE_UNIT ( ) SI_UNIT ( $, .RADIAN. ) );
#6120 = LINE ( 'NONE', #5269, #5158 ) ;
#6121 = CARTESIAN_POINT ( 'NONE',  ( 0.7500000000000002220, 0.2000000000000000111, 2.099999999999975220 ) ) ;
#6122 = ORIENTED_EDGE ( 'NONE', *, *, #9655, .T. ) ;
#6123 = LINE ( 'NONE', #8701, #9716 ) ;
#6124 = EDGE_CURVE ( 'NONE', #4466, #6192, #1267, .T. ) ;
#6125 = PLANE ( 'NONE',  #1993 ) ;
#6126 = ORIENTED_EDGE ( 'NONE', *, *, #1686, .F. ) ;
#6127 = CARTESIAN_POINT ( 'NONE',  ( -0.6249999999999995559, 0.2000000000000000111, -2.500000000000000000 ) ) ;
#6128 = PLANE ( 'NONE',  #205 ) ;
#6129 = CARTESIAN_POINT ( 'NONE',  ( -2.224999999999990319, 0.2000000000000000111, -0.7500000000000000000 ) ) ;
#6130 = EDGE_LOOP ( 'NONE', ( #1636, #8754, #6694, #2212 ) ) ;
#6131 = CARTESIAN_POINT ( 'NONE',  ( 2.224999999999975220, 0.2000000000000000111, -0.7500000000000000000 ) ) ;
#6132 = EDGE_LOOP ( 'NONE', ( #8715, #8999, #8304, #6501 ) ) ;
#6133 = DIRECTION ( 'NONE',  ( -0.000000000000000000, -1.000000000000000000, -0.000000000000000000 ) ) ;
#6134 = EDGE_CURVE ( 'NONE', #3399, #9178, #10, .T. ) ;
#6135 = EDGE_CURVE ( 'NONE', #8925, #8576, #3542, .T. ) ;
#6136 = VERTEX_POINT ( 'NONE', #10378 ) ;
#6137 = EDGE_CURVE ( 'NONE', #9397, #4678, #7028, .T. ) ;
#6138 = DIRECTION ( 'NONE',  ( 0.000000000000000000, -1.000000000000000000, 0.000000000000000000 ) ) ;
#6139 = DIRECTION ( 'NONE',  ( -0.000000000000000000, -0.000000000000000000, 1.000000000000000000 ) ) ;
#6140 = CARTESIAN_POINT ( 'NONE',  ( 0.1250000000000005829, 0.000000000000000000, -2.500000000000000000 ) ) ;
#6141 = CARTESIAN_POINT ( 'NONE',  ( -1.249999999999999556, 0.000000000000000000, 2.099999999999996092 ) ) ;
#6142 = ORIENTED_EDGE ( 'NONE', *, *, #9429, .T. ) ;
#6143 = DIRECTION ( 'NONE',  ( 0.000000000000000000, 1.000000000000000000, -0.000000000000000000 ) ) ;
#6144 = CYLINDRICAL_SURFACE ( 'NONE', #5798, 0.1249999999999998890 ) ;
#6145 = PLANE ( 'NONE',  #10352 ) ;
#6146 = CARTESIAN_POINT ( 'NONE',  ( 2.500000000000000000, 0.2000000000000000111, 0.1250000000000001665 ) ) ;
#6147 = EDGE_LOOP ( 'NONE', ( #4518, #10929, #10323, #3269 ) ) ;
#6148 = LINE ( 'NONE', #4346, #7929 ) ;
#6149 = DIRECTION ( 'NONE',  ( -0.000000000000000000, -1.000000000000000000, -0.000000000000000000 ) ) ;
#6150 = ORIENTED_EDGE ( 'NONE', *, *, #10816, .T. ) ;
#6151 = DIRECTION ( 'NONE',  ( -0.000000000000000000, -1.000000000000000000, -0.000000000000000000 ) ) ;
#6152 = ORIENTED_EDGE ( 'NONE', *, *, #351, .F. ) ;
#6153 = VECTOR ( 'NONE', #8730, 1000.000000000000000 ) ;
#6154 = EDGE_CURVE ( 'NONE', #7728, #4581, #7889, .T. ) ;
#6155 = CLOSED_SHELL ( 'NONE', ( #8923, #9045, #10180, #9017, #8297, #6406, #10019 ) ) ;
#6156 = DIRECTION ( 'NONE',  ( 0.000000000000000000, 0.000000000000000000, -1.000000000000000000 ) ) ;
#6157 = AXIS2_PLACEMENT_3D ( 'NONE', #9437, #11235, #7639 ) ;
#6158 = ORIENTED_EDGE ( 'NONE', *, *, #495, .T. ) ;
#6159 = DIRECTION ( 'NONE',  ( 0.000000000000000000, -0.000000000000000000, -1.000000000000000000 ) ) ;
#6160 = PLANE ( 'NONE',  #1596 ) ;
#6161 = LINE ( 'NONE', #3559, #204 ) ;
#6162 = VERTEX_POINT ( 'NONE', #11254 ) ;
#6163 = AXIS2_PLACEMENT_3D ( 'NONE', #9436, #1691, #1569 ) ;
#6164 = CARTESIAN_POINT ( 'NONE',  ( -1.849999999999999645, 0.9000000000000000222, -1.649999999999999689 ) ) ;
#6165 = EDGE_LOOP ( 'NONE', ( #6945, #1889, #2315, #7080 ) ) ;
#6166 = ORIENTED_EDGE ( 'NONE', *, *, #6225, .T. ) ;
#6167 = AXIS2_PLACEMENT_3D ( 'NONE', #1234, #6698, #4780 ) ;
#6168 = DIRECTION ( 'NONE',  ( 0.000000000000000000, -1.000000000000000000, 0.000000000000000000 ) ) ;
#6169 = DIRECTION ( 'NONE',  ( 1.000000000000000000, 0.000000000000000000, -0.000000000000000000 ) ) ;
#6170 = ORIENTED_EDGE ( 'NONE', *, *, #9823, .F. ) ;
#6171 = CARTESIAN_POINT ( 'NONE',  ( -2.499999999999963141, 0.2000000000000000111, 1.625000000000000222 ) ) ;
#6172 = CARTESIAN_POINT ( 'NONE',  ( 1.749999999999999778, 0.2000000000000000111, 2.099999999999963674 ) ) ;
#6173 = DIRECTION ( 'NONE',  ( 0.000000000000000000, -1.000000000000000000, 0.000000000000000000 ) ) ;
#6174 = DIRECTION ( 'NONE',  ( 0.000000000000000000, 0.000000000000000000, 1.000000000000000000 ) ) ;
#6175 = AXIS2_PLACEMENT_3D ( 'NONE', #4903, #10209, #4853 ) ;
#6176 = CARTESIAN_POINT ( 'NONE',  ( -1.800000000000000044, 0.2000000000000000111, -1.300000000000000044 ) ) ;
#6177 = AXIS2_PLACEMENT_3D ( 'NONE', #6602, #1880, #8728 ) ;
#6178 = VERTEX_POINT ( 'NONE', #2547 ) ;
#6179 = CARTESIAN_POINT ( 'NONE',  ( -0.6249999999999996669, 0.2000000000000000111, 2.499999999999999556 ) ) ;
#6180 = EDGE_CURVE ( 'NONE', #5899, #11178, #7084, .T. ) ;
#6181 = VECTOR ( 'NONE', #573, 1000.000000000000000 ) ;
#6182 = AXIS2_PLACEMENT_3D ( 'NONE', #3702, #2593, #6251 ) ;
#6183 = CARTESIAN_POINT ( 'NONE',  ( -2.499999999999978684, 0.2000000000000000111, 0.1250000000000001110 ) ) ;
#6184 = ORIENTED_EDGE ( 'NONE', *, *, #3349, .T. ) ;
#6185 = PLANE ( 'NONE',  #4069 ) ;
#6186 = DIRECTION ( 'NONE',  ( 0.000000000000000000, -1.000000000000000000, 0.000000000000000000 ) ) ;
#6187 = PLANE ( 'NONE',  #4008 ) ;
#6188 = CARTESIAN_POINT ( 'NONE',  ( 0.1250000000000005829, 0.04999999999999999584, -2.225000000000001421 ) ) ;
#6189 = VERTEX_POINT ( 'NONE', #3601 ) ;
#6190 = AXIS2_PLACEMENT_3D ( 'NONE', #4598, #2865, #10856 ) ;
#6191 = ORIENTED_EDGE ( 'NONE', *, *, #5491, .T. ) ;
#6192 = VERTEX_POINT ( 'NONE', #5194 ) ;
#6193 = CARTESIAN_POINT ( 'NONE',  ( -2.499999999999999556, 0.9000000000000000222, -2.500000000000000000 ) ) ;
#6194 = VECTOR ( 'NONE', #4359, 1000.000000000000000 ) ;
#6195 = CIRCLE ( 'NONE', #942, 0.1249999999999998890 ) ;
#6196 = VECTOR ( 'NONE', #5296, 1000.000000000000000 ) ;
#6197 = AXIS2_PLACEMENT_3D ( 'NONE', #9548, #3439, #2456 ) ;
#6198 = CARTESIAN_POINT ( 'NONE',  ( 2.224999999999965006, 0.2000000000000000111, -1.874999999999999334 ) ) ;
#6199 = CARTESIAN_POINT ( 'NONE',  ( 2.500000000000000000, 0.2000000000000000111, -0.3749999999999998335 ) ) ;
#6200 = DIRECTION ( 'NONE',  ( 0.000000000000000000, 0.000000000000000000, -1.000000000000000000 ) ) ;
#6201 = CARTESIAN_POINT ( 'NONE',  ( 1.625000000000000000, 0.2000000000000000111, -2.500000000000000000 ) ) ;
#6202 = EDGE_CURVE ( 'NONE', #4103, #10600, #10318, .T. ) ;
#6203 = ORIENTED_EDGE ( 'NONE', *, *, #7914, .T. ) ;
#6204 = EDGE_CURVE ( 'NONE', #5475, #8700, #6035, .T. ) ;
#6205 = LINE ( 'NONE', #8957, #5153 ) ;
#6206 = DIRECTION ( 'NONE',  ( 0.000000000000000000, 0.000000000000000000, -1.000000000000000000 ) ) ;
#6207 = CARTESIAN_POINT ( 'NONE',  ( 2.500000000000000000, 0.000000000000000000, -0.6250000000000001110 ) ) ;
#6208 = DIRECTION ( 'NONE',  ( 0.000000000000000000, 0.000000000000000000, -1.000000000000000000 ) ) ;
#6209 = EDGE_CURVE ( 'NONE', #5414, #4312, #1817, .T. ) ;
#6210 = ORIENTED_EDGE ( 'NONE', *, *, #5294, .F. ) ;
#6211 = CARTESIAN_POINT ( 'NONE',  ( 1.750000000000000000, 0.000000000000000000, -2.225000000000001421 ) ) ;
#6212 = ORIENTED_EDGE ( 'NONE', *, *, #317, .T. ) ;
#6213 = ORIENTED_EDGE ( 'NONE', *, *, #5008, .T. ) ;
#6214 = VECTOR ( 'NONE', #174, 1000.000000000000000 ) ;
#6215 = EDGE_LOOP ( 'NONE', ( #6853, #1937, #8216, #9597 ) ) ;
#6216 = EDGE_LOOP ( 'NONE', ( #2187, #7938, #8263, #6471 ) ) ;
#6217 = PRESENTATION_LAYER_ASSIGNMENT (  '', '', ( #9304 ) ) ;
#6218 = CARTESIAN_POINT ( 'NONE',  ( -0.3749999999999994449, 0.05000000000000000278, 0.000000000000000000 ) ) ;
#6219 = VECTOR ( 'NONE', #8177, 1000.000000000000000 ) ;
#6220 =( LENGTH_UNIT ( ) NAMED_UNIT ( * ) SI_UNIT ( .MILLI., .METRE. ) );
#6221 = EDGE_CURVE ( 'NONE', #3046, #1421, #6898, .T. ) ;
#6222 = ORIENTED_EDGE ( 'NONE', *, *, #6113, .F. ) ;
#6223 = CARTESIAN_POINT ( 'NONE',  ( 2.225000000000001421, 0.2000000000000000111, -0.1250000000000000278 ) ) ;
#6224 = LINE ( 'NONE', #4474, #3798 ) ;
#6225 = EDGE_CURVE ( 'NONE', #10714, #1444, #3358, .T. ) ;
#6226 =( GEOMETRIC_REPRESENTATION_CONTEXT ( 3 ) GLOBAL_UNCERTAINTY_ASSIGNED_CONTEXT ( ( #8843 ) ) GLOBAL_UNIT_ASSIGNED_CONTEXT ( ( #5299, #1039, #3655 ) ) REPRESENTATION_CONTEXT ( 'NONE', 'WORKASPACE' ) );
#6227 = LINE ( 'NONE', #9722, #10932 ) ;
#6228 = VERTEX_POINT ( 'NONE', #5970 ) ;
#6229 = CARTESIAN_POINT ( 'NONE',  ( -2.224999999999985434, 0.04999999999999999584, -0.2500000000000000000 ) ) ;
#6230 = ORIENTED_EDGE ( 'NONE', *, *, #4693, .T. ) ;
#6231 = VECTOR ( 'NONE', #6724, 1000.000000000000000 ) ;
#6232 = AXIS2_PLACEMENT_3D ( 'NONE', #7937, #3404, #8662 ) ;
#6233 = DIRECTION ( 'NONE',  ( 0.000000000000000000, -0.000000000000000000, -1.000000000000000000 ) ) ;
#6234 = DIRECTION ( 'NONE',  ( 0.000000000000000000, -1.000000000000000000, 0.000000000000000000 ) ) ;
#6235 = ORIENTED_EDGE ( 'NONE', *, *, #5961, .F. ) ;
#6236 = CARTESIAN_POINT ( 'NONE',  ( -2.499999999999984013, 0.2000000000000000111, -0.3749999999999998890 ) ) ;
#6237 = DIRECTION ( 'NONE',  ( -0.000000000000000000, -1.000000000000000000, -0.000000000000000000 ) ) ;
#6238 = EDGE_CURVE ( 'NONE', #10107, #3925, #1587, .T. ) ;
#6239 = AXIS2_PLACEMENT_3D ( 'NONE', #3216, #1516, #4792 ) ;
#6240 = CARTESIAN_POINT ( 'NONE',  ( -1.874999999999999334, 0.000000000000000000, -2.500000000000000000 ) ) ;
#6241 = DIRECTION ( 'NONE',  ( 0.000000000000000000, -1.000000000000000000, 0.000000000000000000 ) ) ;
#6242 = VECTOR ( 'NONE', #10126, 1000.000000000000000 ) ;
#6243 = ORIENTED_EDGE ( 'NONE', *, *, #7343, .T. ) ;
#6244 = CARTESIAN_POINT ( 'NONE',  ( -0.3749999999999996114, 0.2000000000000000111, 2.499999999999999556 ) ) ;
#6245 = AXIS2_PLACEMENT_3D ( 'NONE', #10002, #3301, #5017 ) ;
#6246 = EDGE_CURVE ( 'NONE', #11148, #8023, #5270, .T. ) ;
#6247 = CARTESIAN_POINT ( 'NONE',  ( 0.8750000000000001110, 0.2000000000000000111, 2.499999999999999556 ) ) ;
#6248 = ORIENTED_EDGE ( 'NONE', *, *, #6073, .F. ) ;
#6249 = SURFACE_STYLE_USAGE ( .BOTH. , #10602 ) ;
#6250 = DIRECTION ( 'NONE',  ( -0.000000000000000000, -1.000000000000000000, -0.000000000000000000 ) ) ;
#6251 = DIRECTION ( 'NONE',  ( -1.000000000000000000, 0.000000000000000000, -0.000000000000000000 ) ) ;
#6252 = CARTESIAN_POINT ( 'NONE',  ( 2.500000000000000000, 0.000000000000000000, 0.8749999999999996669 ) ) ;
#6253 = ORIENTED_EDGE ( 'NONE', *, *, #2875, .T. ) ;
#6254 = VECTOR ( 'NONE', #1766, 1000.000000000000000 ) ;
#6255 = DIRECTION ( 'NONE',  ( 0.000000000000000000, -0.000000000000000000, -1.000000000000000000 ) ) ;
#6256 = ORIENTED_EDGE ( 'NONE', *, *, #9612, .T. ) ;
#6257 = LINE ( 'NONE', #7192, #8800 ) ;
#6258 = ADVANCED_FACE ( 'NONE', ( #71 ), #7949, .T. ) ;
#6259 = EDGE_LOOP ( 'NONE', ( #8868, #10068, #9508, #3453 ) ) ;
#6260 = FACE_OUTER_BOUND ( 'NONE', #6378, .T. ) ;
#6261 = EDGE_CURVE ( 'NONE', #5602, #6354, #123, .T. ) ;
#6262 = PLANE ( 'NONE',  #130 ) ;
#6263 = DIRECTION ( 'NONE',  ( -9.856383386231904433E-17, 0.000000000000000000, -1.000000000000000000 ) ) ;
#6264 = ORIENTED_EDGE ( 'NONE', *, *, #2830, .F. ) ;
#6265 = LINE ( 'NONE', #1934, #10980 ) ;
#6266 = DIRECTION ( 'NONE',  ( -0.000000000000000000, -1.000000000000000000, -0.000000000000000000 ) ) ;
#6267 = PLANE ( 'NONE',  #9627 ) ;
#6268 = FACE_OUTER_BOUND ( 'NONE', #6618, .T. ) ;
#6269 = ORIENTED_EDGE ( 'NONE', *, *, #6396, .F. ) ;
#6270 = DIRECTION ( 'NONE',  ( -0.000000000000000000, -0.000000000000000000, -1.000000000000000000 ) ) ;
#6271 = CARTESIAN_POINT ( 'NONE',  ( 2.224999999999975220, 0.000000000000000000, -0.7500000000000000000 ) ) ;
#6272 = ORIENTED_EDGE ( 'NONE', *, *, #5979, .T. ) ;
#6273 = CARTESIAN_POINT ( 'NONE',  ( -1.124999999999999334, 0.000000000000000000, -2.225000000000001421 ) ) ;
#6274 = ORIENTED_EDGE ( 'NONE', *, *, #10301, .F. ) ;
#6275 = VERTEX_POINT ( 'NONE', #9583 ) ;
#6276 = EDGE_CURVE ( 'NONE', #5893, #10490, #9456, .T. ) ;
#6277 = EDGE_CURVE ( 'NONE', #3117, #3355, #1654, .T. ) ;
#6278 = DIRECTION ( 'NONE',  ( -1.000000000000000000, 0.000000000000000000, 0.000000000000000000 ) ) ;
#6279 = ORIENTED_EDGE ( 'NONE', *, *, #5381, .T. ) ;
#6280 = CARTESIAN_POINT ( 'NONE',  ( -1.374999999999999112, 0.2000000000000000111, -2.225000000000001421 ) ) ;
#6281 = DIRECTION ( 'NONE',  ( 0.000000000000000000, -1.000000000000000000, 0.000000000000000000 ) ) ;
#6282 = LINE ( 'NONE', #5257, #6747 ) ;
#6283 = EDGE_LOOP ( 'NONE', ( #3135, #9809, #8970, #11114 ) ) ;
#6284 = DIRECTION ( 'NONE',  ( 0.000000000000000000, 1.000000000000000000, -0.000000000000000000 ) ) ;
#6285 = ORIENTED_EDGE ( 'NONE', *, *, #7608, .F. ) ;
#6286 = EDGE_CURVE ( 'NONE', #7088, #5181, #4157, .T. ) ;
#6287 = EDGE_CURVE ( 'NONE', #1588, #7727, #9989, .T. ) ;
#6288 = ADVANCED_FACE ( 'NONE', ( #5305 ), #4635, .F. ) ;
#6289 = DIRECTION ( 'NONE',  ( 0.000000000000000000, 0.000000000000000000, -1.000000000000000000 ) ) ;
#6290 = FACE_OUTER_BOUND ( 'NONE', #8073, .T. ) ;
#6291 = ORIENTED_EDGE ( 'NONE', *, *, #3908, .F. ) ;
#6292 = VECTOR ( 'NONE', #4160, 1000.000000000000000 ) ;
#6293 = PLANE ( 'NONE',  #10055 ) ;
#6294 = CARTESIAN_POINT ( 'NONE',  ( -1.249999999999999556, 0.04999999999999999584, 2.224999999999996092 ) ) ;
#6295 = ORIENTED_EDGE ( 'NONE', *, *, #1144, .T. ) ;
#6296 = DIRECTION ( 'NONE',  ( 1.000000000000000000, 0.000000000000000000, 3.154042683594199163E-15 ) ) ;
#6297 = CARTESIAN_POINT ( 'NONE',  ( 0.3750000000000001665, 0.2000000000000000111, 2.225000000000000977 ) ) ;
#6298 = ORIENTED_EDGE ( 'NONE', *, *, #8584, .T. ) ;
#6299 = DIRECTION ( 'NONE',  ( -1.000000000000000000, -0.000000000000000000, -0.000000000000000000 ) ) ;
#6300 = EDGE_CURVE ( 'NONE', #8564, #10565, #8220, .T. ) ;
#6301 = CARTESIAN_POINT ( 'NONE',  ( 1.875000000000000000, 0.2000000000000000111, -2.500000000000000000 ) ) ;
#6302 = VERTEX_POINT ( 'NONE', #4734 ) ;
#6304 = VECTOR ( 'NONE', #3875, 1000.000000000000000 ) ;
#6303 = LINE ( 'NONE', #1137, #3509 ) ;
#6305 = CARTESIAN_POINT ( 'NONE',  ( -0.6249999999999995559, 0.000000000000000000, -2.500000000000000000 ) ) ;
#6306 = LINE ( 'NONE', #5225, #6002 ) ;
#6307 = LINE ( 'NONE', #2076, #9250 ) ;
#6308 = DIRECTION ( 'NONE',  ( 0.000000000000000000, 0.000000000000000000, -1.000000000000000000 ) ) ;
#6309 = ORIENTED_EDGE ( 'NONE', *, *, #7732, .F. ) ;
#6310 = DIRECTION ( 'NONE',  ( 0.000000000000000000, 0.000000000000000000, 1.000000000000000000 ) ) ;
#6311 = DIRECTION ( 'NONE',  ( 0.000000000000000000, 0.000000000000000000, 1.000000000000000000 ) ) ;
#6312 = DIRECTION ( 'NONE',  ( 0.000000000000000000, -0.000000000000000000, 1.000000000000000000 ) ) ;
#6313 = VERTEX_POINT ( 'NONE', #5529 ) ;
#6314 = LINE ( 'NONE', #9697, #9703 ) ;
#6316 = CARTESIAN_POINT ( 'NONE',  ( 0.000000000000000000, 0.05000000000000000278, 0.8749999999999996669 ) ) ;
#6315 = UNCERTAINTY_MEASURE_WITH_UNIT (LENGTH_MEASURE( 1.000000000000000082E-05 ), #7246, 'distance_accuracy_value', 'NONE');
#6317 = DIRECTION ( 'NONE',  ( 0.000000000000000000, 0.000000000000000000, -1.000000000000000000 ) ) ;
#6318 = ORIENTED_EDGE ( 'NONE', *, *, #2496, .T. ) ;
#6319 = CARTESIAN_POINT ( 'NONE',  ( -2.224999999999980105, 0.2000000000000000111, 0.1250000000000001110 ) ) ;
#6320 = ORIENTED_EDGE ( 'NONE', *, *, #10799, .F. ) ;
#6321 = CARTESIAN_POINT ( 'NONE',  ( -2.499999999999978684, 0.2000000000000000111, 0.1250000000000001110 ) ) ;
#6322 = EDGE_CURVE ( 'NONE', #7827, #9654, #5573, .T. ) ;
#6323 = ORIENTED_EDGE ( 'NONE', *, *, #2413, .F. ) ;
#6324 = EDGE_LOOP ( 'NONE', ( #10903, #5350, #4615, #9719 ) ) ;
#6325 = EDGE_CURVE ( 'NONE', #10510, #5414, #5432, .T. ) ;
#6326 = CIRCLE ( 'NONE', #2870, 0.1250000000000001110 ) ;
#6327 = DIRECTION ( 'NONE',  ( -0.000000000000000000, -1.000000000000000000, -0.000000000000000000 ) ) ;
#6328 = PLANE ( 'NONE',  #7504 ) ;
#6329 = ORIENTED_EDGE ( 'NONE', *, *, #9139, .T. ) ;
#6330 = CARTESIAN_POINT ( 'NONE',  ( 1.875000000000000000, 0.2000000000000000111, -2.500000000000000000 ) ) ;
#6331 = DIRECTION ( 'NONE',  ( 0.000000000000000000, -0.000000000000000000, 1.000000000000000000 ) ) ;
#6332 = VERTEX_POINT ( 'NONE', #9925 ) ;
#6333 = PLANE ( 'NONE',  #8052 ) ;
#6334 = EDGE_LOOP ( 'NONE', ( #7314, #1716, #8775, #5473 ) ) ;
#6335 = CLOSED_SHELL ( 'NONE', ( #7461, #2281, #10926, #8934, #724, #10817 ) ) ;
#6336 = EDGE_CURVE ( 'NONE', #6482, #4350, #245, .T. ) ;
#6337 = AXIS2_PLACEMENT_3D ( 'NONE', #804, #3282, #10359 ) ;
#6338 = CARTESIAN_POINT ( 'NONE',  ( 2.500000000000000000, 0.2000000000000000111, 0.1250000000000001665 ) ) ;
#6339 = VECTOR ( 'NONE', #6535, 1000.000000000000000 ) ;
#6340 = CARTESIAN_POINT ( 'NONE',  ( -1.749999999999999112, 0.2000000000000000111, -2.224999999999965006 ) ) ;
#6341 = ORIENTED_EDGE ( 'NONE', *, *, #7194, .T. ) ;
#6342 = DIRECTION ( 'NONE',  ( 0.000000000000000000, -1.000000000000000000, 0.000000000000000000 ) ) ;
#6343 = LINE ( 'NONE', #427, #7078 ) ;
#6344 = EDGE_CURVE ( 'NONE', #3117, #9134, #4517, .T. ) ;
#6345 = DIRECTION ( 'NONE',  ( 0.000000000000000000, -1.000000000000000000, 0.000000000000000000 ) ) ;
#6346 = EDGE_CURVE ( 'NONE', #8917, #8436, #5413, .T. ) ;
#6347 = EDGE_CURVE ( 'NONE', #7570, #9244, #7251, .T. ) ;
#6348 = VERTEX_POINT ( 'NONE', #4576 ) ;
#6349 = CIRCLE ( 'NONE', #5788, 0.1249999999999998890 ) ;
#6350 = DIRECTION ( 'NONE',  ( 0.000000000000000000, -1.000000000000000000, 0.000000000000000000 ) ) ;
#6351 = AXIS2_PLACEMENT_3D ( 'NONE', #1825, #3483, #5975 ) ;
#6352 = AXIS2_PLACEMENT_3D ( 'NONE', #8786, #5192, #1042 ) ;
#6353 = LINE ( 'NONE', #3861, #941 ) ;
#6354 = VERTEX_POINT ( 'NONE', #10726 ) ;
#6355 = SURFACE_SIDE_STYLE ('',( #9848 ) ) ;
#6356 = DIRECTION ( 'NONE',  ( -0.000000000000000000, -1.000000000000000000, -0.000000000000000000 ) ) ;
#6357 = FACE_OUTER_BOUND ( 'NONE', #880, .T. ) ;
#6358 = DIRECTION ( 'NONE',  ( 0.000000000000000000, 0.000000000000000000, -1.000000000000000000 ) ) ;
#6359 = EDGE_CURVE ( 'NONE', #2778, #1942, #7146, .T. ) ;
#6360 = CARTESIAN_POINT ( 'NONE',  ( -0.6249999999999995559, 0.2000000000000000111, -2.225000000000001421 ) ) ;
#6361 = EDGE_LOOP ( 'NONE', ( #7793, #10253, #10849, #3380 ) ) ;
#6362 = CARTESIAN_POINT ( 'NONE',  ( -1.874999999999999334, 0.2000000000000000111, -2.500000000000000000 ) ) ;
#6363 = PRESENTATION_LAYER_ASSIGNMENT (  '', '', ( #7121 ) ) ;
#6364 = VECTOR ( 'NONE', #1808, 1000.000000000000000 ) ;
#6365 = DIRECTION ( 'NONE',  ( -7.885106708985523547E-16, 0.000000000000000000, -1.000000000000000000 ) ) ;
#6366 = DIRECTION ( 'NONE',  ( 0.000000000000000000, -1.000000000000000000, 0.000000000000000000 ) ) ;
#6367 =( NAMED_UNIT ( * ) PLANE_ANGLE_UNIT ( ) SI_UNIT ( $, .RADIAN. ) );
#6368 = ORIENTED_EDGE ( 'NONE', *, *, #5169, .T. ) ;
#6369 = CARTESIAN_POINT ( 'NONE',  ( -2.499999999999989342, 0.2000000000000000111, -0.8749999999999998890 ) ) ;
#6370 = CARTESIAN_POINT ( 'NONE',  ( -1.849999999999999645, 0.9000000000000000222, -2.050000000000000266 ) ) ;
#6371 = CARTESIAN_POINT ( 'NONE',  ( 0.2500000000000002776, 0.2000000000000000111, 2.099999999999980549 ) ) ;
#6372 = EDGE_CURVE ( 'NONE', #1733, #1773, #2897, .T. ) ;
#6373 = AXIS2_PLACEMENT_3D ( 'NONE', #4439, #7123, #7930 ) ;
#6374 = ORIENTED_EDGE ( 'NONE', *, *, #2864, .F. ) ;
#6375 = CIRCLE ( 'NONE', #2919, 0.1249999999999998890 ) ;
#6376 =( NAMED_UNIT ( * ) SI_UNIT ( $, .STERADIAN. ) SOLID_ANGLE_UNIT ( ) );
#6377 = CARTESIAN_POINT ( 'NONE',  ( -0.2499999999999997224, 0.000000000000000000, 2.224999999999985434 ) ) ;
#6378 = EDGE_LOOP ( 'NONE', ( #10161, #3222, #9847, #5331 ) ) ;
#6379 = EDGE_LOOP ( 'NONE', ( #11059, #10879, #3725, #7235 ) ) ;
#6380 = ORIENTED_EDGE ( 'NONE', *, *, #10462, .T. ) ;
#6381 = CIRCLE ( 'NONE', #2917, 0.1249999999999996808 ) ;
#6382 = AXIS2_PLACEMENT_3D ( 'NONE', #9367, #5998, #11154 ) ;
#6383 = CARTESIAN_POINT ( 'NONE',  ( -1.849999999999999645, 0.8499999999999999778, -1.649999999999999689 ) ) ;
#6384 = SURFACE_STYLE_FILL_AREA ( #7426 ) ;
#6385 = VERTEX_POINT ( 'NONE', #9058 ) ;
#6386 = CARTESIAN_POINT ( 'NONE',  ( -2.499999999999984013, 0.2000000000000000111, -0.3749999999999998890 ) ) ;
#6387 = LINE ( 'NONE', #262, #10350 ) ;
#6388 = ADVANCED_FACE ( 'NONE', ( #9868 ), #1250, .F. ) ;
#6389 = EDGE_LOOP ( 'NONE', ( #7241, #4547, #8156, #11008 ) ) ;
#6390 = EDGE_CURVE ( 'NONE', #11098, #5909, #8167, .T. ) ;
#6391 = AXIS2_PLACEMENT_3D ( 'NONE', #3834, #5421, #2967 ) ;
#6392 = LINE ( 'NONE', #9724, #7498 ) ;
#6393 = VERTEX_POINT ( 'NONE', #3880 ) ;
#6394 = CIRCLE ( 'NONE', #5312, 0.1249999999999998890 ) ;
#6395 = AXIS2_PLACEMENT_3D ( 'NONE', #6705, #1399, #7410 ) ;
#6396 = EDGE_CURVE ( 'NONE', #11201, #4234, #1152, .T. ) ;
#6397 = COLOUR_RGB ( '',0.7921568627450980005, 0.8196078431372548767, 0.9333333333333333481 ) ;
#6398 = LINE ( 'NONE', #3025, #5476 ) ;
#6399 = LINE ( 'NONE', #2220, #1644 ) ;
#6400 = ORIENTED_EDGE ( 'NONE', *, *, #9859, .F. ) ;
#6401 = LINE ( 'NONE', #4763, #6025 ) ;
#6402 = DIRECTION ( 'NONE',  ( 1.000000000000000000, -0.000000000000000000, 0.000000000000000000 ) ) ;
#6403 = DIRECTION ( 'NONE',  ( -0.000000000000000000, -1.000000000000000000, -0.000000000000000000 ) ) ;
#6404 = VECTOR ( 'NONE', #1667, 1000.000000000000000 ) ;
#6405 = CARTESIAN_POINT ( 'NONE',  ( 2.224999999999969891, 0.2000000000000000111, -1.374999999999999334 ) ) ;
#6406 = ADVANCED_FACE ( 'NONE', ( #183 ), #3719, .F. ) ;
#6407 = EDGE_CURVE ( 'NONE', #5048, #3814, #2733, .T. ) ;
#6408 =( GEOMETRIC_REPRESENTATION_CONTEXT ( 3 ) GLOBAL_UNCERTAINTY_ASSIGNED_CONTEXT ( ( #8601 ) ) GLOBAL_UNIT_ASSIGNED_CONTEXT ( ( #2710, #9159, #5510 ) ) REPRESENTATION_CONTEXT ( 'NONE', 'WORKASPACE' ) );
#6409 = VECTOR ( 'NONE', #3072, 1000.000000000000000 ) ;
#6410 = LINE ( 'NONE', #3754, #4757 ) ;
#6411 = ORIENTED_EDGE ( 'NONE', *, *, #4724, .F. ) ;
#6412 = DIRECTION ( 'NONE',  ( 0.000000000000000000, 0.000000000000000000, -1.000000000000000000 ) ) ;
#6413 = DIRECTION ( 'NONE',  ( 0.000000000000000000, -0.000000000000000000, -1.000000000000000000 ) ) ;
#6414 = LINE ( 'NONE', #5347, #4548 ) ;
#6415 = CARTESIAN_POINT ( 'NONE',  ( 0.8750000000000001110, 0.000000000000000000, 2.499999999999999556 ) ) ;
#6416 = ORIENTED_EDGE ( 'NONE', *, *, #5315, .T. ) ;
#6417 = DIRECTION ( 'NONE',  ( 0.000000000000000000, 0.000000000000000000, -1.000000000000000000 ) ) ;
#6418 = ORIENTED_EDGE ( 'NONE', *, *, #1322, .T. ) ;
#6419 = CIRCLE ( 'NONE', #3884, 0.1249999999999998890 ) ;
#6420 = ADVANCED_FACE ( 'NONE', ( #9700 ), #5362, .F. ) ;
#6421 = ADVANCED_FACE ( 'NONE', ( #6268 ), #9757, .T. ) ;
#6422 = EDGE_CURVE ( 'NONE', #9458, #5450, #7531, .T. ) ;
#6423 = PLANE ( 'NONE',  #9858 ) ;
#6424 = FACE_OUTER_BOUND ( 'NONE', #3158, .T. ) ;
#6425 = DIRECTION ( 'NONE',  ( -1.000000000000000000, 0.000000000000000000, -0.000000000000000000 ) ) ;
#6426 = AXIS2_PLACEMENT_3D ( 'NONE', #8203, #3965, #1446 ) ;
#6427 = CARTESIAN_POINT ( 'NONE',  ( 0.3750000000000001665, 0.2000000000000000111, 2.499999999999999556 ) ) ;
#6428 = EDGE_LOOP ( 'NONE', ( #10213, #173, #810, #7936 ) ) ;
#6429 = DIRECTION ( 'NONE',  ( 0.000000000000000000, 0.000000000000000000, -1.000000000000000000 ) ) ;
#6431 = CARTESIAN_POINT ( 'NONE',  ( -2.499999999999984013, 0.2000000000000000111, -0.1250000000000001110 ) ) ;
#6430 = UNCERTAINTY_MEASURE_WITH_UNIT (LENGTH_MEASURE( 1.000000000000000082E-05 ), #5752, 'distance_accuracy_value', 'NONE');
#6432 = CARTESIAN_POINT ( 'NONE',  ( 1.875000000000000000, 0.000000000000000000, 2.499999999999999112 ) ) ;
#6433 = ORIENTED_EDGE ( 'NONE', *, *, #4501, .F. ) ;
#6434 = CARTESIAN_POINT ( 'NONE',  ( -2.499999999999968470, 0.2000000000000000111, 1.125000000000000222 ) ) ;
#6435 = CARTESIAN_POINT ( 'NONE',  ( 2.500000000000000000, 0.2000000000000000111, 0.8749999999999996669 ) ) ;
#6436 = EDGE_LOOP ( 'NONE', ( #7093, #3543, #2852, #6122 ) ) ;
#6437 = SURFACE_STYLE_FILL_AREA ( #9808 ) ;
#6438 = EDGE_LOOP ( 'NONE', ( #4314, #6329, #641, #10762 ) ) ;
#6439 = PRESENTATION_LAYER_ASSIGNMENT (  '', '', ( #1893 ) ) ;
#6440 = DIRECTION ( 'NONE',  ( 1.000000000000000000, 0.000000000000000000, 0.000000000000000000 ) ) ;
#6441 =( NAMED_UNIT ( * ) PLANE_ANGLE_UNIT ( ) SI_UNIT ( $, .RADIAN. ) );
#6442 = ORIENTED_EDGE ( 'NONE', *, *, #5725, .F. ) ;
#6443 = PLANE ( 'NONE',  #1856 ) ;
#6444 = LINE ( 'NONE', #8861, #7438 ) ;
#6445 = ORIENTED_EDGE ( 'NONE', *, *, #3142, .T. ) ;
#6446 = CARTESIAN_POINT ( 'NONE',  ( -1.800000000000000044, 0.2000000000000000111, -1.175000000000000044 ) ) ;
#6447 = ORIENTED_EDGE ( 'NONE', *, *, #8632, .F. ) ;
#6448 = LINE ( 'NONE', #7274, #9852 ) ;
#6449 = PLANE ( 'NONE',  #3858 ) ;
#6450 = ORIENTED_EDGE ( 'NONE', *, *, #5868, .T. ) ;
#6451 = CARTESIAN_POINT ( 'NONE',  ( 1.249999999999999778, 0.2000000000000000111, 2.224999999999969003 ) ) ;
#6452 = CARTESIAN_POINT ( 'NONE',  ( 0.6250000000000003331, 0.2000000000000000111, 2.499999999999999556 ) ) ;
#6453 = DIRECTION ( 'NONE',  ( -0.000000000000000000, -1.000000000000000000, -0.000000000000000000 ) ) ;
#6454 = CARTESIAN_POINT ( 'NONE',  ( -2.224999999999985434, 0.000000000000000000, -0.1250000000000001110 ) ) ;
#6455 = ADVANCED_FACE ( 'NONE', ( #4097 ), #624, .F. ) ;
#6456 = EDGE_CURVE ( 'NONE', #8331, #361, #10135, .T. ) ;
#6457 = ADVANCED_FACE ( 'NONE', ( #5735 ), #10839, .F. ) ;
#6458 = CIRCLE ( 'NONE', #5911, 0.1249999999999998890 ) ;
#6459 = PLANE ( 'NONE',  #1640 ) ;
#6460 = VERTEX_POINT ( 'NONE', #2136 ) ;
#6461 = CARTESIAN_POINT ( 'NONE',  ( 2.500000000000000444, 0.04999999999999969746, 2.500000000000000000 ) ) ;
#6462 = ORIENTED_EDGE ( 'NONE', *, *, #375, .T. ) ;
#6463 = PRESENTATION_STYLE_ASSIGNMENT (( #2990 ) ) ;
#6464 = CARTESIAN_POINT ( 'NONE',  ( 2.225000000000001421, 0.2000000000000000111, 1.625000000000000000 ) ) ;
#6465 = FACE_OUTER_BOUND ( 'NONE', #7607, .T. ) ;
#6466 = CARTESIAN_POINT ( 'NONE',  ( -0.6249999999999996669, 0.04999999999999999584, 2.499999999999999556 ) ) ;
#6467 = ORIENTED_EDGE ( 'NONE', *, *, #4642, .F. ) ;
#6468 = CARTESIAN_POINT ( 'NONE',  ( 1.875000000000000000, 0.05000000000000000278, 0.000000000000000000 ) ) ;
#6469 = ORIENTED_EDGE ( 'NONE', *, *, #1623, .T. ) ;
#6470 = EDGE_CURVE ( 'NONE', #1824, #5921, #5682, .T. ) ;
#6471 = ORIENTED_EDGE ( 'NONE', *, *, #6681, .T. ) ;
#6472 = ADVANCED_FACE ( 'NONE', ( #2358 ), #8439, .T. ) ;
#6473 = VECTOR ( 'NONE', #10410, 1000.000000000000000 ) ;
#6474 = DIRECTION ( 'NONE',  ( 1.971276677246380887E-16, 0.000000000000000000, 1.000000000000000000 ) ) ;
#6475 = DIRECTION ( 'NONE',  ( 0.000000000000000000, 0.000000000000000000, -1.000000000000000000 ) ) ;
#6476 = LINE ( 'NONE', #2131, #8686 ) ;
#6477 = SURFACE_STYLE_USAGE ( .BOTH. , #10835 ) ;
#6478 = ORIENTED_EDGE ( 'NONE', *, *, #10978, .T. ) ;
#6479 = DIRECTION ( 'NONE',  ( 0.000000000000000000, 0.000000000000000000, -1.000000000000000000 ) ) ;
#6480 = CARTESIAN_POINT ( 'NONE',  ( 0.1250000000000004163, 0.000000000000000000, 2.499999999999999556 ) ) ;
#6481 = DIRECTION ( 'NONE',  ( -1.000000000000000000, 0.000000000000000000, 0.000000000000000000 ) ) ;
#6482 = VERTEX_POINT ( 'NONE', #2252 ) ;
#6483 = FACE_OUTER_BOUND ( 'NONE', #7036, .T. ) ;
#6484 = LINE ( 'NONE', #9975, #3998 ) ;
#6485 = ORIENTED_EDGE ( 'NONE', *, *, #10891, .T. ) ;
#6486 = DIRECTION ( 'NONE',  ( 0.000000000000000000, 0.000000000000000000, 1.000000000000000000 ) ) ;
#6487 = EDGE_CURVE ( 'NONE', #7967, #9764, #10189, .T. ) ;
#6488 = EDGE_CURVE ( 'NONE', #7554, #9274, #2878, .T. ) ;
#6489 = ADVANCED_FACE ( 'NONE', ( #5839 ), #5624, .F. ) ;
#6490 = FACE_OUTER_BOUND ( 'NONE', #9816, .T. ) ;
#6491 = CARTESIAN_POINT ( 'NONE',  ( 2.500000000000000000, 0.000000000000000000, -0.1250000000000000555 ) ) ;
#6492 =( NAMED_UNIT ( * ) SI_UNIT ( $, .STERADIAN. ) SOLID_ANGLE_UNIT ( ) );
#6493 = EDGE_LOOP ( 'NONE', ( #8459, #7750, #441, #9865 ) ) ;
#6494 = CYLINDRICAL_SURFACE ( 'NONE', #5326, 0.1249999999999998890 ) ;
#6495 = CARTESIAN_POINT ( 'NONE',  ( 2.224999999999965006, 0.2000000000000000111, -1.749999999999999334 ) ) ;
#6496 = VERTEX_POINT ( 'NONE', #8320 ) ;
#6497 = DIRECTION ( 'NONE',  ( -0.000000000000000000, -1.000000000000000000, -0.000000000000000000 ) ) ;
#6498 = EDGE_LOOP ( 'NONE', ( #9991, #2253, #8357, #9709 ) ) ;
#6499 = DIRECTION ( 'NONE',  ( -0.000000000000000000, -1.000000000000000000, -0.000000000000000000 ) ) ;
#6500 = EDGE_CURVE ( 'NONE', #111, #9804, #9177, .T. ) ;
#6501 = ORIENTED_EDGE ( 'NONE', *, *, #2810, .T. ) ;
#6502 = LINE ( 'NONE', #4654, #8752 ) ;
#6503 = DIRECTION ( 'NONE',  ( 0.000000000000000000, 0.000000000000000000, -1.000000000000000000 ) ) ;
#6504 = VERTEX_POINT ( 'NONE', #11050 ) ;
#6505 = PLANE ( 'NONE',  #10961 ) ;
#6506 = CARTESIAN_POINT ( 'NONE',  ( -0.6249999999999995559, 0.2000000000000000111, -2.225000000000001421 ) ) ;
#6507 = AXIS2_PLACEMENT_3D ( 'NONE', #7906, #7788, #11268 ) ;
#6508 = DIRECTION ( 'NONE',  ( -0.000000000000000000, -1.000000000000000000, -0.000000000000000000 ) ) ;
#6509 = EDGE_CURVE ( 'NONE', #5804, #4200, #9226, .T. ) ;
#6510 = LINE ( 'NONE', #5715, #4469 ) ;
#6511 = VECTOR ( 'NONE', #10623, 1000.000000000000000 ) ;
#6512 = VECTOR ( 'NONE', #2835, 1000.000000000000000 ) ;
#6513 = DIRECTION ( 'NONE',  ( -1.000000000000000000, 0.000000000000000000, -0.000000000000000000 ) ) ;
#6514 = ORIENTED_EDGE ( 'NONE', *, *, #9955, .T. ) ;
#6515 = CARTESIAN_POINT ( 'NONE',  ( 1.800000000000000044, 0.2000000000000000111, 1.649999999999998579 ) ) ;
#6516 = VECTOR ( 'NONE', #8831, 1000.000000000000000 ) ;
#6517 = ORIENTED_EDGE ( 'NONE', *, *, #3045, .T. ) ;
#6518 = LINE ( 'NONE', #5766, #429 ) ;
#6519 = FACE_OUTER_BOUND ( 'NONE', #5258, .T. ) ;
#6520 = DIRECTION ( 'NONE',  ( -0.000000000000000000, -1.000000000000000000, -0.000000000000000000 ) ) ;
#6521 = EDGE_CURVE ( 'NONE', #897, #7990, #1422, .T. ) ;
#6522 = ADVANCED_FACE ( 'NONE', ( #8373 ), #3056, .T. ) ;
#6523 = VECTOR ( 'NONE', #9970, 1000.000000000000000 ) ;
#6524 = ORIENTED_EDGE ( 'NONE', *, *, #7211, .F. ) ;
#6525 = LINE ( 'NONE', #5832, #3514 ) ;
#6526 = ORIENTED_EDGE ( 'NONE', *, *, #5503, .F. ) ;
#6527 = MECHANICAL_DESIGN_GEOMETRIC_PRESENTATION_REPRESENTATION (  '', ( #10171 ), #7113 ) ;
#6528 = AXIS2_PLACEMENT_3D ( 'NONE', #6271, #1157, #10563 ) ;
#6529 = EDGE_CURVE ( 'NONE', #9059, #916, #562, .T. ) ;
#6530 = LINE ( 'NONE', #3049, #2936 ) ;
#6531 = CARTESIAN_POINT ( 'NONE',  ( -0.2499999999999995837, 0.2000000000000000111, -2.224999999999980549 ) ) ;
#6532 =( NAMED_UNIT ( * ) SI_UNIT ( $, .STERADIAN. ) SOLID_ANGLE_UNIT ( ) );
#6533 = EDGE_LOOP ( 'NONE', ( #6852, #10852, #6418, #3680 ) ) ;
#6534 = CARTESIAN_POINT ( 'NONE',  ( 0.3750000000000003331, 0.2000000000000000111, -2.500000000000000000 ) ) ;
#6535 = DIRECTION ( 'NONE',  ( -0.000000000000000000, -0.000000000000000000, -1.000000000000000000 ) ) ;
#6536 = CARTESIAN_POINT ( 'NONE',  ( -0.1249999999999996531, 0.2000000000000000111, -2.500000000000000000 ) ) ;
#6537 = ORIENTED_EDGE ( 'NONE', *, *, #5328, .F. ) ;
#6538 = FILL_AREA_STYLE_COLOUR ( '', #5168 ) ;
#6539 = COLOUR_RGB ( '',0.7921568627450980005, 0.8196078431372548767, 0.9333333333333333481 ) ;
#6540 = CARTESIAN_POINT ( 'NONE',  ( 1.281329840210148883E-15, 0.05000000000000000278, 1.625000000000001554 ) ) ;
#6541 = ORIENTED_EDGE ( 'NONE', *, *, #6372, .T. ) ;
#6542 = CARTESIAN_POINT ( 'NONE',  ( 2.500000000000000444, 0.04999999999999969746, 2.500000000000000000 ) ) ;
#6543 = AXIS2_PLACEMENT_3D ( 'NONE', #4574, #9056, #4731 ) ;
#6544 = STYLED_ITEM ( 'NONE', ( #7421 ), #7412 ) ;
#6545 = ADVANCED_FACE ( 'NONE', ( #4949 ), #1355, .F. ) ;
#6546 = ADVANCED_FACE ( 'NONE', ( #8540 ), #4151, .T. ) ;
#6547 = EDGE_CURVE ( 'NONE', #6933, #5906, #6079, .T. ) ;
#6548 = AXIS2_PLACEMENT_3D ( 'NONE', #1059, #7393, #2986 ) ;
#6549 = DIRECTION ( 'NONE',  ( 0.000000000000000000, -0.000000000000000000, -1.000000000000000000 ) ) ;
#6550 = DIRECTION ( 'NONE',  ( 1.000000000000000000, 0.000000000000000000, -0.000000000000000000 ) ) ;
#6551 = AXIS2_PLACEMENT_3D ( 'NONE', #7011, #161, #2652 ) ;
#6552 = DIRECTION ( 'NONE',  ( 0.000000000000000000, -1.000000000000000000, 0.000000000000000000 ) ) ;
#6553 = VERTEX_POINT ( 'NONE', #7870 ) ;
#6554 = CARTESIAN_POINT ( 'NONE',  ( -1.249999999999999112, 0.04999999999999999584, -2.224999999999969891 ) ) ;
#6555 = CARTESIAN_POINT ( 'NONE',  ( 0.1250000000000004163, 0.2000000000000000111, 2.499999999999999556 ) ) ;
#6556 = ORIENTED_EDGE ( 'NONE', *, *, #1011, .F. ) ;
#6557 = PLANE ( 'NONE',  #22 ) ;
#6558 = VERTEX_POINT ( 'NONE', #10300 ) ;
#6559 = DIRECTION ( 'NONE',  ( -1.000000000000000000, -0.000000000000000000, -0.000000000000000000 ) ) ;
#6560 = ORIENTED_EDGE ( 'NONE', *, *, #1080, .F. ) ;
#6561 = AXIS2_PLACEMENT_3D ( 'NONE', #1673, #93, #783 ) ;
#6562 = CIRCLE ( 'NONE', #7316, 0.1250000000000001110 ) ;
#6563 = AXIS2_PLACEMENT_3D ( 'NONE', #9773, #5428, #8919 ) ;
#6564 = EDGE_CURVE ( 'NONE', #3223, #6553, #1631, .T. ) ;
#6565 = EDGE_CURVE ( 'NONE', #203, #2972, #8349, .T. ) ;
#6566 = AXIS2_PLACEMENT_3D ( 'NONE', #1579, #4219, #2425 ) ;
#6567 = ORIENTED_EDGE ( 'NONE', *, *, #1189, .F. ) ;
#6568 = DIRECTION ( 'NONE',  ( -0.000000000000000000, -1.000000000000000000, -0.000000000000000000 ) ) ;
#6569 = LINE ( 'NONE', #2223, #8340 ) ;
#6570 = CIRCLE ( 'NONE', #5655, 0.1250000000000001110 ) ;
#6571 = CARTESIAN_POINT ( 'NONE',  ( -0.6249999999999995559, 0.2000000000000000111, -2.500000000000000000 ) ) ;
#6572 = VECTOR ( 'NONE', #617, 1000.000000000000000 ) ;
#6573 = ADVANCED_FACE ( 'NONE', ( #2471 ), #2594, .T. ) ;
#6574 = LINE ( 'NONE', #10167, #3459 ) ;
#6575 = LINE ( 'NONE', #1385, #5295 ) ;
#6576 = ORIENTED_EDGE ( 'NONE', *, *, #10106, .F. ) ;
#6577 = CYLINDRICAL_SURFACE ( 'NONE', #3089, 0.1249999999999996808 ) ;
#6578 = AXIS2_PLACEMENT_3D ( 'NONE', #10059, #5030, #10281 ) ;
#6579 = VERTEX_POINT ( 'NONE', #8657 ) ;
#6580 = FILL_AREA_STYLE ('',( #1445 ) ) ;
#6581 = LINE ( 'NONE', #900, #805 ) ;
#6582 = DIRECTION ( 'NONE',  ( 0.000000000000000000, 0.000000000000000000, -1.000000000000000000 ) ) ;
#6583 = PLANE ( 'NONE',  #5072 ) ;
#6584 = STYLED_ITEM ( 'NONE', ( #9235 ), #3585 ) ;
#6585 = ORIENTED_EDGE ( 'NONE', *, *, #2966, .F. ) ;
#6586 = DIRECTION ( 'NONE',  ( 0.000000000000000000, 0.000000000000000000, -1.000000000000000000 ) ) ;
#6587 = VERTEX_POINT ( 'NONE', #2653 ) ;
#6588 = VECTOR ( 'NONE', #6667, 1000.000000000000000 ) ;
#6589 = VECTOR ( 'NONE', #6593, 1000.000000000000000 ) ;
#6590 = ADVANCED_FACE ( 'NONE', ( #9566 ), #5950, .T. ) ;
#6591 = DIRECTION ( 'NONE',  ( 0.000000000000000000, 0.000000000000000000, -1.000000000000000000 ) ) ;
#6592 = LINE ( 'NONE', #3166, #8146 ) ;
#6593 = DIRECTION ( 'NONE',  ( 0.000000000000000000, -1.000000000000000000, 0.000000000000000000 ) ) ;
#6594 = ORIENTED_EDGE ( 'NONE', *, *, #8866, .T. ) ;
#6595 = LINE ( 'NONE', #1456, #6787 ) ;
#6596 = CARTESIAN_POINT ( 'NONE',  ( -0.6249999999999995559, 0.000000000000000000, -2.500000000000000000 ) ) ;
#6597 = DIRECTION ( 'NONE',  ( -0.000000000000000000, 1.000000000000000000, -0.000000000000000000 ) ) ;
#6598 = MECHANICAL_DESIGN_GEOMETRIC_PRESENTATION_REPRESENTATION (  '', ( #8982 ), #6408 ) ;
#6599 = ORIENTED_EDGE ( 'NONE', *, *, #5232, .T. ) ;
#6600 = AXIS2_PLACEMENT_3D ( 'NONE', #8769, #11107, #3339 ) ;
#6601 = CARTESIAN_POINT ( 'NONE',  ( 0.8750000000000002220, 0.2000000000000000111, -2.500000000000000000 ) ) ;
#6602 = CARTESIAN_POINT ( 'NONE',  ( 2.224999999999980549, 0.2000000000000000111, -0.2499999999999998890 ) ) ;
#6603 = VERTEX_POINT ( 'NONE', #1801 ) ;
#6604 = FILL_AREA_STYLE ('',( #3121 ) ) ;
#6605 = AXIS2_PLACEMENT_3D ( 'NONE', #4677, #5564, #7295 ) ;
#6606 = EDGE_CURVE ( 'NONE', #532, #1573, #857, .T. ) ;
#6607 = EDGE_CURVE ( 'NONE', #7403, #4068, #6879, .T. ) ;
#6608 = EDGE_CURVE ( 'NONE', #11178, #734, #5972, .T. ) ;
#6609 = AXIS2_PLACEMENT_3D ( 'NONE', #9957, #443, #4087 ) ;
#6610 = VECTOR ( 'NONE', #7180, 1000.000000000000000 ) ;
#6611 = CARTESIAN_POINT ( 'NONE',  ( -1.374999999999999334, 0.2000000000000000111, 2.500000000000000000 ) ) ;
#6612 = DIRECTION ( 'NONE',  ( 0.000000000000000000, -1.000000000000000000, 0.000000000000000000 ) ) ;
#6613 = CARTESIAN_POINT ( 'NONE',  ( -2.499999999999999556, 0.2000000000000000111, -1.875000000000000000 ) ) ;
#6614 = ORIENTED_EDGE ( 'NONE', *, *, #4817, .T. ) ;
#6615 = CARTESIAN_POINT ( 'NONE',  ( 2.224999999999969891, 0.000000000000000000, -1.374999999999999334 ) ) ;
#6616 = CARTESIAN_POINT ( 'NONE',  ( -0.1249999999999998335, 0.2000000000000000111, 2.225000000000000977 ) ) ;
#6617 = CARTESIAN_POINT ( 'NONE',  ( 2.225000000000001421, 0.2000000000000000111, -1.124999999999999556 ) ) ;
#6618 = EDGE_LOOP ( 'NONE', ( #6006, #1846, #5052, #7016 ) ) ;
#6619 = DIRECTION ( 'NONE',  ( 1.000000000000000000, 0.000000000000000000, 0.000000000000000000 ) ) ;
#6620 = ORIENTED_EDGE ( 'NONE', *, *, #10970, .T. ) ;
#6621 = FACE_OUTER_BOUND ( 'NONE', #10394, .T. ) ;
#6622 = COLOUR_RGB ( '',0.7921568627450980005, 0.8196078431372548767, 0.9333333333333333481 ) ;
#6623 = ORIENTED_EDGE ( 'NONE', *, *, #306, .F. ) ;
#6624 = MECHANICAL_DESIGN_GEOMETRIC_PRESENTATION_REPRESENTATION (  '', ( #9172 ), #5707 ) ;
#6625 = EDGE_CURVE ( 'NONE', #6887, #5048, #3429, .T. ) ;
#6626 =( NAMED_UNIT ( * ) SI_UNIT ( $, .STERADIAN. ) SOLID_ANGLE_UNIT ( ) );
#6627 = PLANE ( 'NONE',  #4385 ) ;
#6628 = CARTESIAN_POINT ( 'NONE',  ( 1.625000000000000000, 0.2000000000000000111, 2.499999999999999112 ) ) ;
#6629 = ORIENTED_EDGE ( 'NONE', *, *, #8299, .T. ) ;
#6630 = CARTESIAN_POINT ( 'NONE',  ( 1.749999999999999778, 0.2000000000000000111, 2.224999999999964118 ) ) ;
#6631 = LINE ( 'NONE', #1603, #2481 ) ;
#6632 = DIRECTION ( 'NONE',  ( 0.000000000000000000, 1.000000000000000000, 0.000000000000000000 ) ) ;
#6633 = ADVANCED_FACE ( 'NONE', ( #8603 ), #7012, .T. ) ;
#6634 = EDGE_CURVE ( 'NONE', #10963, #4086, #912, .T. ) ;
#6635 = ADVANCED_FACE ( 'NONE', ( #3523 ), #8710, .T. ) ;
#6636 =( LENGTH_UNIT ( ) NAMED_UNIT ( * ) SI_UNIT ( .MILLI., .METRE. ) );
#6637 = DIRECTION ( 'NONE',  ( 0.000000000000000000, 1.000000000000000000, -0.000000000000000000 ) ) ;
#6638 = ORIENTED_EDGE ( 'NONE', *, *, #8594, .T. ) ;
#6639 = DIRECTION ( 'NONE',  ( 0.000000000000000000, 0.000000000000000000, -1.000000000000000000 ) ) ;
#6640 = VERTEX_POINT ( 'NONE', #9504 ) ;
#6641 = DIRECTION ( 'NONE',  ( 0.000000000000000000, -1.000000000000000000, 0.000000000000000000 ) ) ;
#6642 = FACE_OUTER_BOUND ( 'NONE', #7734, .T. ) ;
#6643 = DIRECTION ( 'NONE',  ( 0.000000000000000000, 1.000000000000000000, -0.000000000000000000 ) ) ;
#6644 = CARTESIAN_POINT ( 'NONE',  ( 1.625000000000000222, 0.000000000000000000, -2.225000000000001421 ) ) ;
#6645 = ORIENTED_EDGE ( 'NONE', *, *, #7002, .F. ) ;
#6646 = CARTESIAN_POINT ( 'NONE',  ( -1.124999999999999334, 0.000000000000000000, -2.500000000000000000 ) ) ;
#6647 = EDGE_CURVE ( 'NONE', #8564, #3474, #5177, .T. ) ;
#6648 = ORIENTED_EDGE ( 'NONE', *, *, #6488, .F. ) ;
#6649 = CYLINDRICAL_SURFACE ( 'NONE', #1296, 0.1249999999999998890 ) ;
#6650 = DIRECTION ( 'NONE',  ( -0.000000000000000000, 0.000000000000000000, 1.000000000000000000 ) ) ;
#6651 = PLANE ( 'NONE',  #9884 ) ;
#6652 = ORIENTED_EDGE ( 'NONE', *, *, #1959, .F. ) ;
#6653 = FACE_OUTER_BOUND ( 'NONE', #5942, .T. ) ;
#6655 = FACE_OUTER_BOUND ( 'NONE', #2836, .T. ) ;
#6654 = UNCERTAINTY_MEASURE_WITH_UNIT (LENGTH_MEASURE( 1.000000000000000082E-05 ), #4138, 'distance_accuracy_value', 'NONE');
#6656 = DIRECTION ( 'NONE',  ( 0.000000000000000000, -1.000000000000000000, 0.000000000000000000 ) ) ;
#6657 = VERTEX_POINT ( 'NONE', #10252 ) ;
#6658 = CARTESIAN_POINT ( 'NONE',  ( -2.499999999999978684, 0.2000000000000000111, 0.3749999999999998890 ) ) ;
#6659 = DIRECTION ( 'NONE',  ( 0.000000000000000000, 0.000000000000000000, -1.000000000000000000 ) ) ;
#6660 = ORIENTED_EDGE ( 'NONE', *, *, #4193, .F. ) ;
#6661 = VERTEX_POINT ( 'NONE', #2417 ) ;
#6662 = AXIS2_PLACEMENT_3D ( 'NONE', #3818, #7301, #10554 ) ;
#6663 = LINE ( 'NONE', #11244, #8228 ) ;
#6664 = CARTESIAN_POINT ( 'NONE',  ( -2.224999999999964562, 0.2000000000000000111, 1.750000000000000000 ) ) ;
#6665 = SURFACE_STYLE_FILL_AREA ( #10204 ) ;
#6666 = ORIENTED_EDGE ( 'NONE', *, *, #2230, .F. ) ;
#6667 = DIRECTION ( 'NONE',  ( 0.000000000000000000, 0.000000000000000000, -1.000000000000000000 ) ) ;
#6668 = DIRECTION ( 'NONE',  ( -1.000000000000000000, 0.000000000000000000, 0.000000000000000000 ) ) ;
#6669 = DIRECTION ( 'NONE',  ( 8.673617379884057166E-16, 0.000000000000000000, 1.000000000000000000 ) ) ;
#6670 = ORIENTED_EDGE ( 'NONE', *, *, #142, .F. ) ;
#6671 = DIRECTION ( 'NONE',  ( 0.000000000000000000, -0.000000000000000000, -1.000000000000000000 ) ) ;
#6672 = ORIENTED_EDGE ( 'NONE', *, *, #634, .F. ) ;
#6673 = VECTOR ( 'NONE', #5730, 1000.000000000000000 ) ;
#6674 = EDGE_CURVE ( 'NONE', #9335, #5054, #5902, .T. ) ;
#6675 = VERTEX_POINT ( 'NONE', #7989 ) ;
#6676 = ADVANCED_FACE ( 'NONE', ( #1924 ), #2026, .T. ) ;
#6678 = AXIS2_PLACEMENT_3D ( 'NONE', #1223, #4658, #4819 ) ;
#6677 =( NAMED_UNIT ( * ) SI_UNIT ( $, .STERADIAN. ) SOLID_ANGLE_UNIT ( ) );
#6679 = FACE_OUTER_BOUND ( 'NONE', #4910, .T. ) ;
#6680 = ORIENTED_EDGE ( 'NONE', *, *, #2144, .T. ) ;
#6681 = EDGE_CURVE ( 'NONE', #168, #3735, #7815, .T. ) ;
#6682 = CARTESIAN_POINT ( 'NONE',  ( -1.749999999999999334, 0.2000000000000000111, 2.225000000000001421 ) ) ;
#6683 = LINE ( 'NONE', #4011, #10716 ) ;
#6684 = ORIENTED_EDGE ( 'NONE', *, *, #3275, .F. ) ;
#6685 = EDGE_CURVE ( 'NONE', #6657, #6587, #6307, .T. ) ;
#6686 = DIRECTION ( 'NONE',  ( 1.000000000000000000, -0.000000000000000000, -1.971276677246380640E-16 ) ) ;
#6687 = CARTESIAN_POINT ( 'NONE',  ( 2.500000000000000000, 0.2000000000000000111, -0.1250000000000000555 ) ) ;
#6688 = AXIS2_PLACEMENT_3D ( 'NONE', #8018, #2102, #5483 ) ;
#6689 = FACE_OUTER_BOUND ( 'NONE', #11195, .T. ) ;
#6690 = EDGE_CURVE ( 'NONE', #10490, #4068, #10765, .T. ) ;
#6691 = ORIENTED_EDGE ( 'NONE', *, *, #10969, .T. ) ;
#6692 = EDGE_CURVE ( 'NONE', #6482, #3188, #3703, .T. ) ;
#6693 = DIRECTION ( 'NONE',  ( 0.000000000000000000, 0.000000000000000000, -1.000000000000000000 ) ) ;
#6694 = ORIENTED_EDGE ( 'NONE', *, *, #5381, .F. ) ;
#6695 = PRESENTATION_STYLE_ASSIGNMENT (( #3265 ) ) ;
#6696 = LINE ( 'NONE', #10987, #7918 ) ;
#6697 = FACE_OUTER_BOUND ( 'NONE', #2301, .T. ) ;
#6698 = DIRECTION ( 'NONE',  ( -0.000000000000000000, -1.000000000000000000, -0.000000000000000000 ) ) ;
#6699 = ORIENTED_EDGE ( 'NONE', *, *, #10402, .T. ) ;
#6700 = VECTOR ( 'NONE', #4227, 1000.000000000000000 ) ;
#6701 = CARTESIAN_POINT ( 'NONE',  ( -2.224999999999969447, 0.2000000000000000111, 1.375000000000000000 ) ) ;
#6702 = CLOSED_SHELL ( 'NONE', ( #8812, #2787, #4814, #7243, #1175, #4337 ) ) ;
#6703 = AXIS2_PLACEMENT_3D ( 'NONE', #10941, #3171, #3116 ) ;
#6704 = EDGE_CURVE ( 'NONE', #1791, #8607, #8046, .T. ) ;
#6705 = CARTESIAN_POINT ( 'NONE',  ( 0.2500000000000004441, 0.2000000000000000111, -2.224999999999985878 ) ) ;
#6706 = VECTOR ( 'NONE', #7888, 1000.000000000000000 ) ;
#6707 = DIRECTION ( 'NONE',  ( 0.000000000000000000, 0.000000000000000000, -1.000000000000000000 ) ) ;
#6708 = ORIENTED_EDGE ( 'NONE', *, *, #7408, .F. ) ;
#6709 = CARTESIAN_POINT ( 'NONE',  ( 1.649999999999998801, 0.2000000000000000111, -1.800000000000000044 ) ) ;
#6710 = CARTESIAN_POINT ( 'NONE',  ( -2.225000000000000977, 0.2000000000000000111, -1.750000000000000000 ) ) ;
#6711 = DIRECTION ( 'NONE',  ( 0.000000000000000000, -0.000000000000000000, -1.000000000000000000 ) ) ;
#6712 = ORIENTED_EDGE ( 'NONE', *, *, #6300, .T. ) ;
#6713 = CARTESIAN_POINT ( 'NONE',  ( 0.6250000000000004441, 0.2000000000000000111, -2.500000000000000000 ) ) ;
#6714 = ORIENTED_EDGE ( 'NONE', *, *, #1511, .F. ) ;
#6715 = VERTEX_POINT ( 'NONE', #2713 ) ;
#6716 = SURFACE_STYLE_USAGE ( .BOTH. , #1361 ) ;
#6717 = ORIENTED_EDGE ( 'NONE', *, *, #8731, .T. ) ;
#6718 = EDGE_CURVE ( 'NONE', #10564, #11236, #1140, .T. ) ;
#6719 = CARTESIAN_POINT ( 'NONE',  ( -2.224999999999985434, 0.000000000000000000, -0.2500000000000000000 ) ) ;
#6720 = CARTESIAN_POINT ( 'NONE',  ( -1.649999999999999911, 0.2000000000000000111, 1.649999999999999689 ) ) ;
#6721 = MECHANICAL_DESIGN_GEOMETRIC_PRESENTATION_REPRESENTATION (  '', ( #5267 ), #9840 ) ;
#6722 = ORIENTED_EDGE ( 'NONE', *, *, #7781, .F. ) ;
#6723 = AXIS2_PLACEMENT_3D ( 'NONE', #5242, #7826, #11194 ) ;
#6724 = DIRECTION ( 'NONE',  ( -1.000000000000000000, 0.000000000000000000, 0.000000000000000000 ) ) ;
#6725 = DIRECTION ( 'NONE',  ( 0.000000000000000000, -1.000000000000000000, 0.000000000000000000 ) ) ;
#6726 = DIRECTION ( 'NONE',  ( 0.000000000000000000, 0.000000000000000000, -1.000000000000000000 ) ) ;
#6727 = FACE_OUTER_BOUND ( 'NONE', #1920, .T. ) ;
#6728 = AXIS2_PLACEMENT_3D ( 'NONE', #1767, #15, #9459 ) ;
#6729 = EDGE_LOOP ( 'NONE', ( #4152, #5530, #5021, #10709 ) ) ;
#6730 = PLANE ( 'NONE',  #10994 ) ;
#6731 = CARTESIAN_POINT ( 'NONE',  ( 2.500000000000000000, 0.2000000000000000111, 1.125000000000000000 ) ) ;
#6732 = ORIENTED_EDGE ( 'NONE', *, *, #5772, .F. ) ;
#6733 = SURFACE_SIDE_STYLE ('',( #9293 ) ) ;
#6734 = ORIENTED_EDGE ( 'NONE', *, *, #7029, .F. ) ;
#6735 = ORIENTED_EDGE ( 'NONE', *, *, #7835, .T. ) ;
#6736 = MECHANICAL_DESIGN_GEOMETRIC_PRESENTATION_REPRESENTATION (  '', ( #7121 ), #10390 ) ;
#6737 = AXIS2_PLACEMENT_3D ( 'NONE', #10553, #9629, #2725 ) ;
#6738 = VECTOR ( 'NONE', #9850, 1000.000000000000000 ) ;
#6739 = ADVANCED_FACE ( 'NONE', ( #9793 ), #5454, .F. ) ;
#6740 = ADVANCED_FACE ( 'NONE', ( #3584 ), #10605, .F. ) ;
#6741 = CARTESIAN_POINT ( 'NONE',  ( 2.500000000000000000, 0.04999999999999999584, 0.1250000000000001665 ) ) ;
#6742 = ORIENTED_EDGE ( 'NONE', *, *, #3648, .F. ) ;
#6743 = FACE_OUTER_BOUND ( 'NONE', #4582, .T. ) ;
#6744 = LINE ( 'NONE', #10112, #4708 ) ;
#6745 = CIRCLE ( 'NONE', #7496, 0.1249999999999998890 ) ;
#6746 = ORIENTED_EDGE ( 'NONE', *, *, #1677, .T. ) ;
#6747 = VECTOR ( 'NONE', #8746, 1000.000000000000000 ) ;
#6748 = VECTOR ( 'NONE', #1217, 1000.000000000000000 ) ;
#6749 = FACE_OUTER_BOUND ( 'NONE', #9294, .T. ) ;
#6750 = EDGE_LOOP ( 'NONE', ( #9076, #2199, #7957, #1410 ) ) ;
#6751 = EDGE_CURVE ( 'NONE', #3994, #203, #4672, .T. ) ;
#6752 = AXIS2_PLACEMENT_3D ( 'NONE', #5740, #9232, #1414 ) ;
#6753 = VECTOR ( 'NONE', #4020, 1000.000000000000000 ) ;
#6754 = CARTESIAN_POINT ( 'NONE',  ( -0.8749999999999994449, 0.2000000000000000111, 2.499999999999999556 ) ) ;
#6755 = CARTESIAN_POINT ( 'NONE',  ( -1.624999999999999334, 0.2000000000000000111, -2.225000000000001421 ) ) ;
#6756 = EDGE_LOOP ( 'NONE', ( #7885, #9008 ) ) ;
#6757 = CARTESIAN_POINT ( 'NONE',  ( -1.249999999999999112, 0.2000000000000000111, -2.224999999999969891 ) ) ;
#6758 = VERTEX_POINT ( 'NONE', #6188 ) ;
#6759 = LINE ( 'NONE', #10173, #3524 ) ;
#6760 = DIRECTION ( 'NONE',  ( 0.000000000000000000, 0.000000000000000000, -1.000000000000000000 ) ) ;
#6761 = CARTESIAN_POINT ( 'NONE',  ( -0.3749999999999996114, 0.2000000000000000111, 2.225000000000000977 ) ) ;
#6762 = CARTESIAN_POINT ( 'NONE',  ( -0.8749999999999994449, 0.2000000000000000111, 2.225000000000000977 ) ) ;
#6763 = VECTOR ( 'NONE', #2841, 1000.000000000000000 ) ;
#6764 = ORIENTED_EDGE ( 'NONE', *, *, #5505, .T. ) ;
#6765 = CARTESIAN_POINT ( 'NONE',  ( -2.224999999999964562, 0.000000000000000000, 1.750000000000000000 ) ) ;
#6766 = MECHANICAL_DESIGN_GEOMETRIC_PRESENTATION_REPRESENTATION (  '', ( #391 ), #7326 ) ;
#6767 = EDGE_CURVE ( 'NONE', #3984, #5029, #3758, .T. ) ;
#6768 = EDGE_CURVE ( 'NONE', #1555, #8111, #6414, .T. ) ;
#6769 = CIRCLE ( 'NONE', #589, 0.1249999999999996808 ) ;
#6770 = CARTESIAN_POINT ( 'NONE',  ( -1.124999999999999334, 0.000000000000000000, -2.500000000000000000 ) ) ;
#6771 = SURFACE_SIDE_STYLE ('',( #8598 ) ) ;
#6772 = EDGE_LOOP ( 'NONE', ( #6778, #388, #6629, #645 ) ) ;
#6773 = FACE_OUTER_BOUND ( 'NONE', #11284, .T. ) ;
#6774 = LINE ( 'NONE', #5781, #9252 ) ;
#6775 = CARTESIAN_POINT ( 'NONE',  ( -1.649999999999999911, 0.2000000000000000111, 1.649999999999999689 ) ) ;
#6776 = VERTEX_POINT ( 'NONE', #7239 ) ;
#6777 =( NAMED_UNIT ( * ) PLANE_ANGLE_UNIT ( ) SI_UNIT ( $, .RADIAN. ) );
#6778 = ORIENTED_EDGE ( 'NONE', *, *, #9487, .T. ) ;
#6779 = ORIENTED_EDGE ( 'NONE', *, *, #5353, .F. ) ;
#6780 = AXIS2_PLACEMENT_3D ( 'NONE', #11060, #5795, #1473 ) ;
#6781 = EDGE_CURVE ( 'NONE', #6302, #3932, #10712, .T. ) ;
#6782 = EDGE_CURVE ( 'NONE', #1171, #3223, #8187, .T. ) ;
#6783 = EDGE_CURVE ( 'NONE', #2111, #334, #2777, .T. ) ;
#6784 = AXIS2_PLACEMENT_3D ( 'NONE', #1514, #7527, #7467 ) ;
#6785 = CARTESIAN_POINT ( 'NONE',  ( 2.500000000000000000, 0.000000000000000000, -1.124999999999999556 ) ) ;
#6786 = FACE_OUTER_BOUND ( 'NONE', #3342, .T. ) ;
#6787 = VECTOR ( 'NONE', #7584, 1000.000000000000000 ) ;
#6788 = CARTESIAN_POINT ( 'NONE',  ( -1.849999999999999645, 0.8499999999999999778, -1.850000000000000089 ) ) ;
#6789 = VERTEX_POINT ( 'NONE', #6252 ) ;
#6790 = FACE_OUTER_BOUND ( 'NONE', #4682, .T. ) ;
#6791 = CARTESIAN_POINT ( 'NONE',  ( 2.224999999999975220, 0.2000000000000000111, -0.7500000000000000000 ) ) ;
#6792 = CARTESIAN_POINT ( 'NONE',  ( 1.875000000000000000, 0.2000000000000000111, -2.500000000000000000 ) ) ;
#6793 = DIRECTION ( 'NONE',  ( -0.000000000000000000, -1.000000000000000000, -0.000000000000000000 ) ) ;
#6794 = AXIS2_PLACEMENT_3D ( 'NONE', #10770, #2945, #6417 ) ;
#6795 = VERTEX_POINT ( 'NONE', #1087 ) ;
#6796 = DIRECTION ( 'NONE',  ( -0.000000000000000000, -1.000000000000000000, -0.000000000000000000 ) ) ;
#6797 = DIRECTION ( 'NONE',  ( -0.000000000000000000, -1.000000000000000000, -0.000000000000000000 ) ) ;
#6798 = VERTEX_POINT ( 'NONE', #8307 ) ;
#6799 = DIRECTION ( 'NONE',  ( 0.000000000000000000, -0.000000000000000000, -1.000000000000000000 ) ) ;
#6800 = ORIENTED_EDGE ( 'NONE', *, *, #10891, .F. ) ;
#6801 = ORIENTED_EDGE ( 'NONE', *, *, #9067, .T. ) ;
#6802 = EDGE_CURVE ( 'NONE', #2533, #5228, #10123, .T. ) ;
#6803 = AXIS2_PLACEMENT_3D ( 'NONE', #7625, #8698, #10347 ) ;
#6804 =( LENGTH_UNIT ( ) NAMED_UNIT ( * ) SI_UNIT ( .MILLI., .METRE. ) );
#6805 = EDGE_LOOP ( 'NONE', ( #6020, #8618, #947, #2597 ) ) ;
#6806 = PLANE ( 'NONE',  #6578 ) ;
#6807 = CYLINDRICAL_SURFACE ( 'NONE', #152, 0.1499999999999999667 ) ;
#6808 = VERTEX_POINT ( 'NONE', #7577 ) ;
#6809 = VERTEX_POINT ( 'NONE', #6466 ) ;
#6810 = DIRECTION ( 'NONE',  ( 0.000000000000000000, 0.000000000000000000, -1.000000000000000000 ) ) ;
#6811 = ORIENTED_EDGE ( 'NONE', *, *, #5867, .T. ) ;
#6812 = FACE_OUTER_BOUND ( 'NONE', #8144, .T. ) ;
#6813 = LINE ( 'NONE', #2395, #1842 ) ;
#6814 = ORIENTED_EDGE ( 'NONE', *, *, #11250, .F. ) ;
#6815 = ADVANCED_FACE ( 'NONE', ( #10989 ), #6583, .F. ) ;
#6816 = FACE_OUTER_BOUND ( 'NONE', #6438, .T. ) ;
#6817 = LINE ( 'NONE', #10289, #11287 ) ;
#6818 = VERTEX_POINT ( 'NONE', #2122 ) ;
#6819 = DIRECTION ( 'NONE',  ( -0.000000000000000000, -0.000000000000000000, 1.000000000000000000 ) ) ;
#6820 = EDGE_CURVE ( 'NONE', #8140, #7110, #2345, .T. ) ;
#6821 = EDGE_CURVE ( 'NONE', #7247, #7376, #4720, .T. ) ;
#6822 = FACE_OUTER_BOUND ( 'NONE', #6903, .T. ) ;
#6823 = CARTESIAN_POINT ( 'NONE',  ( -2.224999999999990319, 0.2000000000000000111, -0.7500000000000000000 ) ) ;
#6824 = ORIENTED_EDGE ( 'NONE', *, *, #7213, .F. ) ;
#6825 = EDGE_CURVE ( 'NONE', #3939, #909, #3161, .T. ) ;
#6826 = DIRECTION ( 'NONE',  ( 0.000000000000000000, 1.000000000000000000, -0.000000000000000000 ) ) ;
#6827 = DIRECTION ( 'NONE',  ( -0.000000000000000000, -0.000000000000000000, -1.000000000000000000 ) ) ;
#6828 = DIRECTION ( 'NONE',  ( 0.000000000000000000, -0.000000000000000000, -1.000000000000000000 ) ) ;
#6829 = ORIENTED_EDGE ( 'NONE', *, *, #5586, .T. ) ;
#6830 = CARTESIAN_POINT ( 'NONE',  ( 0.1250000000000004163, 0.2000000000000000111, 2.499999999999999556 ) ) ;
#6831 = ORIENTED_EDGE ( 'NONE', *, *, #1356, .T. ) ;
#6832 = ORIENTED_EDGE ( 'NONE', *, *, #7029, .T. ) ;
#6833 = CARTESIAN_POINT ( 'NONE',  ( 1.250000000000000222, 0.04999999999999999584, -2.224999999999996092 ) ) ;
#6834 = FACE_OUTER_BOUND ( 'NONE', #6130, .T. ) ;
#6835 = DIRECTION ( 'NONE',  ( 0.000000000000000000, -1.000000000000000000, 0.000000000000000000 ) ) ;
#6836 = FACE_OUTER_BOUND ( 'NONE', #1015, .T. ) ;
#6837 = PLANE ( 'NONE',  #4415 ) ;
#6838 = EDGE_CURVE ( 'NONE', #1555, #10495, #2240, .T. ) ;
#6839 = VERTEX_POINT ( 'NONE', #6644 ) ;
#6840 = ADVANCED_FACE ( 'NONE', ( #1392 ), #7517, .T. ) ;
#6841 = PLANE ( 'NONE',  #61 ) ;
#6842 = CARTESIAN_POINT ( 'NONE',  ( -2.224999999999980105, 0.000000000000000000, 0.2500000000000000000 ) ) ;
#6843 = DIRECTION ( 'NONE',  ( -0.000000000000000000, -1.000000000000000000, -0.000000000000000000 ) ) ;
#6844 = DIRECTION ( 'NONE',  ( 1.000000000000000000, -0.000000000000000000, 0.000000000000000000 ) ) ;
#6845 = EDGE_CURVE ( 'NONE', #4735, #9943, #6349, .T. ) ;
#6846 = ORIENTED_EDGE ( 'NONE', *, *, #6487, .T. ) ;
#6847 = FACE_OUTER_BOUND ( 'NONE', #5976, .T. ) ;
#6848 = CARTESIAN_POINT ( 'NONE',  ( -2.224999999999985434, 0.2000000000000000111, -0.2500000000000000000 ) ) ;
#6849 = ORIENTED_EDGE ( 'NONE', *, *, #450, .T. ) ;
#6850 = CARTESIAN_POINT ( 'NONE',  ( -1.624999999999999556, 0.2000000000000000111, 2.225000000000001421 ) ) ;
#6851 = ORIENTED_EDGE ( 'NONE', *, *, #5553, .T. ) ;
#6852 = ORIENTED_EDGE ( 'NONE', *, *, #10403, .T. ) ;
#6853 = ORIENTED_EDGE ( 'NONE', *, *, #9727, .T. ) ;
#6854 = LINE ( 'NONE', #11204, #7302 ) ;
#6855 = AXIS2_PLACEMENT_3D ( 'NONE', #9146, #1125, #3907 ) ;
#6856 = LINE ( 'NONE', #2326, #7690 ) ;
#6857 = ORIENTED_EDGE ( 'NONE', *, *, #2188, .F. ) ;
#6858 = LINE ( 'NONE', #10463, #9496 ) ;
#6859 = CARTESIAN_POINT ( 'NONE',  ( -1.874999999999999334, 0.2000000000000000111, -2.500000000000000000 ) ) ;
#6860 = EDGE_CURVE ( 'NONE', #11215, #6876, #9214, .T. ) ;
#6861 = VERTEX_POINT ( 'NONE', #4874 ) ;
#6862 = CYLINDRICAL_SURFACE ( 'NONE', #5895, 0.1249999999999996808 ) ;
#6863 = FACE_OUTER_BOUND ( 'NONE', #4448, .T. ) ;
#6864 = FACE_OUTER_BOUND ( 'NONE', #6428, .T. ) ;
#6865 = ORIENTED_EDGE ( 'NONE', *, *, #8134, .T. ) ;
#6866 = DIRECTION ( 'NONE',  ( 0.000000000000000000, -1.000000000000000000, 0.000000000000000000 ) ) ;
#6867 = EDGE_CURVE ( 'NONE', #3474, #5509, #5768, .T. ) ;
#6868 = ORIENTED_EDGE ( 'NONE', *, *, #266, .F. ) ;
#6869 = CARTESIAN_POINT ( 'NONE',  ( -1.374999999999999334, 0.04999999999999969746, 2.500000000000000000 ) ) ;
#6870 = CARTESIAN_POINT ( 'NONE',  ( 2.500000000000000000, 0.2000000000000000111, 1.125000000000000000 ) ) ;
#6871 = ORIENTED_EDGE ( 'NONE', *, *, #6674, .F. ) ;
#6872 = FACE_OUTER_BOUND ( 'NONE', #2904, .T. ) ;
#6873 = FACE_OUTER_BOUND ( 'NONE', #8832, .T. ) ;
#6874 = EDGE_CURVE ( 'NONE', #3981, #7554, #7400, .T. ) ;
#6875 = LINE ( 'NONE', #9738, #3450 ) ;
#6876 = VERTEX_POINT ( 'NONE', #1289 ) ;
#6877 = CARTESIAN_POINT ( 'NONE',  ( 2.224999999999996092, 0.000000000000000000, 1.250000000000000000 ) ) ;
#6878 = CARTESIAN_POINT ( 'NONE',  ( 0.3750000000000003331, 0.2000000000000000111, -2.500000000000000000 ) ) ;
#6879 = LINE ( 'NONE', #5115, #3804 ) ;
#6880 = ORIENTED_EDGE ( 'NONE', *, *, #5505, .F. ) ;
#6881 = VECTOR ( 'NONE', #331, 1000.000000000000000 ) ;
#6882 = DIRECTION ( 'NONE',  ( -1.000000000000000000, -0.000000000000000000, -0.000000000000000000 ) ) ;
#6883 = ORIENTED_EDGE ( 'NONE', *, *, #11151, .T. ) ;
#6884 = ORIENTED_EDGE ( 'NONE', *, *, #1973, .F. ) ;
#6885 = PLANE ( 'NONE',  #8250 ) ;
#6886 = ORIENTED_EDGE ( 'NONE', *, *, #5945, .F. ) ;
#6887 = VERTEX_POINT ( 'NONE', #9260 ) ;
#6888 = VECTOR ( 'NONE', #11002, 1000.000000000000000 ) ;
#6889 = EDGE_CURVE ( 'NONE', #8222, #801, #1616, .T. ) ;
#6890 = DIRECTION ( 'NONE',  ( -0.000000000000000000, -1.000000000000000000, -0.000000000000000000 ) ) ;
#6891 = DIRECTION ( 'NONE',  ( -0.000000000000000000, -0.000000000000000000, 1.000000000000000000 ) ) ;
#6892 = CARTESIAN_POINT ( 'NONE',  ( 1.374999999999999778, 0.000000000000000000, 2.499999999999999112 ) ) ;
#6893 = DIRECTION ( 'NONE',  ( -1.000000000000000000, 0.000000000000000000, 1.971276677246380887E-16 ) ) ;
#6894 = ORIENTED_EDGE ( 'NONE', *, *, #2495, .T. ) ;
#6895 = DIRECTION ( 'NONE',  ( -1.000000000000000000, 0.000000000000000000, 0.000000000000000000 ) ) ;
#6896 = FACE_OUTER_BOUND ( 'NONE', #5209, .T. ) ;
#6897 = CARTESIAN_POINT ( 'NONE',  ( 0.6250000000000004441, 0.2000000000000000111, -2.500000000000000000 ) ) ;
#6898 = LINE ( 'NONE', #2487, #706 ) ;
#6899 = EDGE_LOOP ( 'NONE', ( #1632, #8784, #9606, #1547 ) ) ;
#6900 = CARTESIAN_POINT ( 'NONE',  ( 1.249999999999999778, 0.04999999999999999584, 2.099999999999969003 ) ) ;
#6901 = VECTOR ( 'NONE', #1518, 1000.000000000000000 ) ;
#6902 = LINE ( 'NONE', #4347, #7837 ) ;
#6903 = EDGE_LOOP ( 'NONE', ( #10509, #655, #6044, #8747 ) ) ;
#6904 =( NAMED_UNIT ( * ) PLANE_ANGLE_UNIT ( ) SI_UNIT ( $, .RADIAN. ) );
#6905 = ORIENTED_EDGE ( 'NONE', *, *, #10799, .T. ) ;
#6906 = ORIENTED_EDGE ( 'NONE', *, *, #581, .F. ) ;
#6907 = EDGE_CURVE ( 'NONE', #5019, #8607, #1344, .T. ) ;
#6908 = EDGE_CURVE ( 'NONE', #7110, #4396, #8205, .T. ) ;
#6909 = VECTOR ( 'NONE', #2827, 1000.000000000000000 ) ;
#6910 = FACE_OUTER_BOUND ( 'NONE', #6165, .T. ) ;
#6911 = VERTEX_POINT ( 'NONE', #3042 ) ;
#6912 = CARTESIAN_POINT ( 'NONE',  ( -2.499999999999999556, 0.2000000000000000111, -1.625000000000000222 ) ) ;
#6913 = PLANE ( 'NONE',  #4525 ) ;
#6914 = ORIENTED_EDGE ( 'NONE', *, *, #6246, .F. ) ;
#6915 =( GEOMETRIC_REPRESENTATION_CONTEXT ( 3 ) GLOBAL_UNCERTAINTY_ASSIGNED_CONTEXT ( ( #5733 ) ) GLOBAL_UNIT_ASSIGNED_CONTEXT ( ( #5628, #7208, #9873 ) ) REPRESENTATION_CONTEXT ( 'NONE', 'WORKASPACE' ) );
#6916 = CARTESIAN_POINT ( 'NONE',  ( 1.875000000000000000, 0.2000000000000000111, -2.500000000000000000 ) ) ;
#6917 = AXIS2_PLACEMENT_3D ( 'NONE', #11289, #908, #7864 ) ;
#6918 = ADVANCED_FACE ( 'NONE', ( #8424 ), #10013, .T. ) ;
#6919 = VECTOR ( 'NONE', #5453, 1000.000000000000000 ) ;
#6920 = EDGE_CURVE ( 'NONE', #6789, #4360, #2181, .T. ) ;
#6921 = EDGE_CURVE ( 'NONE', #3133, #5006, #4832, .T. ) ;
#6922 = DIRECTION ( 'NONE',  ( 0.000000000000000000, -1.000000000000000000, 0.000000000000000000 ) ) ;
#6923 = COLOUR_RGB ( '',0.7921568627450980005, 0.8196078431372548767, 0.9333333333333333481 ) ;
#6924 = LINE ( 'NONE', #10342, #2756 ) ;
#6925 = VERTEX_POINT ( 'NONE', #6762 ) ;
#6926 = CYLINDRICAL_SURFACE ( 'NONE', #5027, 0.1499999999999999667 ) ;
#6927 = CIRCLE ( 'NONE', #10759, 0.1249999999999998890 ) ;
#6928 = AXIS2_PLACEMENT_3D ( 'NONE', #6229, #8136, #360 ) ;
#6929 = ORIENTED_EDGE ( 'NONE', *, *, #1609, .T. ) ;
#6930 = DIRECTION ( 'NONE',  ( 7.885106708985522560E-16, 0.000000000000000000, 1.000000000000000000 ) ) ;
#6931 = CARTESIAN_POINT ( 'NONE',  ( -1.849999999999999645, 0.8499999999999999778, -1.850000000000000089 ) ) ;
#6932 = FACE_OUTER_BOUND ( 'NONE', #3485, .T. ) ;
#6933 = VERTEX_POINT ( 'NONE', #5891 ) ;
#6934 = CARTESIAN_POINT ( 'NONE',  ( 0.3750000000000001665, 0.04999999999999999584, 2.225000000000000977 ) ) ;
#6935 = VECTOR ( 'NONE', #4364, 1000.000000000000000 ) ;
#6936 = AXIS2_PLACEMENT_3D ( 'NONE', #5822, #661, #4134 ) ;
#6937 = VECTOR ( 'NONE', #7312, 1000.000000000000000 ) ;
#6938 = DIRECTION ( 'NONE',  ( -1.000000000000000000, 0.000000000000000000, -0.000000000000000000 ) ) ;
#6939 = AXIS2_PLACEMENT_3D ( 'NONE', #2724, #1873, #3816 ) ;
#6940 = ORIENTED_EDGE ( 'NONE', *, *, #6407, .T. ) ;
#6941 = DIRECTION ( 'NONE',  ( 0.000000000000000000, 0.000000000000000000, -1.000000000000000000 ) ) ;
#6942 = CARTESIAN_POINT ( 'NONE',  ( 2.500000000000000444, 0.04999999999999969746, 2.500000000000000000 ) ) ;
#6943 = CARTESIAN_POINT ( 'NONE',  ( 0.2500000000000002776, 0.2000000000000000111, 2.224999999999980105 ) ) ;
#6944 = COLOUR_RGB ( '',0.7921568627450980005, 0.8196078431372548767, 0.9333333333333333481 ) ;
#6945 = ORIENTED_EDGE ( 'NONE', *, *, #2933, .F. ) ;
#6946 = DIRECTION ( 'NONE',  ( 1.000000000000000000, 0.000000000000000000, -0.000000000000000000 ) ) ;
#6947 = ORIENTED_EDGE ( 'NONE', *, *, #883, .F. ) ;
#6948 = EDGE_LOOP ( 'NONE', ( #9710, #1050, #6253, #6829 ) ) ;
#6949 = CARTESIAN_POINT ( 'NONE',  ( 0.3750000000000003331, 0.000000000000000000, -2.500000000000000000 ) ) ;
#6950 = EDGE_LOOP ( 'NONE', ( #5371, #2100, #10695, #5385 ) ) ;
#6951 = EDGE_CURVE ( 'NONE', #9648, #9335, #3068, .T. ) ;
#6952 = VECTOR ( 'NONE', #2868, 1000.000000000000000 ) ;
#6953 = VECTOR ( 'NONE', #241, 1000.000000000000000 ) ;
#6954 = CARTESIAN_POINT ( 'NONE',  ( 1.374999999999999778, 0.2000000000000000111, 2.225000000000000533 ) ) ;
#6955 = LINE ( 'NONE', #9515, #6364 ) ;
#6956 = CARTESIAN_POINT ( 'NONE',  ( 0.2500000000000002776, 0.2000000000000000111, 2.224999999999980105 ) ) ;
#6957 = SURFACE_STYLE_FILL_AREA ( #7821 ) ;
#6958 = ORIENTED_EDGE ( 'NONE', *, *, #4467, .T. ) ;
#6959 = PLANE ( 'NONE',  #3309 ) ;
#6960 = CARTESIAN_POINT ( 'NONE',  ( -2.499999999999989342, 0.2000000000000000111, -0.8749999999999998890 ) ) ;
#6961 = LINE ( 'NONE', #4292, #5610 ) ;
#6962 = CARTESIAN_POINT ( 'NONE',  ( -2.224999999999985434, 0.2000000000000000111, -0.1250000000000001110 ) ) ;
#6963 = ORIENTED_EDGE ( 'NONE', *, *, #9877, .T. ) ;
#6964 = VECTOR ( 'NONE', #10333, 1000.000000000000000 ) ;
#6965 = DIRECTION ( 'NONE',  ( 0.000000000000000000, -1.000000000000000000, 0.000000000000000000 ) ) ;
#6966 = DIRECTION ( 'NONE',  ( 0.000000000000000000, 0.000000000000000000, -1.000000000000000000 ) ) ;
#6967 = ORIENTED_EDGE ( 'NONE', *, *, #5104, .F. ) ;
#6968 = CARTESIAN_POINT ( 'NONE',  ( 0.6250000000000004441, 0.04999999999999999584, -2.500000000000000000 ) ) ;
#6969 = ADVANCED_FACE ( 'NONE', ( #2519 ), #3383, .F. ) ;
#6970 = VECTOR ( 'NONE', #11240, 1000.000000000000000 ) ;
#6971 = ORIENTED_EDGE ( 'NONE', *, *, #236, .T. ) ;
#6972 = VERTEX_POINT ( 'NONE', #726 ) ;
#6973 = EDGE_CURVE ( 'NONE', #848, #11241, #4141, .T. ) ;
#6974 = AXIS2_PLACEMENT_3D ( 'NONE', #3418, #73, #10449 ) ;
#6975 = VECTOR ( 'NONE', #11125, 1000.000000000000000 ) ;
#6976 = VECTOR ( 'NONE', #6007, 1000.000000000000000 ) ;
#6977 = LINE ( 'NONE', #10459, #2744 ) ;
#6978 =( LENGTH_UNIT ( ) NAMED_UNIT ( * ) SI_UNIT ( .MILLI., .METRE. ) );
#6979 = ORIENTED_EDGE ( 'NONE', *, *, #8855, .F. ) ;
#6980 = PLANE ( 'NONE',  #3122 ) ;
#6981 = DIRECTION ( 'NONE',  ( -0.000000000000000000, -1.000000000000000000, -0.000000000000000000 ) ) ;
#6982 = CARTESIAN_POINT ( 'NONE',  ( -1.249999999999999556, 0.2000000000000000111, 2.099999999999996092 ) ) ;
#6983 = ORIENTED_EDGE ( 'NONE', *, *, #8902, .F. ) ;
#6984 = DIRECTION ( 'NONE',  ( 0.000000000000000000, 0.000000000000000000, -1.000000000000000000 ) ) ;
#6985 = ORIENTED_EDGE ( 'NONE', *, *, #1322, .F. ) ;
#6986 = ADVANCED_FACE ( 'NONE', ( #2582 ), #9424, .T. ) ;
#6987 = STYLED_ITEM ( 'NONE', ( #6463 ), #11145 ) ;
#6988 = VECTOR ( 'NONE', #5049, 1000.000000000000000 ) ;
#6989 = AXIS2_PLACEMENT_3D ( 'NONE', #9671, #1965, #1855 ) ;
#6990 = ADVANCED_FACE ( 'NONE', ( #5218 ), #6005, .F. ) ;
#6991 = LINE ( 'NONE', #2759, #3843 ) ;
#6992 = AXIS2_PLACEMENT_3D ( 'NONE', #9160, #2991, #2120 ) ;
#6993 = CARTESIAN_POINT ( 'NONE',  ( -1.849999999999999645, 0.8499999999999999778, -1.649999999999999689 ) ) ;
#6994 = EDGE_LOOP ( 'NONE', ( #2961, #10169, #10128, #5611 ) ) ;
#6995 = DIRECTION ( 'NONE',  ( 0.000000000000000000, 0.000000000000000000, -1.000000000000000000 ) ) ;
#6996 = EDGE_LOOP ( 'NONE', ( #4791, #6732, #5351, #10453 ) ) ;
#6997 = ADVANCED_FACE ( 'NONE', ( #8699 ), #5103, .F. ) ;
#6998 = DIRECTION ( 'NONE',  ( 1.000000000000000000, 0.000000000000000000, -7.885106708985523547E-16 ) ) ;
#6999 = PLANE ( 'NONE',  #7731 ) ;
#7000 = ADVANCED_FACE ( 'NONE', ( #6932 ), #1560, .T. ) ;
#7001 = CARTESIAN_POINT ( 'NONE',  ( 2.224999999999985878, 0.2000000000000000111, 0.1250000000000002220 ) ) ;
#7002 = EDGE_CURVE ( 'NONE', #4461, #801, #8528, .T. ) ;
#7003 = ORIENTED_EDGE ( 'NONE', *, *, #6951, .T. ) ;
#7004 = CARTESIAN_POINT ( 'NONE',  ( 1.749999999999999778, 0.000000000000000000, 2.099999999999963674 ) ) ;
#7005 = AXIS2_PLACEMENT_3D ( 'NONE', #10528, #6998, #2579 ) ;
#7006 = COLOUR_RGB ( '',0.7921568627450980005, 0.8196078431372548767, 0.9333333333333333481 ) ;
#7007 = CARTESIAN_POINT ( 'NONE',  ( 2.225000000000001421, 0.2000000000000000111, 1.749999999999999778 ) ) ;
#7008 = ORIENTED_EDGE ( 'NONE', *, *, #9859, .T. ) ;
#7009 = DIRECTION ( 'NONE',  ( 7.885106708985523547E-16, 0.000000000000000000, 1.000000000000000000 ) ) ;
#7010 = CARTESIAN_POINT ( 'NONE',  ( 0.8750000000000002220, 0.2000000000000000111, -2.500000000000000000 ) ) ;
#7011 = CARTESIAN_POINT ( 'NONE',  ( -2.499999999999973799, 0.2000000000000000111, 0.6250000000000001110 ) ) ;
#7012 = PLANE ( 'NONE',  #6337 ) ;
#7013 = EDGE_CURVE ( 'NONE', #2360, #1009, #7797, .T. ) ;
#7014 = ORIENTED_EDGE ( 'NONE', *, *, #9844, .T. ) ;
#7015 = PLANE ( 'NONE',  #5632 ) ;
#7016 = ORIENTED_EDGE ( 'NONE', *, *, #4052, .T. ) ;
#7017 = ORIENTED_EDGE ( 'NONE', *, *, #1212, .T. ) ;
#7018 = CARTESIAN_POINT ( 'NONE',  ( -0.7499999999999994449, 0.04999999999999999584, -2.224999999999975220 ) ) ;
#7019 = ORIENTED_EDGE ( 'NONE', *, *, #3959, .T. ) ;
#7020 = CARTESIAN_POINT ( 'NONE',  ( -1.849999999999999645, 0.8499999999999999778, -2.050000000000000266 ) ) ;
#7021 = CARTESIAN_POINT ( 'NONE',  ( 0.3750000000000001665, 0.2000000000000000111, 2.499999999999999556 ) ) ;
#7022 = DIRECTION ( 'NONE',  ( -0.000000000000000000, -1.000000000000000000, -0.000000000000000000 ) ) ;
#7023 = DIRECTION ( 'NONE',  ( 0.000000000000000000, -0.000000000000000000, 1.000000000000000000 ) ) ;
#7024 = ORIENTED_EDGE ( 'NONE', *, *, #3517, .T. ) ;
#7025 = CARTESIAN_POINT ( 'NONE',  ( 0.2500000000000002776, 0.000000000000000000, 2.224999999999980105 ) ) ;
#7026 = DIRECTION ( 'NONE',  ( 0.000000000000000000, 0.000000000000000000, 1.000000000000000000 ) ) ;
#7027 = CARTESIAN_POINT ( 'NONE',  ( 1.875000000000000000, 0.000000000000000000, -2.500000000000000000 ) ) ;
#7028 = LINE ( 'NONE', #8788, #9093 ) ;
#7029 = EDGE_CURVE ( 'NONE', #9134, #734, #6817, .T. ) ;
#7030 = VERTEX_POINT ( 'NONE', #5043 ) ;
#7031 = CYLINDRICAL_SURFACE ( 'NONE', #5882, 0.1249999999999998890 ) ;
#7032 = DIRECTION ( 'NONE',  ( 0.000000000000000000, 1.000000000000000000, -0.000000000000000000 ) ) ;
#7033 = EDGE_LOOP ( 'NONE', ( #3461, #4142, #5178, #877 ) ) ;
#7034 = PRESENTATION_STYLE_ASSIGNMENT (( #5140 ) ) ;
#7035 = VERTEX_POINT ( 'NONE', #11159 ) ;
#7036 = EDGE_LOOP ( 'NONE', ( #1777, #3784, #381, #10807 ) ) ;
#7037 = VECTOR ( 'NONE', #7374, 1000.000000000000000 ) ;
#7038 = FACE_OUTER_BOUND ( 'NONE', #3182, .T. ) ;
#7039 = ORIENTED_EDGE ( 'NONE', *, *, #712, .T. ) ;
#7040 = FACE_OUTER_BOUND ( 'NONE', #4886, .T. ) ;
#7041 = FACE_OUTER_BOUND ( 'NONE', #5669, .T. ) ;
#7042 = ADVANCED_FACE ( 'NONE', ( #8590 ), #11222, .T. ) ;
#7043 = DIRECTION ( 'NONE',  ( 0.000000000000000000, 0.000000000000000000, -1.000000000000000000 ) ) ;
#7044 = ORIENTED_EDGE ( 'NONE', *, *, #2583, .F. ) ;
#7045 = EDGE_CURVE ( 'NONE', #7199, #7296, #5444, .T. ) ;
#7046 = CARTESIAN_POINT ( 'NONE',  ( -1.874999999999999112, 0.000000000000000000, -2.225000000000001421 ) ) ;
#7047 = VERTEX_POINT ( 'NONE', #42 ) ;
#7048 = EDGE_CURVE ( 'NONE', #801, #9644, #9318, .T. ) ;
#7049 = CARTESIAN_POINT ( 'NONE',  ( -0.6249999999999996669, 0.2000000000000000111, 2.225000000000000977 ) ) ;
#7050 = CARTESIAN_POINT ( 'NONE',  ( 1.625000000000000000, 0.2000000000000000111, 2.499999999999999112 ) ) ;
#7051 = ORIENTED_EDGE ( 'NONE', *, *, #9643, .T. ) ;
#7052 = CYLINDRICAL_SURFACE ( 'NONE', #2108, 0.1250000000000001110 ) ;
#7053 = FACE_OUTER_BOUND ( 'NONE', #9155, .T. ) ;
#7054 = LINE ( 'NONE', #10529, #11175 ) ;
#7055 = CARTESIAN_POINT ( 'NONE',  ( -2.499999999999984013, 0.2000000000000000111, -0.3749999999999998890 ) ) ;
#7056 = ORIENTED_EDGE ( 'NONE', *, *, #5247, .T. ) ;
#7057 = DIRECTION ( 'NONE',  ( -1.000000000000000000, 0.000000000000000000, 7.885106708985522560E-16 ) ) ;
#7058 = EDGE_CURVE ( 'NONE', #5736, #9567, #3245, .T. ) ;
#7059 = EDGE_CURVE ( 'NONE', #5323, #11161, #7106, .T. ) ;
#7060 = ADVANCED_FACE ( 'NONE', ( #8929 ), #3571, .F. ) ;
#7061 = AXIS2_PLACEMENT_3D ( 'NONE', #6452, #10749, #8193 ) ;
#7062 = CARTESIAN_POINT ( 'NONE',  ( -0.8749999999999994449, 0.2000000000000000111, 2.499999999999999556 ) ) ;
#7063 = ORIENTED_EDGE ( 'NONE', *, *, #5703, .T. ) ;
#7064 = DIRECTION ( 'NONE',  ( 0.000000000000000000, 0.000000000000000000, 1.000000000000000000 ) ) ;
#7065 = DIRECTION ( 'NONE',  ( 0.000000000000000000, 0.000000000000000000, 1.000000000000000000 ) ) ;
#7066 = DIRECTION ( 'NONE',  ( -0.000000000000000000, -1.000000000000000000, -0.000000000000000000 ) ) ;
#7067 = DIRECTION ( 'NONE',  ( 0.000000000000000000, -1.000000000000000000, 0.000000000000000000 ) ) ;
#7068 = ORIENTED_EDGE ( 'NONE', *, *, #2201, .T. ) ;
#7069 = EDGE_LOOP ( 'NONE', ( #10205, #1601, #10079, #7532 ) ) ;
#7070 = VERTEX_POINT ( 'NONE', #3950 ) ;
#7071 = DIRECTION ( 'NONE',  ( -1.000000000000000000, 0.000000000000000000, 0.000000000000000000 ) ) ;
#7072 = VERTEX_POINT ( 'NONE', #6297 ) ;
#7073 = ADVANCED_FACE ( 'NONE', ( #3629 ), #7924, .F. ) ;
#7074 = ADVANCED_FACE ( 'NONE', ( #9734 ), #2642, .T. ) ;
#7075 = CARTESIAN_POINT ( 'NONE',  ( 0.1250000000000005829, 0.2000000000000000111, -2.225000000000001421 ) ) ;
#7076 = CARTESIAN_POINT ( 'NONE',  ( -2.224999999999969447, 0.2000000000000000111, 1.250000000000000000 ) ) ;
#7077 = CARTESIAN_POINT ( 'NONE',  ( 2.500000000000000000, 0.2000000000000000111, -0.6250000000000001110 ) ) ;
#7078 = VECTOR ( 'NONE', #6402, 1000.000000000000000 ) ;
#7079 = CYLINDRICAL_SURFACE ( 'NONE', #9497, 0.1249999999999998890 ) ;
#7080 = ORIENTED_EDGE ( 'NONE', *, *, #1811, .T. ) ;
#7081 = DIRECTION ( 'NONE',  ( -0.000000000000000000, -1.000000000000000000, -0.000000000000000000 ) ) ;
#7082 = CYLINDRICAL_SURFACE ( 'NONE', #8741, 0.1499999999999999667 ) ;
#7083 = CARTESIAN_POINT ( 'NONE',  ( 2.500000000000000444, 0.04999999999999969746, 2.500000000000000000 ) ) ;
#7084 = LINE ( 'NONE', #6094, #5599 ) ;
#7085 = ORIENTED_EDGE ( 'NONE', *, *, #9894, .F. ) ;
#7086 =( NAMED_UNIT ( * ) SI_UNIT ( $, .STERADIAN. ) SOLID_ANGLE_UNIT ( ) );
#7087 = CARTESIAN_POINT ( 'NONE',  ( 1.625000000000000000, 0.2000000000000000111, 2.499999999999999112 ) ) ;
#7088 = VERTEX_POINT ( 'NONE', #6121 ) ;
#7089 = SURFACE_SIDE_STYLE ('',( #3420 ) ) ;
#7090 = ORIENTED_EDGE ( 'NONE', *, *, #8130, .F. ) ;
#7091 = AXIS2_PLACEMENT_3D ( 'NONE', #5641, #1316, #3235 ) ;
#7092 = ORIENTED_EDGE ( 'NONE', *, *, #10243, .T. ) ;
#7093 = ORIENTED_EDGE ( 'NONE', *, *, #8173, .T. ) ;
#7094 = CLOSED_SHELL ( 'NONE', ( #7559, #2215, #7258, #3831, #8703, #8889 ) ) ;
#7095 = FACE_OUTER_BOUND ( 'NONE', #5639, .T. ) ;
#7096 = CARTESIAN_POINT ( 'NONE',  ( 2.500000000000000000, 0.000000000000000000, -1.374999999999999334 ) ) ;
#7097 = AXIS2_PLACEMENT_3D ( 'NONE', #4444, #1864, #8888 ) ;
#7098 = ORIENTED_EDGE ( 'NONE', *, *, #8651, .T. ) ;
#7099 = DIRECTION ( 'NONE',  ( 1.000000000000000000, 0.000000000000000000, 0.000000000000000000 ) ) ;
#7100 = CARTESIAN_POINT ( 'NONE',  ( -1.849999999999999645, 0.9000000000000000222, -2.050000000000000266 ) ) ;
#7101 = CARTESIAN_POINT ( 'NONE',  ( -1.249999999999999556, 0.2000000000000000111, 2.224999999999996092 ) ) ;
#7102 = VERTEX_POINT ( 'NONE', #1130 ) ;
#7103 = VECTOR ( 'NONE', #3660, 1000.000000000000000 ) ;
#7104 = LINE ( 'NONE', #643, #8757 ) ;
#7105 = ORIENTED_EDGE ( 'NONE', *, *, #6325, .F. ) ;
#7106 = CIRCLE ( 'NONE', #5079, 0.1250000000000001110 ) ;
#7107 = EDGE_CURVE ( 'NONE', #8576, #1421, #4813, .T. ) ;
#7108 = CYLINDRICAL_SURFACE ( 'NONE', #10397, 0.1250000000000001110 ) ;
#7109 = DIRECTION ( 'NONE',  ( -1.000000000000000000, 0.000000000000000000, 0.000000000000000000 ) ) ;
#7110 = VERTEX_POINT ( 'NONE', #8095 ) ;
#7111 = DIRECTION ( 'NONE',  ( -1.000000000000000000, 0.000000000000000000, -0.000000000000000000 ) ) ;
#7112 = PLANE ( 'NONE',  #8684 ) ;
#7113 =( GEOMETRIC_REPRESENTATION_CONTEXT ( 3 ) GLOBAL_UNCERTAINTY_ASSIGNED_CONTEXT ( ( #7600 ) ) GLOBAL_UNIT_ASSIGNED_CONTEXT ( ( #3241, #763, #1372 ) ) REPRESENTATION_CONTEXT ( 'NONE', 'WORKASPACE' ) );
#7114 = FACE_OUTER_BOUND ( 'NONE', #10089, .T. ) ;
#7115 = AXIS2_PLACEMENT_3D ( 'NONE', #344, #7202, #2846 ) ;
#7116 = CARTESIAN_POINT ( 'NONE',  ( -0.8749999999999994449, 0.04999999999999969746, 2.500000000000000000 ) ) ;
#7117 = AXIS2_PLACEMENT_3D ( 'NONE', #1537, #9399, #9525 ) ;
#7118 = ORIENTED_EDGE ( 'NONE', *, *, #10120, .T. ) ;
#7119 = DIRECTION ( 'NONE',  ( 0.000000000000000000, -0.000000000000000000, -1.000000000000000000 ) ) ;
#7120 = EDGE_CURVE ( 'NONE', #5887, #9463, #2766, .T. ) ;
#7121 = STYLED_ITEM ( 'NONE', ( #10230 ), #7555 ) ;
#7122 = AXIS2_PLACEMENT_3D ( 'NONE', #6791, #4964, #9238 ) ;
#7123 = DIRECTION ( 'NONE',  ( -0.000000000000000000, -1.000000000000000000, -0.000000000000000000 ) ) ;
#7124 = ORIENTED_EDGE ( 'NONE', *, *, #4641, .F. ) ;
#7125 = DIRECTION ( 'NONE',  ( 0.000000000000000000, -0.000000000000000000, -1.000000000000000000 ) ) ;
#7126 = DIRECTION ( 'NONE',  ( -1.000000000000000000, 0.000000000000000000, 0.000000000000000000 ) ) ;
#7127 = DIRECTION ( 'NONE',  ( -1.000000000000000000, 0.000000000000000000, 0.000000000000000000 ) ) ;
#7128 = ORIENTED_EDGE ( 'NONE', *, *, #3397, .T. ) ;
#7129 = AXIS2_PLACEMENT_3D ( 'NONE', #9728, #6168, #6233 ) ;
#7130 = CARTESIAN_POINT ( 'NONE',  ( -1.374999999999999334, 0.2000000000000000111, 2.500000000000000000 ) ) ;
#7131 = ORIENTED_EDGE ( 'NONE', *, *, #8157, .T. ) ;
#7132 = DIRECTION ( 'NONE',  ( 0.000000000000000000, 0.000000000000000000, -1.000000000000000000 ) ) ;
#7133 = EDGE_CURVE ( 'NONE', #8700, #11030, #4893, .T. ) ;
#7134 = ADVANCED_FACE ( 'NONE', ( #473 ), #9669, .T. ) ;
#7135 = AXIS2_PLACEMENT_3D ( 'NONE', #7101, #10576, #2751 ) ;
#7136 = VECTOR ( 'NONE', #7576, 1000.000000000000000 ) ;
#7137 = VECTOR ( 'NONE', #9068, 1000.000000000000000 ) ;
#7138 = ORIENTED_EDGE ( 'NONE', *, *, #5201, .T. ) ;
#7139 = AXIS2_PLACEMENT_3D ( 'NONE', #9603, #5384, #10700 ) ;
#7140 = CARTESIAN_POINT ( 'NONE',  ( 1.625000000000000222, 0.2000000000000000111, -2.225000000000001421 ) ) ;
#7141 = DIRECTION ( 'NONE',  ( 0.000000000000000000, -1.000000000000000000, 0.000000000000000000 ) ) ;
#7142 = EDGE_LOOP ( 'NONE', ( #8462, #11277, #9484, #7394 ) ) ;
#7143 = CARTESIAN_POINT ( 'NONE',  ( -2.224999999999995648, 0.04999999999999999584, -1.375000000000000000 ) ) ;
#7144 = CARTESIAN_POINT ( 'NONE',  ( -0.6249999999999996669, 0.2000000000000000111, 2.499999999999999556 ) ) ;
#7145 = DIRECTION ( 'NONE',  ( 1.000000000000000000, -0.000000000000000000, -0.000000000000000000 ) ) ;
#7146 = LINE ( 'NONE', #6432, #10536 ) ;
#7147 = ORIENTED_EDGE ( 'NONE', *, *, #5430, .T. ) ;
#7148 = SURFACE_STYLE_USAGE ( .BOTH. , #7253 ) ;
#7149 = PLANE ( 'NONE',  #9826 ) ;
#7150 = VERTEX_POINT ( 'NONE', #9609 ) ;
#7151 = EDGE_CURVE ( 'NONE', #3520, #5325, #3691, .T. ) ;
#7152 = EDGE_CURVE ( 'NONE', #1771, #3137, #9783, .T. ) ;
#7153 = ADVANCED_FACE ( 'NONE', ( #1790 ), #1852, .T. ) ;
#7154 = ORIENTED_EDGE ( 'NONE', *, *, #6277, .T. ) ;
#7155 = AXIS2_PLACEMENT_3D ( 'NONE', #5354, #337, #1036 ) ;
#7156 = VERTEX_POINT ( 'NONE', #5389 ) ;
#7157 = MECHANICAL_DESIGN_GEOMETRIC_PRESENTATION_REPRESENTATION (  '', ( #9481 ), #5659 ) ;
#7158 = DIRECTION ( 'NONE',  ( -1.000000000000000000, -0.000000000000000000, -0.000000000000000000 ) ) ;
#7159 = AXIS2_PLACEMENT_3D ( 'NONE', #4473, #833, #4242 ) ;
#7160 = EDGE_LOOP ( 'NONE', ( #467, #4094, #278, #5587 ) ) ;
#7161 = CARTESIAN_POINT ( 'NONE',  ( 0.6250000000000004441, 0.04999999999999999584, -2.225000000000001421 ) ) ;
#7162 = CARTESIAN_POINT ( 'NONE',  ( 1.125000000000000222, 0.000000000000000000, -2.500000000000000000 ) ) ;
#7163 = DIRECTION ( 'NONE',  ( 0.000000000000000000, 0.000000000000000000, 1.000000000000000000 ) ) ;
#7164 = ORIENTED_EDGE ( 'NONE', *, *, #8173, .F. ) ;
#7165 = CARTESIAN_POINT ( 'NONE',  ( 2.500000000000000000, 0.2000000000000000111, -0.8749999999999998890 ) ) ;
#7166 = VERTEX_POINT ( 'NONE', #7116 ) ;
#7167 = EDGE_CURVE ( 'NONE', #7897, #5843, #10592, .T. ) ;
#7168 = VECTOR ( 'NONE', #3413, 1000.000000000000000 ) ;
#7169 = AXIS2_PLACEMENT_3D ( 'NONE', #6427, #8215, #9921 ) ;
#7170 = CARTESIAN_POINT ( 'NONE',  ( -1.849999999999999645, 0.8499999999999999778, -1.850000000000000089 ) ) ;
#7171 = LINE ( 'NONE', #10524, #10399 ) ;
#7172 = ORIENTED_EDGE ( 'NONE', *, *, #9685, .F. ) ;
#7173 = CARTESIAN_POINT ( 'NONE',  ( -2.499999999999999556, 0.9000000000000000222, -2.500000000000000000 ) ) ;
#7174 = CARTESIAN_POINT ( 'NONE',  ( -2.499999999999994227, 0.2000000000000000111, -1.375000000000000000 ) ) ;
#7175 = AXIS2_PLACEMENT_3D ( 'NONE', #11048, #9224, #9968 ) ;
#7176 = CARTESIAN_POINT ( 'NONE',  ( 1.875000000000000000, 0.2000000000000000111, -2.500000000000000000 ) ) ;
#7177 = DIRECTION ( 'NONE',  ( 0.000000000000000000, 0.000000000000000000, -1.000000000000000000 ) ) ;
#7178 = AXIS2_PLACEMENT_3D ( 'NONE', #10928, #4834, #9262 ) ;
#7179 = ORIENTED_EDGE ( 'NONE', *, *, #4532, .F. ) ;
#7180 = DIRECTION ( 'NONE',  ( -0.000000000000000000, -0.000000000000000000, 1.000000000000000000 ) ) ;
#7181 = PRESENTATION_LAYER_ASSIGNMENT (  '', '', ( #5691 ) ) ;
#7182 = EDGE_CURVE ( 'NONE', #7505, #5925, #1796, .T. ) ;
#7183 = FACE_OUTER_BOUND ( 'NONE', #558, .T. ) ;
#7184 = ORIENTED_EDGE ( 'NONE', *, *, #509, .T. ) ;
#7185 = DIRECTION ( 'NONE',  ( 0.000000000000000000, -1.000000000000000000, 0.000000000000000000 ) ) ;
#7186 = CARTESIAN_POINT ( 'NONE',  ( -1.124999999999999556, 0.2000000000000000111, 2.499999999999999556 ) ) ;
#7187 = DIRECTION ( 'NONE',  ( 0.000000000000000000, 1.000000000000000000, 0.000000000000000000 ) ) ;
#7188 = CARTESIAN_POINT ( 'NONE',  ( 0.1249999999999999167, 0.05000000000000000278, -2.464095846557974568E-17 ) ) ;
#7189 = EDGE_CURVE ( 'NONE', #5403, #5840, #5440, .T. ) ;
#7190 = CARTESIAN_POINT ( 'NONE',  ( 1.800000000000000044, 0.2000000000000000111, 1.649999999999998579 ) ) ;
#7191 = ORIENTED_EDGE ( 'NONE', *, *, #6221, .T. ) ;
#7192 = CARTESIAN_POINT ( 'NONE',  ( -2.224999999999995648, 0.2000000000000000111, -1.375000000000000000 ) ) ;
#7193 = ORIENTED_EDGE ( 'NONE', *, *, #8532, .F. ) ;
#7194 = EDGE_CURVE ( 'NONE', #2362, #7376, #3815, .T. ) ;
#7195 = LINE ( 'NONE', #5522, #5485 ) ;
#7196 = LINE ( 'NONE', #9863, #8870 ) ;
#7197 = MANIFOLD_SOLID_BREP ( 'Boss-Extrude3[21]', #5771 ) ;
#7198 = CARTESIAN_POINT ( 'NONE',  ( -0.6249999999999995559, 0.05000000000000000278, 0.000000000000000000 ) ) ;
#7199 = VERTEX_POINT ( 'NONE', #11133 ) ;
#7200 = DIRECTION ( 'NONE',  ( -1.000000000000000000, 0.000000000000000000, 0.000000000000000000 ) ) ;
#7201 = LINE ( 'NONE', #10678, #8351 ) ;
#7202 = DIRECTION ( 'NONE',  ( 0.000000000000000000, 0.000000000000000000, -1.000000000000000000 ) ) ;
#7203 = VERTEX_POINT ( 'NONE', #8398 ) ;
#7204 = EDGE_CURVE ( 'NONE', #9774, #4600, #7382, .T. ) ;
#7205 = SURFACE_STYLE_USAGE ( .BOTH. , #9974 ) ;
#7206 = PLANE ( 'NONE',  #4904 ) ;
#7207 = ORIENTED_EDGE ( 'NONE', *, *, #3791, .T. ) ;
#7208 =( NAMED_UNIT ( * ) PLANE_ANGLE_UNIT ( ) SI_UNIT ( $, .RADIAN. ) );
#7209 = ORIENTED_EDGE ( 'NONE', *, *, #4051, .F. ) ;
#7210 = ORIENTED_EDGE ( 'NONE', *, *, #2985, .F. ) ;
#7211 = EDGE_CURVE ( 'NONE', #739, #10963, #8460, .T. ) ;
#7212 = ADVANCED_FACE ( 'NONE', ( #2213 ), #1592, .F. ) ;
#7213 = EDGE_CURVE ( 'NONE', #7729, #7396, #7553, .T. ) ;
#7214 = CARTESIAN_POINT ( 'NONE',  ( -0.1249999999999996531, 0.000000000000000000, -2.500000000000000000 ) ) ;
#7215 = CARTESIAN_POINT ( 'NONE',  ( -1.649999999999999911, 0.2000000000000000111, -1.649999999999999911 ) ) ;
#7216 = ORIENTED_EDGE ( 'NONE', *, *, #1752, .T. ) ;
#7217 = PLANE ( 'NONE',  #4229 ) ;
#7218 = CARTESIAN_POINT ( 'NONE',  ( 2.500000000000000000, 0.2000000000000000111, 0.1250000000000001665 ) ) ;
#7219 = ORIENTED_EDGE ( 'NONE', *, *, #6845, .F. ) ;
#7220 = CARTESIAN_POINT ( 'NONE',  ( 2.500000000000000000, 0.2000000000000000111, 1.374999999999999778 ) ) ;
#7221 = ORIENTED_EDGE ( 'NONE', *, *, #5503, .T. ) ;
#7222 = MANIFOLD_SOLID_BREP ( 'Boss-Extrude3[9]', #6702 ) ;
#7223 = EDGE_CURVE ( 'NONE', #3137, #3860, #4006, .T. ) ;
#7224 = DIRECTION ( 'NONE',  ( 0.000000000000000000, 1.000000000000000000, -0.000000000000000000 ) ) ;
#7225 = CARTESIAN_POINT ( 'NONE',  ( 1.125000000000000222, 0.2000000000000000111, -2.500000000000000000 ) ) ;
#7226 = ORIENTED_EDGE ( 'NONE', *, *, #3032, .T. ) ;
#7227 = CARTESIAN_POINT ( 'NONE',  ( -2.499999999999989342, 0.2000000000000000111, -0.8749999999999998890 ) ) ;
#7228 = LINE ( 'NONE', #8296, #2127 ) ;
#7229 = CARTESIAN_POINT ( 'NONE',  ( -2.224999999999985434, 0.2000000000000000111, -0.1250000000000001110 ) ) ;
#7230 = ORIENTED_EDGE ( 'NONE', *, *, #10978, .F. ) ;
#7231 = DIRECTION ( 'NONE',  ( 0.000000000000000000, 0.000000000000000000, -1.000000000000000000 ) ) ;
#7232 = MANIFOLD_SOLID_BREP ( 'Boss-Extrude3[17]', #4878 ) ;
#7233 = EDGE_CURVE ( 'NONE', #10608, #7403, #1888, .T. ) ;
#7234 = DIRECTION ( 'NONE',  ( 0.000000000000000000, -1.000000000000000000, 0.000000000000000000 ) ) ;
#7235 = ORIENTED_EDGE ( 'NONE', *, *, #2874, .T. ) ;
#7236 = SURFACE_STYLE_FILL_AREA ( #9790 ) ;
#7237 = CARTESIAN_POINT ( 'NONE',  ( 1.125000000000000000, 0.2000000000000000111, 2.499999999999999556 ) ) ;
#7238 = CARTESIAN_POINT ( 'NONE',  ( -1.649999999999998801, 0.2000000000000000111, 1.799999999999999822 ) ) ;
#7239 = CARTESIAN_POINT ( 'NONE',  ( -1.624999999999999334, 0.2000000000000000111, 2.500000000000000000 ) ) ;
#7240 = ORIENTED_EDGE ( 'NONE', *, *, #10624, .T. ) ;
#7241 = ORIENTED_EDGE ( 'NONE', *, *, #6607, .T. ) ;
#7242 = CYLINDRICAL_SURFACE ( 'NONE', #1496, 0.1250000000000001110 ) ;
#7243 = ADVANCED_FACE ( 'NONE', ( #6621 ), #3606, .F. ) ;
#7244 = DIRECTION ( 'NONE',  ( -1.000000000000000000, 0.000000000000000000, -1.734723475976814589E-15 ) ) ;
#7245 = LINE ( 'NONE', #1199, #3581 ) ;
#7246 =( LENGTH_UNIT ( ) NAMED_UNIT ( * ) SI_UNIT ( .MILLI., .METRE. ) );
#7247 = VERTEX_POINT ( 'NONE', #1769 ) ;
#7248 = CARTESIAN_POINT ( 'NONE',  ( 0.7500000000000003331, 0.000000000000000000, -2.224999999999990763 ) ) ;
#7250 = DIRECTION ( 'NONE',  ( -0.000000000000000000, -1.000000000000000000, -0.000000000000000000 ) ) ;
#7249 = UNCERTAINTY_MEASURE_WITH_UNIT (LENGTH_MEASURE( 1.000000000000000082E-05 ), #5835, 'distance_accuracy_value', 'NONE');
#7251 = LINE ( 'NONE', #6371, #336 ) ;
#7252 = ORIENTED_EDGE ( 'NONE', *, *, #559, .T. ) ;
#7253 = SURFACE_SIDE_STYLE ('',( #9704 ) ) ;
#7254 = FACE_OUTER_BOUND ( 'NONE', #1675, .T. ) ;
#7255 = ORIENTED_EDGE ( 'NONE', *, *, #5460, .T. ) ;
#7256 = FILL_AREA_STYLE_COLOUR ( '', #2331 ) ;
#7257 = VERTEX_POINT ( 'NONE', #6099 ) ;
#7258 = ADVANCED_FACE ( 'NONE', ( #936 ), #8794, .T. ) ;
#7259 = ORIENTED_EDGE ( 'NONE', *, *, #7810, .T. ) ;
#7260 = AXIS2_PLACEMENT_3D ( 'NONE', #1722, #6981, #4414 ) ;
#7261 = DIRECTION ( 'NONE',  ( -1.000000000000000000, 0.000000000000000000, 1.971276677246380887E-16 ) ) ;
#7262 = SURFACE_STYLE_USAGE ( .BOTH. , #8330 ) ;
#7263 = ORIENTED_EDGE ( 'NONE', *, *, #8682, .T. ) ;
#7264 = DIRECTION ( 'NONE',  ( 0.000000000000000000, -1.000000000000000000, 0.000000000000000000 ) ) ;
#7265 = LINE ( 'NONE', #10740, #10569 ) ;
#7266 = VERTEX_POINT ( 'NONE', #5367 ) ;
#7267 = CARTESIAN_POINT ( 'NONE',  ( -1.374999999999999112, 0.000000000000000000, -2.500000000000000000 ) ) ;
#7268 = ORIENTED_EDGE ( 'NONE', *, *, #1752, .F. ) ;
#7269 = ORIENTED_EDGE ( 'NONE', *, *, #2629, .F. ) ;
#7270 = VECTOR ( 'NONE', #9853, 1000.000000000000000 ) ;
#7271 = EDGE_CURVE ( 'NONE', #2050, #3951, #76, .T. ) ;
#7272 = EDGE_CURVE ( 'NONE', #5006, #6496, #4369, .T. ) ;
#7273 = VECTOR ( 'NONE', #10665, 1000.000000000000000 ) ;
#7274 = CARTESIAN_POINT ( 'NONE',  ( -2.499999999999984013, 0.2000000000000000111, -0.1250000000000001110 ) ) ;
#7275 = VECTOR ( 'NONE', #8621, 1000.000000000000000 ) ;
#7276 = VERTEX_POINT ( 'NONE', #6968 ) ;
#7277 = PLANE ( 'NONE',  #5317 ) ;
#7278 = FACE_OUTER_BOUND ( 'NONE', #10214, .T. ) ;
#7279 = CARTESIAN_POINT ( 'NONE',  ( -2.499999999999963141, 0.2000000000000000111, 1.625000000000000222 ) ) ;
#7280 = VECTOR ( 'NONE', #386, 1000.000000000000000 ) ;
#7281 = DIRECTION ( 'NONE',  ( 1.000000000000000000, 0.000000000000000000, 0.000000000000000000 ) ) ;
#7282 = EDGE_CURVE ( 'NONE', #2657, #3994, #2619, .T. ) ;
#7283 = EDGE_CURVE ( 'NONE', #2050, #9885, #9527, .T. ) ;
#7284 = MANIFOLD_SOLID_BREP ( 'Boss-Extrude3[31]', #1413 ) ;
#7285 = COLOUR_RGB ( '',0.7921568627450980005, 0.8196078431372548767, 0.9333333333333333481 ) ;
#7286 = VECTOR ( 'NONE', #7026, 1000.000000000000000 ) ;
#7287 = CARTESIAN_POINT ( 'NONE',  ( 1.125000000000000000, 0.000000000000000000, 2.499999999999999556 ) ) ;
#7288 = EDGE_LOOP ( 'NONE', ( #2752, #29, #937, #529 ) ) ;
#7289 = DIRECTION ( 'NONE',  ( 0.000000000000000000, 0.000000000000000000, -1.000000000000000000 ) ) ;
#7290 = DIRECTION ( 'NONE',  ( 0.000000000000000000, -1.000000000000000000, 0.000000000000000000 ) ) ;
#7291 = LINE ( 'NONE', #9161, #9837 ) ;
#7292 = CARTESIAN_POINT ( 'NONE',  ( -1.249999999999999556, 0.000000000000000000, 2.224999999999996092 ) ) ;
#7293 = DIRECTION ( 'NONE',  ( 0.000000000000000000, 1.000000000000000000, -0.000000000000000000 ) ) ;
#7294 = EDGE_LOOP ( 'NONE', ( #678, #9464, #759, #2346 ) ) ;
#7295 = DIRECTION ( 'NONE',  ( 0.000000000000000000, 0.000000000000000000, -1.000000000000000000 ) ) ;
#7296 = VERTEX_POINT ( 'NONE', #11199 ) ;
#7297 = MECHANICAL_DESIGN_GEOMETRIC_PRESENTATION_REPRESENTATION (  '', ( #6544 ), #8933 ) ;
#7298 = AXIS2_PLACEMENT_3D ( 'NONE', #8423, #6643, #4026 ) ;
#7299 = DIRECTION ( 'NONE',  ( -0.000000000000000000, -1.000000000000000000, -0.000000000000000000 ) ) ;
#7300 = DIRECTION ( 'NONE',  ( -0.000000000000000000, -0.000000000000000000, -1.000000000000000000 ) ) ;
#7301 = DIRECTION ( 'NONE',  ( 0.000000000000000000, 1.000000000000000000, -0.000000000000000000 ) ) ;
#7302 = VECTOR ( 'NONE', #770, 1000.000000000000000 ) ;
#7303 = ORIENTED_EDGE ( 'NONE', *, *, #8664, .T. ) ;
#7304 = DIRECTION ( 'NONE',  ( 0.000000000000000000, 0.000000000000000000, -1.000000000000000000 ) ) ;
#7305 = FACE_OUTER_BOUND ( 'NONE', #7853, .T. ) ;
#7306 = CARTESIAN_POINT ( 'NONE',  ( 1.875000000000000000, 0.000000000000000000, -2.500000000000000000 ) ) ;
#7307 = CARTESIAN_POINT ( 'NONE',  ( -2.499999999999973799, 0.000000000000000000, 0.6250000000000001110 ) ) ;
#7308 = CIRCLE ( 'NONE', #6001, 0.1250000000000001110 ) ;
#7309 = ORIENTED_EDGE ( 'NONE', *, *, #11032, .F. ) ;
#7310 = VECTOR ( 'NONE', #9598, 1000.000000000000000 ) ;
#7311 = CARTESIAN_POINT ( 'NONE',  ( 2.500000000000000000, 0.04999999999999999584, 1.624999999999999778 ) ) ;
#7312 = DIRECTION ( 'NONE',  ( 0.000000000000000000, -1.000000000000000000, 0.000000000000000000 ) ) ;
#7313 = VERTEX_POINT ( 'NONE', #5198 ) ;
#7314 = ORIENTED_EDGE ( 'NONE', *, *, #8186, .T. ) ;
#7315 = AXIS2_PLACEMENT_3D ( 'NONE', #9340, #7424, #7543 ) ;
#7316 = AXIS2_PLACEMENT_3D ( 'NONE', #10857, #4815, #476 ) ;
#7317 = CARTESIAN_POINT ( 'NONE',  ( -2.224999999999969447, 0.2000000000000000111, 1.375000000000000000 ) ) ;
#7318 = CARTESIAN_POINT ( 'NONE',  ( 2.500000000000000000, 0.2000000000000000111, -1.624999999999999556 ) ) ;
#7319 = ORIENTED_EDGE ( 'NONE', *, *, #4003, .F. ) ;
#7320 = EDGE_CURVE ( 'NONE', #8168, #3137, #8678, .T. ) ;
#7321 = DIRECTION ( 'NONE',  ( 0.000000000000000000, 1.000000000000000000, -0.000000000000000000 ) ) ;
#7322 = CARTESIAN_POINT ( 'NONE',  ( -2.499999999999984013, 0.2000000000000000111, -0.3749999999999998890 ) ) ;
#7323 = ORIENTED_EDGE ( 'NONE', *, *, #3791, .F. ) ;
#7324 = CIRCLE ( 'NONE', #6395, 0.1249999999999996808 ) ;
#7325 = EDGE_LOOP ( 'NONE', ( #8905, #2551, #1741, #8628 ) ) ;
#7326 =( GEOMETRIC_REPRESENTATION_CONTEXT ( 3 ) GLOBAL_UNCERTAINTY_ASSIGNED_CONTEXT ( ( #2670 ) ) GLOBAL_UNIT_ASSIGNED_CONTEXT ( ( #6220, #9814, #1996 ) ) REPRESENTATION_CONTEXT ( 'NONE', 'WORKASPACE' ) );
#7327 = EDGE_CURVE ( 'NONE', #6661, #9254, #11260, .T. ) ;
#7328 = MANIFOLD_SOLID_BREP ( 'Boss-Extrude3[29]', #9077 ) ;
#7329 = AXIS2_PLACEMENT_3D ( 'NONE', #2981, #8980, #1180 ) ;
#7330 = CARTESIAN_POINT ( 'NONE',  ( -0.7499999999999995559, 0.2000000000000000111, 2.224999999999990319 ) ) ;
#7331 = ORIENTED_EDGE ( 'NONE', *, *, #7982, .F. ) ;
#7332 = EDGE_CURVE ( 'NONE', #3145, #3939, #881, .T. ) ;
#7333 = CARTESIAN_POINT ( 'NONE',  ( 2.224999999999965006, 0.000000000000000000, -1.874999999999999334 ) ) ;
#7334 = DIRECTION ( 'NONE',  ( 0.000000000000000000, 0.000000000000000000, -1.000000000000000000 ) ) ;
#7335 = CARTESIAN_POINT ( 'NONE',  ( 2.224999999999990763, 0.04999999999999999584, 0.7499999999999997780 ) ) ;
#7336 = VECTOR ( 'NONE', #10502, 1000.000000000000000 ) ;
#7337 = DIRECTION ( 'NONE',  ( -0.000000000000000000, -1.000000000000000000, -0.000000000000000000 ) ) ;
#7338 = COLOUR_RGB ( '',0.7921568627450980005, 0.8196078431372548767, 0.9333333333333333481 ) ;
#7339 = AXIS2_PLACEMENT_3D ( 'NONE', #3183, #10144, #2312 ) ;
#7340 = CARTESIAN_POINT ( 'NONE',  ( 2.500000000000000000, 0.2000000000000000111, -1.624999999999999556 ) ) ;
#7341 = EDGE_CURVE ( 'NONE', #1052, #361, #3826, .T. ) ;
#7342 = EDGE_LOOP ( 'NONE', ( #7762, #6560, #11229, #5957 ) ) ;
#7343 = EDGE_CURVE ( 'NONE', #1230, #1695, #1940, .T. ) ;
#7344 = EDGE_CURVE ( 'NONE', #1221, #7257, #9977, .T. ) ;
#7345 = VECTOR ( 'NONE', #7132, 1000.000000000000000 ) ;
#7346 = LINE ( 'NONE', #7395, #3271 ) ;
#7347 = ORIENTED_EDGE ( 'NONE', *, *, #4238, .F. ) ;
#7348 = CARTESIAN_POINT ( 'NONE',  ( -1.800000000000000044, 0.04999999999999999584, -1.175000000000000044 ) ) ;
#7349 = CARTESIAN_POINT ( 'NONE',  ( -1.374999999999999334, 0.05000000000000000278, 0.000000000000000000 ) ) ;
#7350 = LINE ( 'NONE', #7238, #1119 ) ;
#7351 = DIRECTION ( 'NONE',  ( 0.000000000000000000, -1.000000000000000000, 0.000000000000000000 ) ) ;
#7352 = VERTEX_POINT ( 'NONE', #8964 ) ;
#7353 = PLANE ( 'NONE',  #9522 ) ;
#7354 = ORIENTED_EDGE ( 'NONE', *, *, #5747, .T. ) ;
#7355 = VECTOR ( 'NONE', #6250, 1000.000000000000000 ) ;
#7356 = EDGE_CURVE ( 'NONE', #10787, #897, #10630, .T. ) ;
#7357 = CARTESIAN_POINT ( 'NONE',  ( -1.800000000000000044, 0.2000000000000000111, 1.649999999999998579 ) ) ;
#7358 = DIRECTION ( 'NONE',  ( 0.000000000000000000, -0.000000000000000000, -1.000000000000000000 ) ) ;
#7359 = CARTESIAN_POINT ( 'NONE',  ( -1.849999999999999645, 0.8499999999999999778, -1.649999999999999689 ) ) ;
#7360 = MANIFOLD_SOLID_BREP ( 'Boss-Extrude3[26]', #8013 ) ;
#7361 = VECTOR ( 'NONE', #9608, 1000.000000000000000 ) ;
#7362 = DIRECTION ( 'NONE',  ( 0.000000000000000000, -0.000000000000000000, -1.000000000000000000 ) ) ;
#7363 = VERTEX_POINT ( 'NONE', #8171 ) ;
#7364 = DIRECTION ( 'NONE',  ( 0.000000000000000000, -1.000000000000000000, 0.000000000000000000 ) ) ;
#7366 = DIRECTION ( 'NONE',  ( 0.000000000000000000, -1.000000000000000000, 0.000000000000000000 ) ) ;
#7365 = UNCERTAINTY_MEASURE_WITH_UNIT (LENGTH_MEASURE( 1.000000000000000082E-05 ), #189, 'distance_accuracy_value', 'NONE');
#7367 = CARTESIAN_POINT ( 'NONE',  ( 2.500000000000000444, 0.2000000000000000111, 1.874999999999999778 ) ) ;
#7368 = ORIENTED_EDGE ( 'NONE', *, *, #5024, .T. ) ;
#7369 = CARTESIAN_POINT ( 'NONE',  ( -2.499999999999978684, 0.2000000000000000111, 0.1250000000000001110 ) ) ;
#7370 = LINE ( 'NONE', #1409, #5630 ) ;
#7371 = EDGE_LOOP ( 'NONE', ( #6368, #7573, #8516, #6832 ) ) ;
#7372 = DIRECTION ( 'NONE',  ( 0.000000000000000000, 1.000000000000000000, 0.000000000000000000 ) ) ;
#7373 = DIRECTION ( 'NONE',  ( -1.000000000000000000, -0.000000000000000000, -0.000000000000000000 ) ) ;
#7374 = DIRECTION ( 'NONE',  ( 0.000000000000000000, -1.000000000000000000, 0.000000000000000000 ) ) ;
#7375 = CARTESIAN_POINT ( 'NONE',  ( -2.499999999999973799, 0.2000000000000000111, 0.6250000000000001110 ) ) ;
#7376 = VERTEX_POINT ( 'NONE', #6273 ) ;
#7377 = FACE_OUTER_BOUND ( 'NONE', #5700, .T. ) ;
#7378 = CARTESIAN_POINT ( 'NONE',  ( -0.7499999999999995559, 0.2000000000000000111, 2.099999999999990763 ) ) ;
#7379 = ORIENTED_EDGE ( 'NONE', *, *, #2334, .F. ) ;
#7380 = FACE_OUTER_BOUND ( 'NONE', #10302, .T. ) ;
#7381 = EDGE_LOOP ( 'NONE', ( #2909, #977, #400, #588 ) ) ;
#7382 = LINE ( 'NONE', #3304, #730 ) ;
#7383 = ORIENTED_EDGE ( 'NONE', *, *, #1492, .T. ) ;
#7384 = DIRECTION ( 'NONE',  ( 9.856383386231904433E-17, 0.000000000000000000, 1.000000000000000000 ) ) ;
#7385 = ADVANCED_FACE ( 'NONE', ( #8906 ), #303, .T. ) ;
#7386 = CARTESIAN_POINT ( 'NONE',  ( 1.374999999999999778, 0.000000000000000000, 2.499999999999999112 ) ) ;
#7387 = VERTEX_POINT ( 'NONE', #6321 ) ;
#7388 = DIRECTION ( 'NONE',  ( -0.000000000000000000, -1.000000000000000000, -0.000000000000000000 ) ) ;
#7389 = LINE ( 'NONE', #2926, #1407 ) ;
#7390 = LINE ( 'NONE', #3030, #2062 ) ;
#7391 = FACE_OUTER_BOUND ( 'NONE', #11082, .T. ) ;
#7392 = MANIFOLD_SOLID_BREP ( 'Boss-Extrude3[18]', #2132 ) ;
#7393 = DIRECTION ( 'NONE',  ( 0.000000000000000000, 1.000000000000000000, -0.000000000000000000 ) ) ;
#7394 = ORIENTED_EDGE ( 'NONE', *, *, #10595, .T. ) ;
#7395 = CARTESIAN_POINT ( 'NONE',  ( -1.849999999999999645, 0.8499999999999999778, -2.050000000000000266 ) ) ;
#7396 = VERTEX_POINT ( 'NONE', #4953 ) ;
#7397 = CARTESIAN_POINT ( 'NONE',  ( -0.6249999999999996669, 0.2000000000000000111, 2.499999999999999556 ) ) ;
#7398 = CARTESIAN_POINT ( 'NONE',  ( -2.224999999999974776, 0.04999999999999999584, 0.6250000000000001110 ) ) ;
#7399 = DIRECTION ( 'NONE',  ( -0.000000000000000000, -1.000000000000000000, -0.000000000000000000 ) ) ;
#7400 = LINE ( 'NONE', #8361, #5615 ) ;
#7401 = ORIENTED_EDGE ( 'NONE', *, *, #223, .F. ) ;
#7402 = DIRECTION ( 'NONE',  ( 0.000000000000000000, 1.000000000000000000, -0.000000000000000000 ) ) ;
#7403 = VERTEX_POINT ( 'NONE', #8379 ) ;
#7404 = CIRCLE ( 'NONE', #2839, 0.1250000000000001110 ) ;
#7405 = VERTEX_POINT ( 'NONE', #349 ) ;
#7406 = ADVANCED_FACE ( 'NONE', ( #7537 ), #10036, .T. ) ;
#7407 = EDGE_CURVE ( 'NONE', #4643, #3862, #11007, .T. ) ;
#7408 = EDGE_CURVE ( 'NONE', #7756, #2813, #5908, .T. ) ;
#7409 = VECTOR ( 'NONE', #6366, 1000.000000000000000 ) ;
#7410 = DIRECTION ( 'NONE',  ( 0.000000000000000000, 0.000000000000000000, -1.000000000000000000 ) ) ;
#7411 = PLANE ( 'NONE',  #6102 ) ;
#7412 = MANIFOLD_SOLID_BREP ( 'Boss-Extrude3[20]', #8183 ) ;
#7413 = ORIENTED_EDGE ( 'NONE', *, *, #4702, .T. ) ;
#7414 = DIRECTION ( 'NONE',  ( 1.000000000000000000, 0.000000000000000000, 0.000000000000000000 ) ) ;
#7415 = CARTESIAN_POINT ( 'NONE',  ( -2.225000000000000977, 0.2000000000000000111, -1.625000000000000222 ) ) ;
#7416 = CARTESIAN_POINT ( 'NONE',  ( 2.500000000000000000, 0.2000000000000000111, -1.374999999999999334 ) ) ;
#7417 = ORIENTED_EDGE ( 'NONE', *, *, #1754, .F. ) ;
#7418 = DIRECTION ( 'NONE',  ( 0.000000000000000000, 0.000000000000000000, -1.000000000000000000 ) ) ;
#7419 = PLANE ( 'NONE',  #3075 ) ;
#7420 = ORIENTED_EDGE ( 'NONE', *, *, #7233, .F. ) ;
#7421 = PRESENTATION_STYLE_ASSIGNMENT (( #6716 ) ) ;
#7422 = EDGE_CURVE ( 'NONE', #1444, #11076, #9336, .T. ) ;
#7423 = ADVANCED_FACE ( 'NONE', ( #1523 ), #3176, .F. ) ;
#7424 = DIRECTION ( 'NONE',  ( -0.000000000000000000, -1.000000000000000000, -0.000000000000000000 ) ) ;
#7425 = CARTESIAN_POINT ( 'NONE',  ( 1.875000000000000000, 0.2000000000000000111, -2.500000000000000000 ) ) ;
#7426 = FILL_AREA_STYLE ('',( #5581 ) ) ;
#7427 = ORIENTED_EDGE ( 'NONE', *, *, #6674, .T. ) ;
#7428 = CARTESIAN_POINT ( 'NONE',  ( -2.224999999999974776, 0.04999999999999999584, 0.8749999999999998890 ) ) ;
#7429 = DIRECTION ( 'NONE',  ( 0.000000000000000000, -1.000000000000000000, 0.000000000000000000 ) ) ;
#7430 = VERTEX_POINT ( 'NONE', #9278 ) ;
#7431 = CYLINDRICAL_SURFACE ( 'NONE', #7856, 0.1499999999999999667 ) ;
#7432 = EDGE_LOOP ( 'NONE', ( #10143, #7779, #10436, #7789 ) ) ;
#7433 = CARTESIAN_POINT ( 'NONE',  ( -2.499999999999978684, 0.2000000000000000111, 0.1250000000000001110 ) ) ;
#7434 = ORIENTED_EDGE ( 'NONE', *, *, #9737, .F. ) ;
#7435 = EDGE_LOOP ( 'NONE', ( #2070, #3447, #9951, #8552 ) ) ;
#7436 = MANIFOLD_SOLID_BREP ( 'Boss-Extrude3[3]', #8533 ) ;
#7437 = ADVANCED_FACE ( 'NONE', ( #1572 ), #3527, .F. ) ;
#7438 = VECTOR ( 'NONE', #1113, 1000.000000000000000 ) ;
#7439 = CARTESIAN_POINT ( 'NONE',  ( 1.749999999999999778, 0.2000000000000000111, 2.224999999999964118 ) ) ;
#7440 = ORIENTED_EDGE ( 'NONE', *, *, #6608, .T. ) ;
#7441 = PLANE ( 'NONE',  #968 ) ;
#7442 = CARTESIAN_POINT ( 'NONE',  ( -1.800000000000000044, 0.05000000000000000278, 0.000000000000000000 ) ) ;
#7443 = VECTOR ( 'NONE', #3704, 1000.000000000000000 ) ;
#7444 = EDGE_LOOP ( 'NONE', ( #3402, #9356, #3900, #1116 ) ) ;
#7445 = CARTESIAN_POINT ( 'NONE',  ( 0.000000000000000000, 0.05000000000000000278, -0.6250000000000001110 ) ) ;
#7446 = ADVANCED_FACE ( 'NONE', ( #5179 ), #3458, .F. ) ;
#7447 = VECTOR ( 'NONE', #5467, 1000.000000000000000 ) ;
#7448 = VECTOR ( 'NONE', #1249, 1000.000000000000000 ) ;
#7449 = FACE_OUTER_BOUND ( 'NONE', #4952, .T. ) ;
#7450 = CARTESIAN_POINT ( 'NONE',  ( 0.1250000000000003608, 0.000000000000000000, 2.225000000000000977 ) ) ;
#7451 = VERTEX_POINT ( 'NONE', #11176 ) ;
#7452 = CARTESIAN_POINT ( 'NONE',  ( -0.2499999999999995837, 0.000000000000000000, -2.224999999999980549 ) ) ;
#7453 = AXIS2_PLACEMENT_3D ( 'NONE', #3980, #6656, #9115 ) ;
#7454 = VERTEX_POINT ( 'NONE', #2473 ) ;
#7455 = EDGE_CURVE ( 'NONE', #5557, #7102, #6021, .T. ) ;
#7456 = CARTESIAN_POINT ( 'NONE',  ( -1.624999999999999556, 0.2000000000000000111, 2.225000000000001421 ) ) ;
#7457 = CARTESIAN_POINT ( 'NONE',  ( 0.8750000000000001110, 0.000000000000000000, 2.499999999999999556 ) ) ;
#7458 = DIRECTION ( 'NONE',  ( -1.734723475976808672E-15, 0.000000000000000000, -1.000000000000000000 ) ) ;
#7459 = ORIENTED_EDGE ( 'NONE', *, *, #10754, .T. ) ;
#7460 = ORIENTED_EDGE ( 'NONE', *, *, #778, .F. ) ;
#7461 = ADVANCED_FACE ( 'NONE', ( #5053 ), #7015, .F. ) ;
#7462 = EDGE_LOOP ( 'NONE', ( #1521, #9807, #4114, #6050 ) ) ;
#7463 = AXIS2_PLACEMENT_3D ( 'NONE', #1020, #6499, #1074 ) ;
#7464 = VECTOR ( 'NONE', #9120, 1000.000000000000000 ) ;
#7465 = CARTESIAN_POINT ( 'NONE',  ( 2.500000000000000000, 0.2000000000000000111, 0.6249999999999998890 ) ) ;
#7466 = LINE ( 'NONE', #4789, #9949 ) ;
#7467 = DIRECTION ( 'NONE',  ( 0.000000000000000000, 0.000000000000000000, 1.000000000000000000 ) ) ;
#7468 = ORIENTED_EDGE ( 'NONE', *, *, #5759, .T. ) ;
#7469 = ADVANCED_FACE ( 'NONE', ( #8542 ), #9439, .T. ) ;
#7470 = DIRECTION ( 'NONE',  ( -1.000000000000000000, 0.000000000000000000, 0.000000000000000000 ) ) ;
#7471 = CARTESIAN_POINT ( 'NONE',  ( -2.499999999999994227, 0.2000000000000000111, -1.375000000000000000 ) ) ;
#7472 = EDGE_CURVE ( 'NONE', #2452, #1182, #4384, .T. ) ;
#7473 = ORIENTED_EDGE ( 'NONE', *, *, #3038, .T. ) ;
#7474 = SURFACE_STYLE_FILL_AREA ( #8375 ) ;
#7475 = MECHANICAL_DESIGN_GEOMETRIC_PRESENTATION_REPRESENTATION (  '', ( #8740 ), #6915 ) ;
#7476 = CARTESIAN_POINT ( 'NONE',  ( -2.224999999999964562, 0.000000000000000000, 1.625000000000000222 ) ) ;
#7477 = ORIENTED_EDGE ( 'NONE', *, *, #6547, .T. ) ;
#7478 = AXIS2_PLACEMENT_3D ( 'NONE', #5796, #4164, #9347 ) ;
#7479 = VECTOR ( 'NONE', #10917, 1000.000000000000000 ) ;
#7480 = VECTOR ( 'NONE', #3496, 1000.000000000000000 ) ;
#7481 = CARTESIAN_POINT ( 'NONE',  ( 1.649999999999998801, 0.2000000000000000111, 1.799999999999999822 ) ) ;
#7482 = DIRECTION ( 'NONE',  ( 0.000000000000000000, 0.000000000000000000, -1.000000000000000000 ) ) ;
#7483 = VECTOR ( 'NONE', #4560, 1000.000000000000000 ) ;
#7484 =( NAMED_UNIT ( * ) PLANE_ANGLE_UNIT ( ) SI_UNIT ( $, .RADIAN. ) );
#7485 = EDGE_CURVE ( 'NONE', #6818, #6504, #56, .T. ) ;
#7486 = ORIENTED_EDGE ( 'NONE', *, *, #2263, .T. ) ;
#7487 = CARTESIAN_POINT ( 'NONE',  ( 1.875000000000000000, 0.2000000000000000111, 2.499999999999999112 ) ) ;
#7488 = DIRECTION ( 'NONE',  ( -0.000000000000000000, -1.000000000000000000, -0.000000000000000000 ) ) ;
#7489 = CARTESIAN_POINT ( 'NONE',  ( -0.1249999999999998335, 0.000000000000000000, 2.225000000000000977 ) ) ;
#7490 = EDGE_CURVE ( 'NONE', #3373, #7403, #3656, .T. ) ;
#7491 = ORIENTED_EDGE ( 'NONE', *, *, #6908, .F. ) ;
#7492 = CARTESIAN_POINT ( 'NONE',  ( 1.649999999999998801, 0.2000000000000000111, 1.799999999999999822 ) ) ;
#7493 = ORIENTED_EDGE ( 'NONE', *, *, #4409, .T. ) ;
#7494 = ORIENTED_EDGE ( 'NONE', *, *, #1727, .T. ) ;
#7495 = ORIENTED_EDGE ( 'NONE', *, *, #11090, .F. ) ;
#7496 = AXIS2_PLACEMENT_3D ( 'NONE', #7791, #3620, #2692 ) ;
#7497 = VECTOR ( 'NONE', #4987, 1000.000000000000000 ) ;
#7498 = VECTOR ( 'NONE', #202, 1000.000000000000000 ) ;
#7499 = VECTOR ( 'NONE', #1198, 1000.000000000000000 ) ;
#7500 = ORIENTED_EDGE ( 'NONE', *, *, #9405, .T. ) ;
#7501 = LINE ( 'NONE', #8514, #4954 ) ;
#7502 = PLANE ( 'NONE',  #5944 ) ;
#7503 = EDGE_CURVE ( 'NONE', #700, #3667, #3401, .T. ) ;
#7504 = AXIS2_PLACEMENT_3D ( 'NONE', #3554, #259, #9718 ) ;
#7505 = VERTEX_POINT ( 'NONE', #10361 ) ;
#7506 = LINE ( 'NONE', #10977, #5190 ) ;
#7507 = VECTOR ( 'NONE', #984, 1000.000000000000000 ) ;
#7508 = PRESENTATION_LAYER_ASSIGNMENT (  '', '', ( #6026 ) ) ;
#7509 = DIRECTION ( 'NONE',  ( -1.000000000000000000, 0.000000000000000000, 0.000000000000000000 ) ) ;
#7510 = DIRECTION ( 'NONE',  ( 0.000000000000000000, 0.000000000000000000, -1.000000000000000000 ) ) ;
#7511 = ORIENTED_EDGE ( 'NONE', *, *, #8587, .F. ) ;
#7512 = DIRECTION ( 'NONE',  ( 0.000000000000000000, -1.000000000000000000, 0.000000000000000000 ) ) ;
#7513 = CIRCLE ( 'NONE', #47, 0.1250000000000001110 ) ;
#7514 = ORIENTED_EDGE ( 'NONE', *, *, #4666, .F. ) ;
#7515 = PLANE ( 'NONE',  #10815 ) ;
#7516 = CARTESIAN_POINT ( 'NONE',  ( 2.225000000000001865, 0.04999999999999999584, 1.874999999999999778 ) ) ;
#7517 = PLANE ( 'NONE',  #11093 ) ;
#7518 = ORIENTED_EDGE ( 'NONE', *, *, #4612, .T. ) ;
#7519 = CARTESIAN_POINT ( 'NONE',  ( 2.500000000000000000, 0.2000000000000000111, 1.624999999999999778 ) ) ;
#7520 = EDGE_LOOP ( 'NONE', ( #8010, #132, #2764, #5039 ) ) ;
#7521 = PRESENTATION_LAYER_ASSIGNMENT (  '', '', ( #2978 ) ) ;
#7522 = AXIS2_PLACEMENT_3D ( 'NONE', #342, #1202, #10723 ) ;
#7523 = VECTOR ( 'NONE', #10242, 1000.000000000000000 ) ;
#7524 = CARTESIAN_POINT ( 'NONE',  ( 1.125000000000000000, 0.2000000000000000111, 2.499999999999999556 ) ) ;
#7525 = LINE ( 'NONE', #2247, #6673 ) ;
#7526 = EDGE_CURVE ( 'NONE', #3249, #6603, #4328, .T. ) ;
#7527 = DIRECTION ( 'NONE',  ( 0.000000000000000000, 1.000000000000000000, 0.000000000000000000 ) ) ;
#7528 = VERTEX_POINT ( 'NONE', #1748 ) ;
#7529 = CARTESIAN_POINT ( 'NONE',  ( 1.625000000000000000, 0.000000000000000000, 2.499999999999999112 ) ) ;
#7530 = CARTESIAN_POINT ( 'NONE',  ( 0.8750000000000002220, 0.2000000000000000111, -2.500000000000000000 ) ) ;
#7531 = LINE ( 'NONE', #3219, #6901 ) ;
#7532 = ORIENTED_EDGE ( 'NONE', *, *, #8851, .T. ) ;
#7533 = VECTOR ( 'NONE', #11000, 1000.000000000000000 ) ;
#7534 = FACE_OUTER_BOUND ( 'NONE', #6379, .T. ) ;
#7535 = CARTESIAN_POINT ( 'NONE',  ( -1.874999999999999334, 0.2000000000000000111, 2.225000000000001421 ) ) ;
#7536 = ORIENTED_EDGE ( 'NONE', *, *, #10642, .T. ) ;
#7537 = FACE_OUTER_BOUND ( 'NONE', #7444, .T. ) ;
#7538 = VERTEX_POINT ( 'NONE', #6754 ) ;
#7539 = AXIS2_PLACEMENT_3D ( 'NONE', #3573, #2769, #7231 ) ;
#7540 = EDGE_CURVE ( 'NONE', #6348, #4480, #602, .T. ) ;
#7541 = PRESENTATION_LAYER_ASSIGNMENT (  '', '', ( #3889 ) ) ;
#7542 = VECTOR ( 'NONE', #10823, 1000.000000000000000 ) ;
#7543 = DIRECTION ( 'NONE',  ( 0.000000000000000000, 0.000000000000000000, -1.000000000000000000 ) ) ;
#7544 = FACE_OUTER_BOUND ( 'NONE', #2817, .T. ) ;
#7545 = CARTESIAN_POINT ( 'NONE',  ( 0.6250000000000004441, 0.2000000000000000111, -2.225000000000001421 ) ) ;
#7546 = PLANE ( 'NONE',  #10228 ) ;
#7547 = ORIENTED_EDGE ( 'NONE', *, *, #967, .T. ) ;
#7548 = FACE_OUTER_BOUND ( 'NONE', #7944, .T. ) ;
#7549 = DIRECTION ( 'NONE',  ( 0.000000000000000000, 0.000000000000000000, -1.000000000000000000 ) ) ;
#7550 = DIRECTION ( 'NONE',  ( -0.000000000000000000, -1.000000000000000000, -0.000000000000000000 ) ) ;
#7551 = EDGE_LOOP ( 'NONE', ( #10801, #919, #2654, #6069 ) ) ;
#7552 = LINE ( 'NONE', #7492, #9478 ) ;
#7553 = LINE ( 'NONE', #9401, #4564 ) ;
#7554 = VERTEX_POINT ( 'NONE', #7618 ) ;
#7555 = MANIFOLD_SOLID_BREP ( 'Boss-Extrude3[23]', #10720 ) ;
#7556 = PRESENTATION_LAYER_ASSIGNMENT (  '', '', ( #9172 ) ) ;
#7557 = EDGE_CURVE ( 'NONE', #931, #11035, #9657, .T. ) ;
#7558 = ADVANCED_FACE ( 'NONE', ( #6812 ), #9419, .T. ) ;
#7559 = ADVANCED_FACE ( 'NONE', ( #7449 ), #5036, .F. ) ;
#7560 = SURFACE_STYLE_FILL_AREA ( #7664 ) ;
#7561 = FACE_OUTER_BOUND ( 'NONE', #6259, .T. ) ;
#7562 = ORIENTED_EDGE ( 'NONE', *, *, #9534, .F. ) ;
#7563 = CARTESIAN_POINT ( 'NONE',  ( -1.374999999999999334, 0.2000000000000000111, 2.500000000000000000 ) ) ;
#7564 = FACE_OUTER_BOUND ( 'NONE', #3698, .T. ) ;
#7565 = VERTEX_POINT ( 'NONE', #717 ) ;
#7566 = DIRECTION ( 'NONE',  ( 0.000000000000000000, 0.000000000000000000, -1.000000000000000000 ) ) ;
#7567 = EDGE_CURVE ( 'NONE', #11142, #7764, #9202, .T. ) ;
#7568 = CARTESIAN_POINT ( 'NONE',  ( -0.8749999999999993339, 0.05000000000000000278, 0.000000000000000000 ) ) ;
#7569 = DIRECTION ( 'NONE',  ( -9.856383386231903201E-17, -0.000000000000000000, -1.000000000000000000 ) ) ;
#7570 = VERTEX_POINT ( 'NONE', #3093 ) ;
#7571 = VECTOR ( 'NONE', #1335, 1000.000000000000000 ) ;
#7572 = LINE ( 'NONE', #5886, #2350 ) ;
#7573 = ORIENTED_EDGE ( 'NONE', *, *, #6277, .F. ) ;
#7574 = SURFACE_STYLE_FILL_AREA ( #6580 ) ;
#7575 = CARTESIAN_POINT ( 'NONE',  ( 2.225000000000001421, 0.2000000000000000111, 1.374999999999999778 ) ) ;
#7576 = DIRECTION ( 'NONE',  ( 0.000000000000000000, -1.000000000000000000, 0.000000000000000000 ) ) ;
#7577 = CARTESIAN_POINT ( 'NONE',  ( 2.500000000000000000, 0.2000000000000000111, -0.3749999999999998335 ) ) ;
#7578 = ORIENTED_EDGE ( 'NONE', *, *, #9505, .F. ) ;
#7579 = LINE ( 'NONE', #1347, #3709 ) ;
#7580 = EDGE_CURVE ( 'NONE', #6228, #887, #1384, .T. ) ;
#7581 = LINE ( 'NONE', #392, #771 ) ;
#7582 = DIRECTION ( 'NONE',  ( 0.000000000000000000, 0.000000000000000000, -1.000000000000000000 ) ) ;
#7583 = VERTEX_POINT ( 'NONE', #3324 ) ;
#7584 = DIRECTION ( 'NONE',  ( 1.971276677246380640E-16, -0.000000000000000000, 1.000000000000000000 ) ) ;
#7586 = PLANE ( 'NONE',  #6163 ) ;
#7585 = UNCERTAINTY_MEASURE_WITH_UNIT (LENGTH_MEASURE( 1.000000000000000082E-05 ), #2498, 'distance_accuracy_value', 'NONE');
#7587 = DIRECTION ( 'NONE',  ( -0.000000000000000000, -1.000000000000000000, -0.000000000000000000 ) ) ;
#7588 = ORIENTED_EDGE ( 'NONE', *, *, #1345, .F. ) ;
#7589 = DIRECTION ( 'NONE',  ( 0.000000000000000000, 0.000000000000000000, 1.000000000000000000 ) ) ;
#7590 = ORIENTED_EDGE ( 'NONE', *, *, #10258, .F. ) ;
#7591 = VERTEX_POINT ( 'NONE', #8352 ) ;
#7592 = VERTEX_POINT ( 'NONE', #537 ) ;
#7593 = EDGE_CURVE ( 'NONE', #951, #1975, #5760, .T. ) ;
#7594 = LINE ( 'NONE', #9125, #570 ) ;
#7595 = CARTESIAN_POINT ( 'NONE',  ( -2.499999999999999556, 0.2000000000000000111, -1.875000000000000000 ) ) ;
#7596 =( NAMED_UNIT ( * ) PLANE_ANGLE_UNIT ( ) SI_UNIT ( $, .RADIAN. ) );
#7597 = ORIENTED_EDGE ( 'NONE', *, *, #4784, .F. ) ;
#7598 = DIRECTION ( 'NONE',  ( -1.000000000000000000, -0.000000000000000000, -0.000000000000000000 ) ) ;
#7599 = CARTESIAN_POINT ( 'NONE',  ( 1.125000000000000000, 0.2000000000000000111, 2.499999999999999556 ) ) ;
#7601 = LINE ( 'NONE', #5133, #8189 ) ;
#7600 = UNCERTAINTY_MEASURE_WITH_UNIT (LENGTH_MEASURE( 1.000000000000000082E-05 ), #3241, 'distance_accuracy_value', 'NONE');
#7602 = LINE ( 'NONE', #7656, #3048 ) ;
#7603 = ORIENTED_EDGE ( 'NONE', *, *, #9748, .F. ) ;
#7604 = AXIS2_PLACEMENT_3D ( 'NONE', #5266, #96, #5333 ) ;
#7605 = PLANE ( 'NONE',  #1330 ) ;
#7606 = LINE ( 'NONE', #4811, #379 ) ;
#7607 = EDGE_LOOP ( 'NONE', ( #6213, #5621, #1114, #5219 ) ) ;
#7608 = EDGE_CURVE ( 'NONE', #11098, #9084, #6574, .T. ) ;
#7609 = ORIENTED_EDGE ( 'NONE', *, *, #2497, .F. ) ;
#7610 = CARTESIAN_POINT ( 'NONE',  ( -1.749999999999999334, 0.04999999999999999584, 2.100000000000000977 ) ) ;
#7611 = ORIENTED_EDGE ( 'NONE', *, *, #4922, .F. ) ;
#7612 = DIRECTION ( 'NONE',  ( -0.000000000000000000, -1.000000000000000000, -0.000000000000000000 ) ) ;
#7613 = CARTESIAN_POINT ( 'NONE',  ( 2.500000000000000000, 0.2000000000000000111, -1.124999999999999556 ) ) ;
#7614 = VERTEX_POINT ( 'NONE', #10065 ) ;
#7615 = EDGE_CURVE ( 'NONE', #4383, #6558, #4925, .T. ) ;
#7616 = ADVANCED_FACE ( 'NONE', ( #3154 ), #2335, .T. ) ;
#7617 = DIRECTION ( 'NONE',  ( 1.000000000000000000, -0.000000000000000000, -0.000000000000000000 ) ) ;
#7618 = CARTESIAN_POINT ( 'NONE',  ( 0.8750000000000002220, 0.04999999999999999584, -2.225000000000001421 ) ) ;
#7619 = CARTESIAN_POINT ( 'NONE',  ( -2.224999999999969447, 0.000000000000000000, 1.125000000000000222 ) ) ;
#7620 = EDGE_LOOP ( 'NONE', ( #4572, #2475, #5249, #10537 ) ) ;
#7621 = LINE ( 'NONE', #11092, #21 ) ;
#7622 = ORIENTED_EDGE ( 'NONE', *, *, #1012, .F. ) ;
#7623 = EDGE_CURVE ( 'NONE', #11076, #9059, #1497, .T. ) ;
#7624 = SURFACE_SIDE_STYLE ('',( #544 ) ) ;
#7625 = CARTESIAN_POINT ( 'NONE',  ( -1.649999999999998801, 0.2000000000000000111, -1.800000000000000044 ) ) ;
#7626 = CARTESIAN_POINT ( 'NONE',  ( -2.224999999999969447, 0.2000000000000000111, 1.375000000000000000 ) ) ;
#7627 = DIRECTION ( 'NONE',  ( 0.000000000000000000, 1.000000000000000000, -0.000000000000000000 ) ) ;
#7628 = ADVANCED_FACE ( 'NONE', ( #6863 ), #958, .F. ) ;
#7629 = ORIENTED_EDGE ( 'NONE', *, *, #1051, .F. ) ;
#7630 = VECTOR ( 'NONE', #5015, 1000.000000000000000 ) ;
#7631 = FACE_OUTER_BOUND ( 'NONE', #8661, .T. ) ;
#7632 = CLOSED_SHELL ( 'NONE', ( #4130, #6815, #10124, #4595, #432, #7742, #6472 ) ) ;
#7633 = VECTOR ( 'NONE', #1458, 1000.000000000000000 ) ;
#7634 = DIRECTION ( 'NONE',  ( -1.000000000000000000, -0.000000000000000000, -0.000000000000000000 ) ) ;
#7635 = AXIS2_PLACEMENT_3D ( 'NONE', #4634, #1151, #4399 ) ;
#7636 = ORIENTED_EDGE ( 'NONE', *, *, #1943, .T. ) ;
#7637 = DIRECTION ( 'NONE',  ( 0.000000000000000000, -1.000000000000000000, 0.000000000000000000 ) ) ;
#7638 = CARTESIAN_POINT ( 'NONE',  ( 1.625000000000000000, 0.000000000000000000, 2.499999999999999112 ) ) ;
#7639 = DIRECTION ( 'NONE',  ( 0.000000000000000000, 0.000000000000000000, 1.000000000000000000 ) ) ;
#7640 = EDGE_CURVE ( 'NONE', #1136, #836, #1729, .T. ) ;
#7641 = EDGE_LOOP ( 'NONE', ( #10868, #11209, #6614, #233 ) ) ;
#7642 = CARTESIAN_POINT ( 'NONE',  ( -1.649999999999998801, 0.04999999999999999584, -1.800000000000000044 ) ) ;
#7643 = ORIENTED_EDGE ( 'NONE', *, *, #3575, .F. ) ;
#7644 = ORIENTED_EDGE ( 'NONE', *, *, #2407, .F. ) ;
#7645 =( LENGTH_UNIT ( ) NAMED_UNIT ( * ) SI_UNIT ( .MILLI., .METRE. ) );
#7646 = VECTOR ( 'NONE', #5337, 1000.000000000000000 ) ;
#7647 = DIRECTION ( 'NONE',  ( 0.000000000000000000, -1.000000000000000000, 0.000000000000000000 ) ) ;
#7648 = LINE ( 'NONE', #9233, #6181 ) ;
#7649 = DIRECTION ( 'NONE',  ( -0.000000000000000000, -1.000000000000000000, -0.000000000000000000 ) ) ;
#7650 = AXIS2_PLACEMENT_3D ( 'NONE', #4464, #9588, #999 ) ;
#7651 = EDGE_LOOP ( 'NONE', ( #10577, #9687, #9701, #9983 ) ) ;
#7652 = VECTOR ( 'NONE', #9819, 1000.000000000000000 ) ;
#7653 = DIRECTION ( 'NONE',  ( 0.000000000000000000, -0.000000000000000000, -1.000000000000000000 ) ) ;
#7654 = LINE ( 'NONE', #11126, #1625 ) ;
#7655 = DIRECTION ( 'NONE',  ( -0.000000000000000000, -1.000000000000000000, -0.000000000000000000 ) ) ;
#7656 = CARTESIAN_POINT ( 'NONE',  ( -1.374999999999999334, 0.2000000000000000111, 2.225000000000001421 ) ) ;
#7657 = VERTEX_POINT ( 'NONE', #2512 ) ;
#7658 = DIRECTION ( 'NONE',  ( -1.000000000000000000, 0.000000000000000000, 1.971276677246380887E-16 ) ) ;
#7659 = CARTESIAN_POINT ( 'NONE',  ( -0.3749999999999996114, 0.2000000000000000111, 2.499999999999999556 ) ) ;
#7660 = VERTEX_POINT ( 'NONE', #9482 ) ;
#7661 = ORIENTED_EDGE ( 'NONE', *, *, #8350, .T. ) ;
#7662 = ORIENTED_EDGE ( 'NONE', *, *, #3014, .T. ) ;
#7663 = VECTOR ( 'NONE', #4957, 1000.000000000000000 ) ;
#7664 = FILL_AREA_STYLE ('',( #704 ) ) ;
#7665 = EDGE_CURVE ( 'NONE', #5909, #4729, #894, .T. ) ;
#7666 = CARTESIAN_POINT ( 'NONE',  ( -2.499999999999999556, 0.04999999999999969746, 2.500000000000000000 ) ) ;
#7667 = ORIENTED_EDGE ( 'NONE', *, *, #702, .F. ) ;
#7668 = DIRECTION ( 'NONE',  ( 0.000000000000000000, 0.000000000000000000, 1.000000000000000000 ) ) ;
#7669 = DIRECTION ( 'NONE',  ( 0.000000000000000000, 0.000000000000000000, -1.000000000000000000 ) ) ;
#7670 = EDGE_CURVE ( 'NONE', #9764, #4643, #4923, .T. ) ;
#7671 = ADVANCED_FACE ( 'NONE', ( #10340 ), #7108, .F. ) ;
#7672 = AXIS2_PLACEMENT_3D ( 'NONE', #11073, #3247, #10218 ) ;
#7673 = ORIENTED_EDGE ( 'NONE', *, *, #7472, .T. ) ;
#7674 = ORIENTED_EDGE ( 'NONE', *, *, #10217, .F. ) ;
#7675 = VECTOR ( 'NONE', #3803, 1000.000000000000000 ) ;
#7676 = AXIS2_PLACEMENT_3D ( 'NONE', #11131, #5138, #3545 ) ;
#7677 = DIRECTION ( 'NONE',  ( 0.000000000000000000, 1.000000000000000000, 0.000000000000000000 ) ) ;
#7678 = VECTOR ( 'NONE', #5127, 1000.000000000000000 ) ;
#7679 = EDGE_CURVE ( 'NONE', #2305, #4930, #840, .T. ) ;
#7680 = AXIS2_PLACEMENT_3D ( 'NONE', #1337, #10116, #3201 ) ;
#7681 = FACE_OUTER_BOUND ( 'NONE', #8121, .T. ) ;
#7682 = EDGE_LOOP ( 'NONE', ( #2854, #145, #10150, #3240 ) ) ;
#7683 = EDGE_CURVE ( 'NONE', #11014, #3897, #11213, .T. ) ;
#7684 = FACE_OUTER_BOUND ( 'NONE', #6729, .T. ) ;
#7685 = DIRECTION ( 'NONE',  ( 0.000000000000000000, -0.000000000000000000, 1.000000000000000000 ) ) ;
#7686 = CARTESIAN_POINT ( 'NONE',  ( 2.224999999999990763, 0.2000000000000000111, 0.7499999999999997780 ) ) ;
#7687 = VECTOR ( 'NONE', #7696, 1000.000000000000000 ) ;
#7688 = EDGE_LOOP ( 'NONE', ( #192, #4228, #6811, #6090 ) ) ;
#7689 = LINE ( 'NONE', #5274, #62 ) ;
#7690 = VECTOR ( 'NONE', #4240, 1000.000000000000000 ) ;
#7691 = ADVANCED_FACE ( 'NONE', ( #10407 ), #8815, .T. ) ;
#7692 = EDGE_CURVE ( 'NONE', #3511, #1045, #5997, .T. ) ;
#7693 = EDGE_CURVE ( 'NONE', #5509, #2813, #2571, .T. ) ;
#7694 = AXIS2_PLACEMENT_3D ( 'NONE', #1489, #9198, #10111 ) ;
#7695 = AXIS2_PLACEMENT_3D ( 'NONE', #7943, #7023, #4455 ) ;
#7696 = DIRECTION ( 'NONE',  ( -0.000000000000000000, -1.000000000000000000, -0.000000000000000000 ) ) ;
#7697 = CYLINDRICAL_SURFACE ( 'NONE', #10240, 0.1249999999999998890 ) ;
#7698 = ORIENTED_EDGE ( 'NONE', *, *, #5392, .F. ) ;
#7699 = CARTESIAN_POINT ( 'NONE',  ( -2.499999999999999556, -7.071067811865474617, -2.500000000000000000 ) ) ;
#7701 = DIRECTION ( 'NONE',  ( 0.000000000000000000, -1.000000000000000000, 0.000000000000000000 ) ) ;
#7700 = UNCERTAINTY_MEASURE_WITH_UNIT (LENGTH_MEASURE( 1.000000000000000082E-05 ), #5040, 'distance_accuracy_value', 'NONE');
#7702 = CARTESIAN_POINT ( 'NONE',  ( 1.649999999999999911, 0.2000000000000000111, 1.649999999999999689 ) ) ;
#7703 = ORIENTED_EDGE ( 'NONE', *, *, #3881, .T. ) ;
#7704 = CARTESIAN_POINT ( 'NONE',  ( 1.125000000000000000, 0.05000000000000000278, 0.000000000000000000 ) ) ;
#7705 = EDGE_LOOP ( 'NONE', ( #3561, #1460, #9310, #3777 ) ) ;
#7706 = ORIENTED_EDGE ( 'NONE', *, *, #6422, .F. ) ;
#7707 = DIRECTION ( 'NONE',  ( -0.000000000000000000, -1.000000000000000000, -0.000000000000000000 ) ) ;
#7708 = CIRCLE ( 'NONE', #9511, 0.1499999999999999667 ) ;
#7709 = CIRCLE ( 'NONE', #5675, 0.1250000000000001110 ) ;
#7710 = EDGE_CURVE ( 'NONE', #5906, #2111, #6745, .T. ) ;
#7711 = LINE ( 'NONE', #6027, #7678 ) ;
#7712 = COLOUR_RGB ( '',0.7921568627450980005, 0.8196078431372548767, 0.9333333333333333481 ) ;
#7713 = LINE ( 'NONE', #10202, #8750 ) ;
#7714 = CARTESIAN_POINT ( 'NONE',  ( -2.224999999999995648, 0.04999999999999999584, -1.125000000000000222 ) ) ;
#7715 = CIRCLE ( 'NONE', #10066, 0.1249999999999996808 ) ;
#7716 = FILL_AREA_STYLE_COLOUR ( '', #6397 ) ;
#7717 = VERTEX_POINT ( 'NONE', #143 ) ;
#7718 = DIRECTION ( 'NONE',  ( 0.000000000000000000, -1.000000000000000000, 0.000000000000000000 ) ) ;
#7719 = LINE ( 'NONE', #6616, #3651 ) ;
#7721 = DIRECTION ( 'NONE',  ( 0.000000000000000000, 0.000000000000000000, -1.000000000000000000 ) ) ;
#7720 = UNCERTAINTY_MEASURE_WITH_UNIT (LENGTH_MEASURE( 1.000000000000000082E-05 ), #3312, 'distance_accuracy_value', 'NONE');
#7722 = DIRECTION ( 'NONE',  ( 0.000000000000000000, 0.000000000000000000, 1.000000000000000000 ) ) ;
#7723 = VECTOR ( 'NONE', #1143, 1000.000000000000000 ) ;
#7724 = ORIENTED_EDGE ( 'NONE', *, *, #1793, .F. ) ;
#7725 = CARTESIAN_POINT ( 'NONE',  ( 0.000000000000000000, 0.05000000000000000278, -0.1250000000000001110 ) ) ;
#7726 = LINE ( 'NONE', #10450, #11123 ) ;
#7727 = VERTEX_POINT ( 'NONE', #6115 ) ;
#7728 = VERTEX_POINT ( 'NONE', #9602 ) ;
#7729 = VERTEX_POINT ( 'NONE', #3562 ) ;
#7730 = AXIS2_PLACEMENT_3D ( 'NONE', #7795, #6173, #10477 ) ;
#7731 = AXIS2_PLACEMENT_3D ( 'NONE', #666, #4139, #8821 ) ;
#7732 = EDGE_CURVE ( 'NONE', #7764, #5627, #6991, .T. ) ;
#7733 = PRESENTATION_STYLE_ASSIGNMENT (( #1664 ) ) ;
#7734 = EDGE_LOOP ( 'NONE', ( #1669, #6652, #4531, #5794 ) ) ;
#7735 = FACE_OUTER_BOUND ( 'NONE', #7033, .T. ) ;
#7736 = DIRECTION ( 'NONE',  ( -0.000000000000000000, -1.000000000000000000, -0.000000000000000000 ) ) ;
#7737 = ORIENTED_EDGE ( 'NONE', *, *, #2662, .T. ) ;
#7738 = ORIENTED_EDGE ( 'NONE', *, *, #4551, .T. ) ;
#7739 = ORIENTED_EDGE ( 'NONE', *, *, #5247, .F. ) ;
#7740 = PLANE ( 'NONE',  #7945 ) ;
#7741 = VERTEX_POINT ( 'NONE', #7049 ) ;
#7742 = ADVANCED_FACE ( 'NONE', ( #8692 ), #4482, .F. ) ;
#7743 = DIRECTION ( 'NONE',  ( -0.000000000000000000, -0.000000000000000000, -1.000000000000000000 ) ) ;
#7744 = FACE_OUTER_BOUND ( 'NONE', #3202, .T. ) ;
#7745 = ORIENTED_EDGE ( 'NONE', *, *, #1597, .T. ) ;
#7746 = DIRECTION ( 'NONE',  ( 0.000000000000000000, -1.000000000000000000, 0.000000000000000000 ) ) ;
#7747 = ORIENTED_EDGE ( 'NONE', *, *, #10001, .T. ) ;
#7748 = DIRECTION ( 'NONE',  ( 0.000000000000000000, -0.000000000000000000, -1.000000000000000000 ) ) ;
#7749 = DIRECTION ( 'NONE',  ( 0.000000000000000000, -1.000000000000000000, 0.000000000000000000 ) ) ;
#7750 = ORIENTED_EDGE ( 'NONE', *, *, #277, .F. ) ;
#7751 = CARTESIAN_POINT ( 'NONE',  ( 0.1250000000000005829, 0.2000000000000000111, -2.500000000000000000 ) ) ;
#7752 = ADVANCED_FACE ( 'NONE', ( #1908 ), #8582, .F. ) ;
#7753 = VECTOR ( 'NONE', #4820, 1000.000000000000000 ) ;
#7754 = DIRECTION ( 'NONE',  ( 0.000000000000000000, 0.000000000000000000, -1.000000000000000000 ) ) ;
#7755 = CARTESIAN_POINT ( 'NONE',  ( -2.224999999999995648, 0.2000000000000000111, -1.375000000000000000 ) ) ;
#7756 = VERTEX_POINT ( 'NONE', #3376 ) ;
#7757 = CARTESIAN_POINT ( 'NONE',  ( -2.499999999999973799, 0.2000000000000000111, 0.8749999999999998890 ) ) ;
#7758 = LINE ( 'NONE', #9503, #6919 ) ;
#7759 = DIRECTION ( 'NONE',  ( -0.000000000000000000, -1.000000000000000000, -0.000000000000000000 ) ) ;
#7760 =( LENGTH_UNIT ( ) NAMED_UNIT ( * ) SI_UNIT ( .MILLI., .METRE. ) );
#7761 = ORIENTED_EDGE ( 'NONE', *, *, #4594, .F. ) ;
#7762 = ORIENTED_EDGE ( 'NONE', *, *, #657, .T. ) ;
#7763 = CARTESIAN_POINT ( 'NONE',  ( -1.624999999999999334, 0.000000000000000000, -2.500000000000000000 ) ) ;
#7764 = VERTEX_POINT ( 'NONE', #1782 ) ;
#7765 = EDGE_CURVE ( 'NONE', #3914, #10336, #11274, .T. ) ;
#7766 = AXIS2_PLACEMENT_3D ( 'NONE', #7595, #10203, #10041 ) ;
#7767 = EDGE_CURVE ( 'NONE', #2360, #7528, #8977, .T. ) ;
#7768 = DIRECTION ( 'NONE',  ( -1.000000000000000000, 0.000000000000000000, -0.000000000000000000 ) ) ;
#7769 = CARTESIAN_POINT ( 'NONE',  ( -1.249999999999999112, 0.2000000000000000111, -2.224999999999969891 ) ) ;
#7770 = DIRECTION ( 'NONE',  ( -1.000000000000000000, 0.000000000000000000, 0.000000000000000000 ) ) ;
#7771 = ORIENTED_EDGE ( 'NONE', *, *, #8100, .F. ) ;
#7772 = LINE ( 'NONE', #11251, #1313 ) ;
#7773 = CARTESIAN_POINT ( 'NONE',  ( 2.500000000000000444, 0.04999999999999969746, 1.374999999999999778 ) ) ;
#7774 = CARTESIAN_POINT ( 'NONE',  ( 0.1250000000000004163, 0.2000000000000000111, 2.499999999999999556 ) ) ;
#7775 = CARTESIAN_POINT ( 'NONE',  ( -1.374999999999999112, 0.2000000000000000111, -2.500000000000000000 ) ) ;
#7776 = ORIENTED_EDGE ( 'NONE', *, *, #7107, .T. ) ;
#7777 = DIRECTION ( 'NONE',  ( 0.000000000000000000, 0.000000000000000000, -1.000000000000000000 ) ) ;
#7778 = CARTESIAN_POINT ( 'NONE',  ( 2.500000000000000000, 0.2000000000000000111, 1.374999999999999778 ) ) ;
#7779 = ORIENTED_EDGE ( 'NONE', *, *, #10275, .F. ) ;
#7780 = EDGE_CURVE ( 'NONE', #5450, #8222, #6502, .T. ) ;
#7781 = EDGE_CURVE ( 'NONE', #11177, #2667, #2821, .T. ) ;
#7782 = ORIENTED_EDGE ( 'NONE', *, *, #4674, .T. ) ;
#7783 = ORIENTED_EDGE ( 'NONE', *, *, #6821, .T. ) ;
#7784 = DIRECTION ( 'NONE',  ( 0.000000000000000000, 0.000000000000000000, -1.000000000000000000 ) ) ;
#7785 = LINE ( 'NONE', #7666, #5126 ) ;
#7786 = ORIENTED_EDGE ( 'NONE', *, *, #3634, .F. ) ;
#7787 = CARTESIAN_POINT ( 'NONE',  ( -2.499999999999978684, 0.2000000000000000111, 0.3749999999999998890 ) ) ;
#7788 = DIRECTION ( 'NONE',  ( 0.000000000000000000, -1.000000000000000000, 0.000000000000000000 ) ) ;
#7789 = ORIENTED_EDGE ( 'NONE', *, *, #10831, .T. ) ;
#7790 = CARTESIAN_POINT ( 'NONE',  ( 2.500000000000000000, 0.04999999999999999584, -0.8749999999999998890 ) ) ;
#7791 = CARTESIAN_POINT ( 'NONE',  ( -2.225000000000000977, 0.04999999999999999584, -1.750000000000000000 ) ) ;
#7792 = CARTESIAN_POINT ( 'NONE',  ( -2.499999999999984013, 0.000000000000000000, -0.3749999999999998890 ) ) ;
#7793 = ORIENTED_EDGE ( 'NONE', *, *, #4175, .T. ) ;
#7794 = DIRECTION ( 'NONE',  ( 0.000000000000000000, 0.000000000000000000, -1.000000000000000000 ) ) ;
#7795 = CARTESIAN_POINT ( 'NONE',  ( -2.224999999999974776, 0.2000000000000000111, 0.7500000000000000000 ) ) ;
#7796 = DIRECTION ( 'NONE',  ( 0.000000000000000000, -1.000000000000000000, 0.000000000000000000 ) ) ;
#7797 = LINE ( 'NONE', #3268, #720 ) ;
#7798 = EDGE_CURVE ( 'NONE', #3936, #19, #1954, .T. ) ;
#7799 = ORIENTED_EDGE ( 'NONE', *, *, #8312, .F. ) ;
#7800 = DIRECTION ( 'NONE',  ( 0.000000000000000000, 0.000000000000000000, -1.000000000000000000 ) ) ;
#7801 = EDGE_CURVE ( 'NONE', #9425, #11098, #9661, .T. ) ;
#7802 = DIRECTION ( 'NONE',  ( 0.000000000000000000, 1.000000000000000000, -0.000000000000000000 ) ) ;
#7803 = EDGE_LOOP ( 'NONE', ( #7056, #1770, #6042, #5717 ) ) ;
#7804 = PLANE ( 'NONE',  #2587 ) ;
#7805 = FACE_OUTER_BOUND ( 'NONE', #7142, .T. ) ;
#7806 = DIRECTION ( 'NONE',  ( 0.000000000000000000, -1.000000000000000000, 0.000000000000000000 ) ) ;
#7807 = CARTESIAN_POINT ( 'NONE',  ( 1.375000000000000000, 0.2000000000000000111, -2.500000000000000000 ) ) ;
#7808 = EDGE_CURVE ( 'NONE', #1785, #5534, #1219, .T. ) ;
#7809 = ORIENTED_EDGE ( 'NONE', *, *, #7059, .T. ) ;
#7810 = EDGE_CURVE ( 'NONE', #2483, #7554, #5383, .T. ) ;
#7811 = CARTESIAN_POINT ( 'NONE',  ( -1.800000000000000044, 0.2000000000000000111, 1.649999999999998579 ) ) ;
#7812 = ORIENTED_EDGE ( 'NONE', *, *, #6008, .F. ) ;
#7813 = VERTEX_POINT ( 'NONE', #3793 ) ;
#7814 = CARTESIAN_POINT ( 'NONE',  ( 0.1250000000000005829, 0.2000000000000000111, -2.500000000000000000 ) ) ;
#7815 = CIRCLE ( 'NONE', #9626, 0.1250000000000001110 ) ;
#7816 = VECTOR ( 'NONE', #5001, 1000.000000000000000 ) ;
#7817 = ADVANCED_FACE ( 'NONE', ( #367 ), #1176, .T. ) ;
#7818 = LINE ( 'NONE', #10438, #6196 ) ;
#7819 = CARTESIAN_POINT ( 'NONE',  ( 1.649999999999998801, 0.000000000000000000, 1.799999999999999822 ) ) ;
#7820 = CARTESIAN_POINT ( 'NONE',  ( -2.499999999999994227, 0.000000000000000000, -1.125000000000000222 ) ) ;
#7821 = FILL_AREA_STYLE ('',( #8783 ) ) ;
#7822 = ORIENTED_EDGE ( 'NONE', *, *, #6135, .T. ) ;
#7823 = DIRECTION ( 'NONE',  ( 0.000000000000000000, -1.000000000000000000, 0.000000000000000000 ) ) ;
#7824 = FACE_OUTER_BOUND ( 'NONE', #4304, .T. ) ;
#7825 = DIRECTION ( 'NONE',  ( -1.000000000000000000, 0.000000000000000000, -0.000000000000000000 ) ) ;
#7826 = DIRECTION ( 'NONE',  ( 1.000000000000000000, 0.000000000000000000, 0.000000000000000000 ) ) ;
#7827 = VERTEX_POINT ( 'NONE', #2920 ) ;
#7828 = DIRECTION ( 'NONE',  ( -1.000000000000000000, 0.000000000000000000, 0.000000000000000000 ) ) ;
#7829 = AXIS2_PLACEMENT_3D ( 'NONE', #8879, #7978, #8760 ) ;
#7830 = DIRECTION ( 'NONE',  ( -0.000000000000000000, -1.000000000000000000, -0.000000000000000000 ) ) ;
#7831 = ORIENTED_EDGE ( 'NONE', *, *, #8130, .T. ) ;
#7832 = EDGE_LOOP ( 'NONE', ( #4246, #9026, #6958, #8346 ) ) ;
#7833 = ORIENTED_EDGE ( 'NONE', *, *, #6390, .T. ) ;
#7834 = EDGE_CURVE ( 'NONE', #9164, #8222, #8241, .T. ) ;
#7835 = EDGE_CURVE ( 'NONE', #6758, #11135, #8871, .T. ) ;
#7836 = EDGE_CURVE ( 'NONE', #7728, #6925, #7862, .T. ) ;
#7837 = VECTOR ( 'NONE', #7830, 1000.000000000000000 ) ;
#7838 = DIRECTION ( 'NONE',  ( 0.000000000000000000, -1.000000000000000000, 0.000000000000000000 ) ) ;
#7839 = LINE ( 'NONE', #8078, #9860 ) ;
#7840 = ORIENTED_EDGE ( 'NONE', *, *, #3143, .T. ) ;
#7841 = DIRECTION ( 'NONE',  ( 0.000000000000000000, 0.000000000000000000, 1.000000000000000000 ) ) ;
#7842 = CARTESIAN_POINT ( 'NONE',  ( 0.2500000000000002776, 0.2000000000000000111, 2.224999999999980105 ) ) ;
#7843 = CARTESIAN_POINT ( 'NONE',  ( 2.500000000000000444, 0.04999999999999969746, 2.500000000000000000 ) ) ;
#7844 = ORIENTED_EDGE ( 'NONE', *, *, #1144, .F. ) ;
#7845 = ORIENTED_EDGE ( 'NONE', *, *, #9558, .F. ) ;
#7846 = AXIS2_PLACEMENT_3D ( 'NONE', #5821, #660, #9308 ) ;
#7847 = VECTOR ( 'NONE', #6725, 1000.000000000000000 ) ;
#7848 = AXIS2_PLACEMENT_3D ( 'NONE', #2940, #9958, #3966 ) ;
#7849 = ADVANCED_FACE ( 'NONE', ( #1120 ), #1064, .F. ) ;
#7850 = DIRECTION ( 'NONE',  ( 0.000000000000000000, 0.000000000000000000, -1.000000000000000000 ) ) ;
#7851 = VECTOR ( 'NONE', #3685, 1000.000000000000000 ) ;
#7852 = CYLINDRICAL_SURFACE ( 'NONE', #6382, 0.1249999999999998890 ) ;
#7853 = EDGE_LOOP ( 'NONE', ( #5292, #8627, #6638, #1860 ) ) ;
#7854 = CARTESIAN_POINT ( 'NONE',  ( 1.649999999999999911, 0.2000000000000000111, -1.649999999999999911 ) ) ;
#7855 = VECTOR ( 'NONE', #1501, 1000.000000000000000 ) ;
#7856 = AXIS2_PLACEMENT_3D ( 'NONE', #10148, #4065, #3187 ) ;
#7857 = LINE ( 'NONE', #10411, #9338 ) ;
#7858 = DIRECTION ( 'NONE',  ( 0.000000000000000000, 0.000000000000000000, 1.000000000000000000 ) ) ;
#7859 = CARTESIAN_POINT ( 'NONE',  ( 2.224999999999980549, 0.2000000000000000111, -0.3749999999999997780 ) ) ;
#7860 = ORIENTED_EDGE ( 'NONE', *, *, #6767, .T. ) ;
#7861 = CARTESIAN_POINT ( 'NONE',  ( -0.2499999999999995837, 0.04999999999999999584, -2.224999999999980549 ) ) ;
#7862 = CIRCLE ( 'NONE', #4584, 0.1249999999999996808 ) ;
#7863 = AXIS2_PLACEMENT_3D ( 'NONE', #9421, #11276, #3326 ) ;
#7864 = DIRECTION ( 'NONE',  ( 0.000000000000000000, 0.000000000000000000, 1.000000000000000000 ) ) ;
#7865 = CIRCLE ( 'NONE', #10596, 0.1249999999999998890 ) ;
#7866 = ORIENTED_EDGE ( 'NONE', *, *, #6500, .F. ) ;
#7867 = CARTESIAN_POINT ( 'NONE',  ( -2.224999999999974776, 0.2000000000000000111, 0.6250000000000001110 ) ) ;
#7868 = CARTESIAN_POINT ( 'NONE',  ( 2.224999999999980549, 0.2000000000000000111, -0.2499999999999998890 ) ) ;
#7869 = DIRECTION ( 'NONE',  ( 1.000000000000000000, 0.000000000000000000, -0.000000000000000000 ) ) ;
#7870 = CARTESIAN_POINT ( 'NONE',  ( -2.499999999999994227, 0.2000000000000000111, -1.375000000000000000 ) ) ;
#7871 = VECTOR ( 'NONE', #4074, 1000.000000000000000 ) ;
#7872 = ORIENTED_EDGE ( 'NONE', *, *, #3406, .F. ) ;
#7873 = DIRECTION ( 'NONE',  ( -1.000000000000000000, 0.000000000000000000, -0.000000000000000000 ) ) ;
#7874 = CARTESIAN_POINT ( 'NONE',  ( -0.1249999999999996531, 0.2000000000000000111, -2.500000000000000000 ) ) ;
#7875 = ORIENTED_EDGE ( 'NONE', *, *, #1739, .T. ) ;
#7876 = CARTESIAN_POINT ( 'NONE',  ( 2.224999999999990763, 0.2000000000000000111, 0.6249999999999998890 ) ) ;
#7877 = VERTEX_POINT ( 'NONE', #9827 ) ;
#7878 = VECTOR ( 'NONE', #2789, 1000.000000000000000 ) ;
#7879 = PRESENTATION_LAYER_ASSIGNMENT (  '', '', ( #2942 ) ) ;
#7880 = EDGE_CURVE ( 'NONE', #8690, #4644, #6398, .T. ) ;
#7881 = CARTESIAN_POINT ( 'NONE',  ( -2.499999999999999556, 0.2000000000000000111, -1.875000000000000000 ) ) ;
#7882 = CARTESIAN_POINT ( 'NONE',  ( -2.499999999999999556, 0.04999999999999969746, -0.3749999999999998890 ) ) ;
#7883 = CARTESIAN_POINT ( 'NONE',  ( -1.800000000000000044, 0.000000000000000000, 1.649999999999998579 ) ) ;
#7884 = DIRECTION ( 'NONE',  ( 1.000000000000000000, 0.000000000000000000, -9.856383386231904433E-17 ) ) ;
#7885 = ORIENTED_EDGE ( 'NONE', *, *, #7341, .F. ) ;
#7886 = DIRECTION ( 'NONE',  ( -0.000000000000000000, -0.000000000000000000, 1.000000000000000000 ) ) ;
#7887 = DIRECTION ( 'NONE',  ( 0.000000000000000000, 0.000000000000000000, 1.000000000000000000 ) ) ;
#7888 = DIRECTION ( 'NONE',  ( -1.000000000000000000, 0.000000000000000000, 0.000000000000000000 ) ) ;
#7889 = LINE ( 'NONE', #4293, #5629 ) ;
#7890 = ORIENTED_EDGE ( 'NONE', *, *, #10831, .F. ) ;
#7891 = AXIS2_PLACEMENT_3D ( 'NONE', #2814, #9071, #10739 ) ;
#7892 = CARTESIAN_POINT ( 'NONE',  ( -2.499999999999978684, 0.2000000000000000111, 0.3749999999999998890 ) ) ;
#7893 = DIRECTION ( 'NONE',  ( -1.734723475976807094E-15, 0.000000000000000000, -1.000000000000000000 ) ) ;
#7894 = ORIENTED_EDGE ( 'NONE', *, *, #7710, .F. ) ;
#7895 = CARTESIAN_POINT ( 'NONE',  ( -1.624999999999999334, 0.2000000000000000111, -2.500000000000000000 ) ) ;
#7896 = AXIS2_PLACEMENT_3D ( 'NONE', #1805, #113, #3346 ) ;
#7897 = VERTEX_POINT ( 'NONE', #8138 ) ;
#7898 = ORIENTED_EDGE ( 'NONE', *, *, #7927, .T. ) ;
#7899 = EDGE_CURVE ( 'NONE', #9277, #8163, #4538, .T. ) ;
#7900 = PRESENTATION_LAYER_ASSIGNMENT (  '', '', ( #794 ) ) ;
#7901 = CIRCLE ( 'NONE', #6780, 0.1249999999999996808 ) ;
#7902 = AXIS2_PLACEMENT_3D ( 'NONE', #5943, #8762, #7800 ) ;
#7903 = CARTESIAN_POINT ( 'NONE',  ( 2.500000000000000000, 0.2000000000000000111, 1.374999999999999778 ) ) ;
#7904 = ORIENTED_EDGE ( 'NONE', *, *, #10893, .F. ) ;
#7905 = LINE ( 'NONE', #7787, #8777 ) ;
#7906 = CARTESIAN_POINT ( 'NONE',  ( -0.7499999999999994449, 0.000000000000000000, -2.224999999999975220 ) ) ;
#7907 = DIRECTION ( 'NONE',  ( -0.000000000000000000, -1.000000000000000000, -0.000000000000000000 ) ) ;
#7908 = ORIENTED_EDGE ( 'NONE', *, *, #438, .F. ) ;
#7909 = CARTESIAN_POINT ( 'NONE',  ( 2.500000000000000000, 0.000000000000000000, 0.1250000000000001665 ) ) ;
#7910 = ORIENTED_EDGE ( 'NONE', *, *, #9151, .T. ) ;
#7911 = AXIS2_PLACEMENT_3D ( 'NONE', #8829, #8106, #3701 ) ;
#7912 = EDGE_CURVE ( 'NONE', #2621, #6758, #6381, .T. ) ;
#7913 = EDGE_CURVE ( 'NONE', #493, #472, #6448, .T. ) ;
#7914 = EDGE_CURVE ( 'NONE', #474, #1791, #8027, .T. ) ;
#7915 = AXIS2_PLACEMENT_3D ( 'NONE', #7980, #7926, #8987 ) ;
#7916 = COLOUR_RGB ( '',0.7921568627450980005, 0.8196078431372548767, 0.9333333333333333481 ) ;
#7917 = CARTESIAN_POINT ( 'NONE',  ( 0.3750000000000003331, 0.000000000000000000, -2.500000000000000000 ) ) ;
#7918 = VECTOR ( 'NONE', #5722, 1000.000000000000000 ) ;
#7919 = CARTESIAN_POINT ( 'NONE',  ( 1.875000000000000000, 0.2000000000000000111, -2.225000000000001421 ) ) ;
#7920 = EDGE_LOOP ( 'NONE', ( #564, #305, #8324, #10177 ) ) ;
#7921 = DIRECTION ( 'NONE',  ( 0.000000000000000000, -1.000000000000000000, 0.000000000000000000 ) ) ;
#7922 = ORIENTED_EDGE ( 'NONE', *, *, #10417, .T. ) ;
#7923 = DIRECTION ( 'NONE',  ( 0.000000000000000000, -1.000000000000000000, 0.000000000000000000 ) ) ;
#7924 = PLANE ( 'NONE',  #4178 ) ;
#7925 = VERTEX_POINT ( 'NONE', #9941 ) ;
#7926 = DIRECTION ( 'NONE',  ( 0.000000000000000000, 1.000000000000000000, -0.000000000000000000 ) ) ;
#7927 = EDGE_CURVE ( 'NONE', #5203, #8331, #9282, .T. ) ;
#7928 = ADVANCED_FACE ( 'NONE', ( #7561 ), #6627, .F. ) ;
#7929 = VECTOR ( 'NONE', #9585, 1000.000000000000000 ) ;
#7930 = DIRECTION ( 'NONE',  ( 0.000000000000000000, 0.000000000000000000, -1.000000000000000000 ) ) ;
#7931 = ORIENTED_EDGE ( 'NONE', *, *, #7623, .T. ) ;
#7932 = DIRECTION ( 'NONE',  ( 0.000000000000000000, 0.000000000000000000, 1.000000000000000000 ) ) ;
#7933 = DIRECTION ( 'NONE',  ( -1.000000000000000000, 0.000000000000000000, 0.000000000000000000 ) ) ;
#7934 = DIRECTION ( 'NONE',  ( 0.000000000000000000, -1.000000000000000000, 0.000000000000000000 ) ) ;
#7935 = CARTESIAN_POINT ( 'NONE',  ( 1.750000000000000000, 0.2000000000000000111, -2.225000000000001421 ) ) ;
#7936 = ORIENTED_EDGE ( 'NONE', *, *, #10275, .T. ) ;
#7937 = CARTESIAN_POINT ( 'NONE',  ( -1.249999999999999112, 0.2000000000000000111, -2.224999999999969891 ) ) ;
#7938 = ORIENTED_EDGE ( 'NONE', *, *, #1212, .F. ) ;
#7939 = EDGE_CURVE ( 'NONE', #6553, #7454, #10909, .T. ) ;
#7940 = CARTESIAN_POINT ( 'NONE',  ( -2.499999999999978684, 0.2000000000000000111, 0.1250000000000001110 ) ) ;
#7941 = DIRECTION ( 'NONE',  ( -0.000000000000000000, -1.000000000000000000, -0.000000000000000000 ) ) ;
#7942 = DIRECTION ( 'NONE',  ( 0.000000000000000000, 0.000000000000000000, -1.000000000000000000 ) ) ;
#7943 = CARTESIAN_POINT ( 'NONE',  ( 2.500000000000000000, 0.2000000000000000111, 1.125000000000000000 ) ) ;
#7944 = EDGE_LOOP ( 'NONE', ( #6212, #762, #4173, #4945 ) ) ;
#7945 = AXIS2_PLACEMENT_3D ( 'NONE', #8517, #2391, #10284 ) ;
#7946 = LINE ( 'NONE', #68, #5506 ) ;
#7947 = CARTESIAN_POINT ( 'NONE',  ( -0.3749999999999994449, 0.2000000000000000111, -2.225000000000001421 ) ) ;
#7948 = DIRECTION ( 'NONE',  ( 1.000000000000000000, -0.000000000000000000, 0.000000000000000000 ) ) ;
#7949 = PLANE ( 'NONE',  #6723 ) ;
#7950 = ORIENTED_EDGE ( 'NONE', *, *, #6907, .F. ) ;
#7951 =( NAMED_UNIT ( * ) PLANE_ANGLE_UNIT ( ) SI_UNIT ( $, .RADIAN. ) );
#7952 = DIRECTION ( 'NONE',  ( -1.000000000000000000, 0.000000000000000000, 0.000000000000000000 ) ) ;
#7953 = ORIENTED_EDGE ( 'NONE', *, *, #4253, .F. ) ;
#7954 = DIRECTION ( 'NONE',  ( -1.000000000000000000, 0.000000000000000000, 0.000000000000000000 ) ) ;
#7955 = EDGE_LOOP ( 'NONE', ( #10104, #10241, #3789, #1098 ) ) ;
#7956 = ADVANCED_FACE ( 'NONE', ( #1486 ), #650, .T. ) ;
#7957 = ORIENTED_EDGE ( 'NONE', *, *, #5757, .T. ) ;
#7958 = CIRCLE ( 'NONE', #1551, 0.1499999999999999667 ) ;
#7959 = CARTESIAN_POINT ( 'NONE',  ( -1.624999999999999334, 0.2000000000000000111, -2.225000000000001421 ) ) ;
#7960 = DIRECTION ( 'NONE',  ( 0.000000000000000000, 1.000000000000000000, -0.000000000000000000 ) ) ;
#7961 = ORIENTED_EDGE ( 'NONE', *, *, #1094, .T. ) ;
#7962 = EDGE_CURVE ( 'NONE', #4200, #4513, #9358, .T. ) ;
#7963 = LINE ( 'NONE', #6912, #6404 ) ;
#7964 = CARTESIAN_POINT ( 'NONE',  ( -2.499999999999999556, 0.04999999999999969746, -2.500000000000000000 ) ) ;
#7965 = FACE_OUTER_BOUND ( 'NONE', #1659, .T. ) ;
#7966 = ORIENTED_EDGE ( 'NONE', *, *, #5447, .F. ) ;
#7967 = VERTEX_POINT ( 'NONE', #5252 ) ;
#7968 = VECTOR ( 'NONE', #986, 1000.000000000000000 ) ;
#7969 = DIRECTION ( 'NONE',  ( -1.000000000000000000, 0.000000000000000000, 0.000000000000000000 ) ) ;
#7970 = CARTESIAN_POINT ( 'NONE',  ( 2.500000000000000000, 0.2000000000000000111, 0.6249999999999998890 ) ) ;
#7971 = ORIENTED_EDGE ( 'NONE', *, *, #1700, .F. ) ;
#7972 = ADVANCED_FACE ( 'NONE', ( #7038 ), #1002, .F. ) ;
#7973 = FACE_OUTER_BOUND ( 'NONE', #592, .T. ) ;
#7974 = DIRECTION ( 'NONE',  ( 0.000000000000000000, -1.000000000000000000, 0.000000000000000000 ) ) ;
#7975 = EDGE_CURVE ( 'NONE', #9648, #4066, #2560, .T. ) ;
#7976 = ORIENTED_EDGE ( 'NONE', *, *, #9322, .F. ) ;
#7977 = LINE ( 'NONE', #2699, #3149 ) ;
#7978 = DIRECTION ( 'NONE',  ( 0.000000000000000000, 1.000000000000000000, -0.000000000000000000 ) ) ;
#7979 = VERTEX_POINT ( 'NONE', #1598 ) ;
#7980 = CARTESIAN_POINT ( 'NONE',  ( 0.7500000000000002220, 0.000000000000000000, 2.224999999999974776 ) ) ;
#7981 = EDGE_CURVE ( 'NONE', #4644, #6587, #6854, .T. ) ;
#7982 = EDGE_CURVE ( 'NONE', #7990, #773, #2680, .T. ) ;
#7983 = ADVANCED_FACE ( 'NONE', ( #1830 ), #4470, .T. ) ;
#7984 = CARTESIAN_POINT ( 'NONE',  ( -2.499999999999989342, 0.2000000000000000111, -0.6250000000000001110 ) ) ;
#7985 = ORIENTED_EDGE ( 'NONE', *, *, #7320, .F. ) ;
#7986 = DIRECTION ( 'NONE',  ( -0.000000000000000000, -1.000000000000000000, -0.000000000000000000 ) ) ;
#7987 = FACE_OUTER_BOUND ( 'NONE', #1026, .T. ) ;
#7988 = DIRECTION ( 'NONE',  ( 0.000000000000000000, -0.000000000000000000, -1.000000000000000000 ) ) ;
#7989 = CARTESIAN_POINT ( 'NONE',  ( -2.499999999999989342, 0.000000000000000000, -0.8749999999999998890 ) ) ;
#7990 = VERTEX_POINT ( 'NONE', #7959 ) ;
#7991 = ORIENTED_EDGE ( 'NONE', *, *, #2985, .T. ) ;
#7992 = EDGE_LOOP ( 'NONE', ( #4214, #2306, #11023, #9599 ) ) ;
#7993 = CARTESIAN_POINT ( 'NONE',  ( -1.800000000000000044, 0.2000000000000000111, -1.424999999999999822 ) ) ;
#7994 = ORIENTED_EDGE ( 'NONE', *, *, #8288, .F. ) ;
#7995 = VECTOR ( 'NONE', #7736, 1000.000000000000000 ) ;
#7996 = VERTEX_POINT ( 'NONE', #8801 ) ;
#7997 = EDGE_CURVE ( 'NONE', #5831, #9397, #6009, .T. ) ;
#7998 = LINE ( 'NONE', #4679, #1844 ) ;
#7999 = LINE ( 'NONE', #2036, #9217 ) ;
#8000 = AXIS2_PLACEMENT_3D ( 'NONE', #8744, #5986, #5320 ) ;
#8001 = DIRECTION ( 'NONE',  ( -1.000000000000000000, 0.000000000000000000, -0.000000000000000000 ) ) ;
#8002 = ORIENTED_EDGE ( 'NONE', *, *, #2633, .T. ) ;
#8003 = DIRECTION ( 'NONE',  ( 0.000000000000000000, 1.000000000000000000, -0.000000000000000000 ) ) ;
#8004 = CARTESIAN_POINT ( 'NONE',  ( -1.649999999999998801, 0.2000000000000000111, -1.800000000000000044 ) ) ;
#8005 = LINE ( 'NONE', #9867, #7103 ) ;
#8006 = DIRECTION ( 'NONE',  ( 0.000000000000000000, 0.000000000000000000, -1.000000000000000000 ) ) ;
#8007 = ORIENTED_EDGE ( 'NONE', *, *, #2581, .T. ) ;
#8008 = DIRECTION ( 'NONE',  ( 0.000000000000000000, 0.000000000000000000, -1.000000000000000000 ) ) ;
#8009 = ORIENTED_EDGE ( 'NONE', *, *, #5284, .F. ) ;
#8010 = ORIENTED_EDGE ( 'NONE', *, *, #3617, .F. ) ;
#8011 = AXIS2_PLACEMENT_3D ( 'NONE', #1936, #399, #2040 ) ;
#8012 = ORIENTED_EDGE ( 'NONE', *, *, #2408, .T. ) ;
#8013 = CLOSED_SHELL ( 'NONE', ( #8196, #2145, #913, #4035, #11225, #10182, #7000 ) ) ;
#8014 = DIRECTION ( 'NONE',  ( 0.000000000000000000, 0.000000000000000000, -1.000000000000000000 ) ) ;
#8015 = PLANE ( 'NONE',  #8772 ) ;
#8016 = ORIENTED_EDGE ( 'NONE', *, *, #9643, .F. ) ;
#8017 = CARTESIAN_POINT ( 'NONE',  ( 0.000000000000000000, 0.05000000000000000278, 1.625000000000000222 ) ) ;
#8018 = CARTESIAN_POINT ( 'NONE',  ( 2.224999999999975220, 0.2000000000000000111, -0.7500000000000000000 ) ) ;
#8019 = LINE ( 'NONE', #5322, #3844 ) ;
#8020 = ORIENTED_EDGE ( 'NONE', *, *, #6685, .T. ) ;
#8021 = AXIS2_PLACEMENT_3D ( 'NONE', #9382, #1457, #736 ) ;
#8022 = CARTESIAN_POINT ( 'NONE',  ( 0.7500000000000002220, 0.2000000000000000111, 2.224999999999974776 ) ) ;
#8023 = VERTEX_POINT ( 'NONE', #830 ) ;
#8024 = VECTOR ( 'NONE', #5609, 1000.000000000000000 ) ;
#8025 = EDGE_CURVE ( 'NONE', #7070, #1111, #6977, .T. ) ;
#8026 = VECTOR ( 'NONE', #3886, 1000.000000000000000 ) ;
#8027 = LINE ( 'NONE', #207, #7851 ) ;
#8028 = EDGE_CURVE ( 'NONE', #7565, #9286, #3427, .T. ) ;
#8029 = DIRECTION ( 'NONE',  ( 0.000000000000000000, 0.000000000000000000, 1.000000000000000000 ) ) ;
#8030 = ORIENTED_EDGE ( 'NONE', *, *, #7767, .F. ) ;
#8031 = LINE ( 'NONE', #6770, #8413 ) ;
#8032 = FACE_OUTER_BOUND ( 'NONE', #2282, .T. ) ;
#8033 = STYLED_ITEM ( 'NONE', ( #1481 ), #7222 ) ;
#8034 = CARTESIAN_POINT ( 'NONE',  ( 2.500000000000000444, 0.2000000000000000111, -1.874999999999998446 ) ) ;
#8035 = DIRECTION ( 'NONE',  ( 0.000000000000000000, -0.000000000000000000, 1.000000000000000000 ) ) ;
#8036 = CIRCLE ( 'NONE', #1441, 0.1250000000000001110 ) ;
#8037 = ORIENTED_EDGE ( 'NONE', *, *, #2706, .T. ) ;
#8038 = LINE ( 'NONE', #5391, #2226 ) ;
#8039 = PRESENTATION_LAYER_ASSIGNMENT (  '', '', ( #11112 ) ) ;
#8040 = AXIS2_PLACEMENT_3D ( 'NONE', #9095, #4667, #9952 ) ;
#8041 = DIRECTION ( 'NONE',  ( 0.000000000000000000, 1.000000000000000000, -0.000000000000000000 ) ) ;
#8042 = ORIENTED_EDGE ( 'NONE', *, *, #9492, .F. ) ;
#8043 = LINE ( 'NONE', #227, #5683 ) ;
#8044 = DIRECTION ( 'NONE',  ( 0.000000000000000000, 1.000000000000000000, -0.000000000000000000 ) ) ;
#8045 = DIRECTION ( 'NONE',  ( 0.000000000000000000, -0.000000000000000000, -1.000000000000000000 ) ) ;
#8046 = LINE ( 'NONE', #109, #903 ) ;
#8047 = VECTOR ( 'NONE', #36, 1000.000000000000000 ) ;
#8048 = PLANE ( 'NONE',  #9420 ) ;
#8049 = ORIENTED_EDGE ( 'NONE', *, *, #9446, .T. ) ;
#8050 = CARTESIAN_POINT ( 'NONE',  ( -1.624999999999999334, 0.04999999999999999584, 2.500000000000000000 ) ) ;
#8051 = CIRCLE ( 'NONE', #10597, 0.1250000000000001110 ) ;
#8052 = AXIS2_PLACEMENT_3D ( 'NONE', #8974, #2104, #139 ) ;
#8053 = EDGE_CURVE ( 'NONE', #9499, #10314, #5107, .T. ) ;
#8054 = EDGE_CURVE ( 'NONE', #7454, #1171, #4587, .T. ) ;
#8055 = EDGE_CURVE ( 'NONE', #5786, #7570, #10584, .T. ) ;
#8056 = VECTOR ( 'NONE', #1756, 1000.000000000000000 ) ;
#8057 = CIRCLE ( 'NONE', #571, 0.1250000000000001110 ) ;
#8058 = FACE_OUTER_BOUND ( 'NONE', #4502, .T. ) ;
#8059 = CARTESIAN_POINT ( 'NONE',  ( -0.3749999999999994449, 0.2000000000000000111, -2.500000000000000000 ) ) ;
#8060 = CYLINDRICAL_SURFACE ( 'NONE', #2106, 0.1250000000000001110 ) ;
#8061 = CARTESIAN_POINT ( 'NONE',  ( -2.224999999999974776, 0.2000000000000000111, 0.7500000000000000000 ) ) ;
#8062 = VERTEX_POINT ( 'NONE', #7317 ) ;
#8063 = CARTESIAN_POINT ( 'NONE',  ( 0.3750000000000001665, 0.2000000000000000111, 2.499999999999999556 ) ) ;
#8064 = DIRECTION ( 'NONE',  ( -1.000000000000000000, 0.000000000000000000, -0.000000000000000000 ) ) ;
#8065 = DIRECTION ( 'NONE',  ( 0.000000000000000000, 0.000000000000000000, 1.000000000000000000 ) ) ;
#8066 = ORIENTED_EDGE ( 'NONE', *, *, #2466, .T. ) ;
#8067 = CARTESIAN_POINT ( 'NONE',  ( 0.8750000000000002220, 0.000000000000000000, -2.500000000000000000 ) ) ;
#8068 = DIRECTION ( 'NONE',  ( 0.000000000000000000, 1.000000000000000000, -0.000000000000000000 ) ) ;
#8069 = EDGE_LOOP ( 'NONE', ( #2262, #2029, #8466, #9552 ) ) ;
#8070 = CARTESIAN_POINT ( 'NONE',  ( 2.500000000000000000, 0.2000000000000000111, 0.6249999999999998890 ) ) ;
#8071 = ORIENTED_EDGE ( 'NONE', *, *, #5085, .T. ) ;
#8072 = AXIS2_PLACEMENT_3D ( 'NONE', #5653, #9999, #5594 ) ;
#8073 = EDGE_LOOP ( 'NONE', ( #3211, #3164, #8226, #3236 ) ) ;
#8074 = ADVANCED_FACE ( 'NONE', ( #10791 ), #4694, .F. ) ;
#8075 = COLOUR_RGB ( '',0.7921568627450980005, 0.8196078431372548767, 0.9333333333333333481 ) ;
#8076 = CARTESIAN_POINT ( 'NONE',  ( -0.8749999999999994449, 0.2000000000000000111, 2.225000000000000977 ) ) ;
#8077 = AXIS2_PLACEMENT_3D ( 'NONE', #3493, #5374, #7099 ) ;
#8078 = CARTESIAN_POINT ( 'NONE',  ( -1.374999999999999334, 0.2000000000000000111, 2.500000000000000000 ) ) ;
#8079 = VERTEX_POINT ( 'NONE', #1053 ) ;
#8080 = FACE_OUTER_BOUND ( 'NONE', #2441, .T. ) ;
#8081 = AXIS2_PLACEMENT_3D ( 'NONE', #4, #10442, #8001 ) ;
#8082 = ORIENTED_EDGE ( 'NONE', *, *, #9824, .F. ) ;
#8083 = ORIENTED_EDGE ( 'NONE', *, *, #7732, .T. ) ;
#8084 = ORIENTED_EDGE ( 'NONE', *, *, #8950, .F. ) ;
#8085 = EDGE_CURVE ( 'NONE', #6661, #9935, #8127, .T. ) ;
#8086 = VECTOR ( 'NONE', #689, 1000.000000000000000 ) ;
#8087 = CARTESIAN_POINT ( 'NONE',  ( 2.225000000000001421, 0.2000000000000000111, -0.1250000000000000278 ) ) ;
#8088 = DIRECTION ( 'NONE',  ( 0.000000000000000000, -0.000000000000000000, -1.000000000000000000 ) ) ;
#8089 = ORIENTED_EDGE ( 'NONE', *, *, #8935, .T. ) ;
#8090 = DIRECTION ( 'NONE',  ( -8.673617379884057166E-16, 0.000000000000000000, 1.000000000000000000 ) ) ;
#8091 = FACE_OUTER_BOUND ( 'NONE', #4162, .T. ) ;
#8092 = AXIS2_PLACEMENT_3D ( 'NONE', #10090, #2197, #3982 ) ;
#8093 = VECTOR ( 'NONE', #3394, 1000.000000000000000 ) ;
#8094 = CARTESIAN_POINT ( 'NONE',  ( 0.1250000000000005551, 0.04999999999999969746, 2.500000000000000000 ) ) ;
#8095 = CARTESIAN_POINT ( 'NONE',  ( -0.8749999999999994449, 0.000000000000000000, 2.225000000000000977 ) ) ;
#8096 = AXIS2_PLACEMENT_3D ( 'NONE', #3969, #1509, #2347 ) ;
#8097 = ORIENTED_EDGE ( 'NONE', *, *, #9417, .F. ) ;
#8098 = LINE ( 'NONE', #4663, #1334 ) ;
#8099 = EDGE_CURVE ( 'NONE', #6579, #8634, #406, .T. ) ;
#8100 = EDGE_CURVE ( 'NONE', #3860, #6675, #9019, .T. ) ;
#8101 = AXIS2_PLACEMENT_3D ( 'NONE', #2518, #10478, #4370 ) ;
#8102 = CARTESIAN_POINT ( 'NONE',  ( -2.499999999999999556, 0.04999999999999969746, -0.8749999999999998890 ) ) ;
#8103 = ORIENTED_EDGE ( 'NONE', *, *, #8989, .T. ) ;
#8104 = EDGE_CURVE ( 'NONE', #773, #10787, #10571, .T. ) ;
#8105 = PRESENTATION_STYLE_ASSIGNMENT (( #10662 ) ) ;
#8106 = DIRECTION ( 'NONE',  ( -0.000000000000000000, -1.000000000000000000, -0.000000000000000000 ) ) ;
#8107 = DIRECTION ( 'NONE',  ( -0.000000000000000000, -1.000000000000000000, -0.000000000000000000 ) ) ;
#8108 = CARTESIAN_POINT ( 'NONE',  ( 0.6250000000000003331, 0.2000000000000000111, 2.225000000000000977 ) ) ;
#8109 = AXIS2_PLACEMENT_3D ( 'NONE', #5071, #10269, #2928 ) ;
#8110 = DIRECTION ( 'NONE',  ( 0.000000000000000000, 0.000000000000000000, -1.000000000000000000 ) ) ;
#8111 = VERTEX_POINT ( 'NONE', #3781 ) ;
#8112 = DIRECTION ( 'NONE',  ( 0.000000000000000000, -1.000000000000000000, 0.000000000000000000 ) ) ;
#8113 = LINE ( 'NONE', #3592, #4029 ) ;
#8114 = DIRECTION ( 'NONE',  ( 1.000000000000000000, 0.000000000000000000, -0.000000000000000000 ) ) ;
#8115 = DIRECTION ( 'NONE',  ( -0.000000000000000000, 0.000000000000000000, 1.000000000000000000 ) ) ;
#8116 = ORIENTED_EDGE ( 'NONE', *, *, #10865, .T. ) ;
#8117 = DIRECTION ( 'NONE',  ( -1.000000000000000000, 0.000000000000000000, 0.000000000000000000 ) ) ;
#8118 = CARTESIAN_POINT ( 'NONE',  ( -1.124999999999999778, 0.2000000000000000111, 2.225000000000000977 ) ) ;
#8119 = CARTESIAN_POINT ( 'NONE',  ( 1.749999999999999778, 0.2000000000000000111, 2.224999999999964118 ) ) ;
#8120 = EDGE_CURVE ( 'NONE', #3943, #1588, #8911, .T. ) ;
#8121 = EDGE_LOOP ( 'NONE', ( #11094, #141, #5749, #6883 ) ) ;
#8122 = FILL_AREA_STYLE ('',( #248 ) ) ;
#8123 = DIRECTION ( 'NONE',  ( 0.000000000000000000, 0.000000000000000000, -1.000000000000000000 ) ) ;
#8124 = VERTEX_POINT ( 'NONE', #9933 ) ;
#8125 = CARTESIAN_POINT ( 'NONE',  ( 0.6250000000000003331, 0.2000000000000000111, 2.499999999999999556 ) ) ;
#8126 = ORIENTED_EDGE ( 'NONE', *, *, #7407, .F. ) ;
#8127 = LINE ( 'NONE', #8230, #2930 ) ;
#8128 = PRODUCT_RELATED_PRODUCT_CATEGORY ( 'part', '', ( #2684 ) ) ;
#8129 =( NAMED_UNIT ( * ) SI_UNIT ( $, .STERADIAN. ) SOLID_ANGLE_UNIT ( ) );
#8130 = EDGE_CURVE ( 'NONE', #4796, #4103, #258, .T. ) ;
#8131 = VERTEX_POINT ( 'NONE', #6383 ) ;
#8132 = CARTESIAN_POINT ( 'NONE',  ( 1.625000000000000000, 0.2000000000000000111, 2.499999999999999112 ) ) ;
#8133 = FACE_OUTER_BOUND ( 'NONE', #2944, .T. ) ;
#8134 = EDGE_CURVE ( 'NONE', #9274, #7276, #1109, .T. ) ;
#8135 = ORIENTED_EDGE ( 'NONE', *, *, #7152, .T. ) ;
#8136 = DIRECTION ( 'NONE',  ( -0.000000000000000000, -1.000000000000000000, -0.000000000000000000 ) ) ;
#8137 = ORIENTED_EDGE ( 'NONE', *, *, #4567, .F. ) ;
#8138 = CARTESIAN_POINT ( 'NONE',  ( 1.800000000000000044, 0.2000000000000000111, 1.649999999999998579 ) ) ;
#8139 = CARTESIAN_POINT ( 'NONE',  ( -2.224999999999990319, 0.000000000000000000, -0.6250000000000001110 ) ) ;
#8140 = VERTEX_POINT ( 'NONE', #8076 ) ;
#8141 = CYLINDRICAL_SURFACE ( 'NONE', #8072, 0.1250000000000001110 ) ;
#8142 = DIRECTION ( 'NONE',  ( 0.000000000000000000, 0.000000000000000000, 1.000000000000000000 ) ) ;
#8143 = FACE_OUTER_BOUND ( 'NONE', #8807, .T. ) ;
#8144 = EDGE_LOOP ( 'NONE', ( #5955, #8742, #4991, #9610 ) ) ;
#8145 = DIRECTION ( 'NONE',  ( -0.000000000000000000, -1.000000000000000000, -0.000000000000000000 ) ) ;
#8146 = VECTOR ( 'NONE', #4038, 1000.000000000000000 ) ;
#8147 = EDGE_CURVE ( 'NONE', #7088, #1213, #2098, .T. ) ;
#8148 = FACE_OUTER_BOUND ( 'NONE', #5856, .T. ) ;
#8149 = VERTEX_POINT ( 'NONE', #8968 ) ;
#8150 = DIRECTION ( 'NONE',  ( -0.000000000000000000, -1.000000000000000000, -0.000000000000000000 ) ) ;
#8151 = DIRECTION ( 'NONE',  ( 0.000000000000000000, 0.000000000000000000, -1.000000000000000000 ) ) ;
#8152 = CARTESIAN_POINT ( 'NONE',  ( -0.7499999999999994449, 0.2000000000000000111, -2.224999999999975220 ) ) ;
#8153 = CARTESIAN_POINT ( 'NONE',  ( 2.500000000000000000, 0.2000000000000000111, -0.3749999999999998335 ) ) ;
#8154 = ORIENTED_EDGE ( 'NONE', *, *, #1094, .F. ) ;
#8155 = CARTESIAN_POINT ( 'NONE',  ( -0.1249999999999998196, 0.2000000000000000111, 2.499999999999999556 ) ) ;
#8156 = ORIENTED_EDGE ( 'NONE', *, *, #8288, .T. ) ;
#8157 = EDGE_CURVE ( 'NONE', #10543, #11241, #8175, .T. ) ;
#8158 = LINE ( 'NONE', #1979, #7499 ) ;
#8159 = ADVANCED_FACE ( 'NONE', ( #7095 ), #1994, .F. ) ;
#8160 = LINE ( 'NONE', #4726, #2523 ) ;
#8161 = CARTESIAN_POINT ( 'NONE',  ( -0.6249999999999996669, 0.000000000000000000, 2.225000000000000977 ) ) ;
#8162 = CARTESIAN_POINT ( 'NONE',  ( -2.225000000000000977, 0.2000000000000000111, -1.875000000000000000 ) ) ;
#8163 = VERTEX_POINT ( 'NONE', #1258 ) ;
#8164 = CARTESIAN_POINT ( 'NONE',  ( 0.3750000000000003331, 0.000000000000000000, -2.500000000000000000 ) ) ;
#8165 = DIRECTION ( 'NONE',  ( 1.000000000000000000, -0.000000000000000000, 0.000000000000000000 ) ) ;
#8166 = CARTESIAN_POINT ( 'NONE',  ( -2.499999999999984013, 0.2000000000000000111, -0.1250000000000001110 ) ) ;
#8167 = LINE ( 'NONE', #2799, #7447 ) ;
#8168 = VERTEX_POINT ( 'NONE', #4744 ) ;
#8169 = PLANE ( 'NONE',  #1269 ) ;
#8170 = ORIENTED_EDGE ( 'NONE', *, *, #1121, .T. ) ;
#8171 = CARTESIAN_POINT ( 'NONE',  ( -1.124999999999999556, 0.000000000000000000, 2.499999999999999556 ) ) ;
#8172 = ORIENTED_EDGE ( 'NONE', *, *, #1121, .F. ) ;
#8173 = EDGE_CURVE ( 'NONE', #485, #2327, #2747, .T. ) ;
#8174 = AXIS2_PLACEMENT_3D ( 'NONE', #6294, #274, #8142 ) ;
#8175 = LINE ( 'NONE', #1896, #9296 ) ;
#8176 = EDGE_LOOP ( 'NONE', ( #9021, #7644, #6256, #2053 ) ) ;
#8177 = DIRECTION ( 'NONE',  ( 1.000000000000000000, -0.000000000000000000, 0.000000000000000000 ) ) ;
#8178 = CARTESIAN_POINT ( 'NONE',  ( 2.500000000000000444, 0.04999999999999969746, 0.3749999999999998890 ) ) ;
#8179 = VERTEX_POINT ( 'NONE', #9717 ) ;
#8180 = VECTOR ( 'NONE', #10641, 1000.000000000000000 ) ;
#8181 = CARTESIAN_POINT ( 'NONE',  ( -1.800000000000000044, 0.2000000000000000111, 1.649999999999998579 ) ) ;
#8182 = ORIENTED_EDGE ( 'NONE', *, *, #11181, .T. ) ;
#8183 = CLOSED_SHELL ( 'NONE', ( #10866, #7073, #6986, #839, #9490, #6633 ) ) ;
#8184 = ADVANCED_FACE ( 'NONE', ( #5372 ), #8857, .T. ) ;
#8185 = EDGE_CURVE ( 'NONE', #1210, #4928, #7594, .T. ) ;
#8186 = EDGE_CURVE ( 'NONE', #3805, #1694, #7865, .T. ) ;
#8187 = CIRCLE ( 'NONE', #3063, 0.1249999999999998890 ) ;
#8188 = CARTESIAN_POINT ( 'NONE',  ( 0.8750000000000002220, 0.05000000000000000278, 0.000000000000000000 ) ) ;
#8189 = VECTOR ( 'NONE', #2546, 1000.000000000000000 ) ;
#8190 = CARTESIAN_POINT ( 'NONE',  ( -2.224999999999985434, 0.2000000000000000111, -0.2500000000000000000 ) ) ;
#8191 = ORIENTED_EDGE ( 'NONE', *, *, #1597, .F. ) ;
#8192 = CARTESIAN_POINT ( 'NONE',  ( 0.2500000000000002776, 0.04999999999999999584, 2.224999999999980105 ) ) ;
#8193 = DIRECTION ( 'NONE',  ( 0.000000000000000000, 0.000000000000000000, -1.000000000000000000 ) ) ;
#8194 = CARTESIAN_POINT ( 'NONE',  ( 0.8750000000000001110, 0.2000000000000000111, 2.499999999999999556 ) ) ;
#8195 = LINE ( 'NONE', #7445, #838 ) ;
#8196 = ADVANCED_FACE ( 'NONE', ( #4803 ), #10201, .T. ) ;
#8197 = DIRECTION ( 'NONE',  ( 0.000000000000000000, 0.000000000000000000, -1.000000000000000000 ) ) ;
#8198 = ORIENTED_EDGE ( 'NONE', *, *, #3988, .F. ) ;
#8199 = VECTOR ( 'NONE', #4965, 1000.000000000000000 ) ;
#8200 = AXIS2_PLACEMENT_3D ( 'NONE', #9061, #2960, #5785 ) ;
#8201 = CARTESIAN_POINT ( 'NONE',  ( 2.500000000000000000, 0.000000000000000000, -0.1250000000000000555 ) ) ;
#8202 = VERTEX_POINT ( 'NONE', #3065 ) ;
#8203 = CARTESIAN_POINT ( 'NONE',  ( -1.624999999999999334, 0.2000000000000000111, 2.500000000000000000 ) ) ;
#8204 = FACE_OUTER_BOUND ( 'NONE', #3555, .T. ) ;
#8205 = LINE ( 'NONE', #547, #7280 ) ;
#8206 = ORIENTED_EDGE ( 'NONE', *, *, #9702, .T. ) ;
#8207 = CARTESIAN_POINT ( 'NONE',  ( -2.499999999999994227, 0.2000000000000000111, -1.375000000000000000 ) ) ;
#8208 = ORIENTED_EDGE ( 'NONE', *, *, #3289, .F. ) ;
#8209 = VECTOR ( 'NONE', #6882, 1000.000000000000000 ) ;
#8210 = AXIS2_PLACEMENT_3D ( 'NONE', #1797, #5222, #3519 ) ;
#8211 = AXIS2_PLACEMENT_3D ( 'NONE', #4618, #1863, #7988 ) ;
#8212 = DIRECTION ( 'NONE',  ( 1.000000000000000000, -0.000000000000000000, -0.000000000000000000 ) ) ;
#8213 = CARTESIAN_POINT ( 'NONE',  ( 2.224999999999996092, 0.2000000000000000111, 1.250000000000000000 ) ) ;
#8214 = LINE ( 'NONE', #2296, #10297 ) ;
#8215 = DIRECTION ( 'NONE',  ( -1.000000000000000000, 0.000000000000000000, -0.000000000000000000 ) ) ;
#8216 = ORIENTED_EDGE ( 'NONE', *, *, #9892, .F. ) ;
#8217 = LINE ( 'NONE', #2038, #4056 ) ;
#8218 = FACE_OUTER_BOUND ( 'NONE', #2804, .T. ) ;
#8219 = CARTESIAN_POINT ( 'NONE',  ( -1.649999999999998801, 0.2000000000000000111, -1.800000000000000044 ) ) ;
#8220 = LINE ( 'NONE', #10679, #8553 ) ;
#8221 = VECTOR ( 'NONE', #5508, 1000.000000000000000 ) ;
#8222 = VERTEX_POINT ( 'NONE', #2367 ) ;
#8223 = VECTOR ( 'NONE', #6497, 1000.000000000000000 ) ;
#8224 = SURFACE_STYLE_FILL_AREA ( #8122 ) ;
#8225 = LINE ( 'NONE', #10946, #2520 ) ;
#8226 = ORIENTED_EDGE ( 'NONE', *, *, #10369, .T. ) ;
#8227 = EDGE_CURVE ( 'NONE', #4562, #3869, #3847, .T. ) ;
#8228 = VECTOR ( 'NONE', #6086, 1000.000000000000000 ) ;
#8229 = VECTOR ( 'NONE', #8029, 1000.000000000000000 ) ;
#8230 = CARTESIAN_POINT ( 'NONE',  ( -2.499999999999968470, 0.2000000000000000111, 1.125000000000000222 ) ) ;
#8231 = FACE_OUTER_BOUND ( 'NONE', #2773, .T. ) ;
#8232 = ORIENTED_EDGE ( 'NONE', *, *, #8866, .F. ) ;
#8233 = DIRECTION ( 'NONE',  ( 0.000000000000000000, 0.000000000000000000, 1.000000000000000000 ) ) ;
#8234 = FACE_OUTER_BOUND ( 'NONE', #2293, .T. ) ;
#8235 = ORIENTED_EDGE ( 'NONE', *, *, #7693, .F. ) ;
#8236 = DIRECTION ( 'NONE',  ( -0.000000000000000000, -1.000000000000000000, -0.000000000000000000 ) ) ;
#8237 = VERTEX_POINT ( 'NONE', #3179 ) ;
#8238 = EDGE_CURVE ( 'NONE', #9196, #4678, #4956, .T. ) ;
#8239 = EDGE_LOOP ( 'NONE', ( #4109, #745, #2754, #1697 ) ) ;
#8240 = AXIS2_PLACEMENT_3D ( 'NONE', #9880, #9981, #1167 ) ;
#8241 = LINE ( 'NONE', #8087, #3467 ) ;
#8242 = LINE ( 'NONE', #7386, #231 ) ;
#8243 = VERTEX_POINT ( 'NONE', #8282 ) ;
#8244 = DIRECTION ( 'NONE',  ( 1.000000000000000000, 0.000000000000000000, 0.000000000000000000 ) ) ;
#8245 = CARTESIAN_POINT ( 'NONE',  ( 2.500000000000000000, 0.000000000000000000, 1.374999999999999778 ) ) ;
#8246 = EDGE_CURVE ( 'NONE', #10283, #7110, #11137, .T. ) ;
#8247 = DIRECTION ( 'NONE',  ( -1.000000000000000000, -0.000000000000000000, -0.000000000000000000 ) ) ;
#8248 = EDGE_CURVE ( 'NONE', #8484, #10779, #3941, .T. ) ;
#8249 = LINE ( 'NONE', #3199, #2632 ) ;
#8250 = AXIS2_PLACEMENT_3D ( 'NONE', #9442, #8545, #1637 ) ;
#8251 = VECTOR ( 'NONE', #8600, 1000.000000000000000 ) ;
#8252 = CARTESIAN_POINT ( 'NONE',  ( -2.224999999999980105, 0.2000000000000000111, 0.2500000000000000000 ) ) ;
#8253 = ORIENTED_EDGE ( 'NONE', *, *, #10198, .T. ) ;
#8254 = VECTOR ( 'NONE', #8363, 1000.000000000000000 ) ;
#8255 = DIRECTION ( 'NONE',  ( 0.000000000000000000, -0.000000000000000000, -1.000000000000000000 ) ) ;
#8256 = EDGE_LOOP ( 'NONE', ( #7866, #58, #3129, #2468 ) ) ;
#8257 = EDGE_CURVE ( 'NONE', #1000, #5831, #2259, .T. ) ;
#8258 =( LENGTH_UNIT ( ) NAMED_UNIT ( * ) SI_UNIT ( .MILLI., .METRE. ) );
#8259 = LINE ( 'NONE', #4830, #5878 ) ;
#8260 = CARTESIAN_POINT ( 'NONE',  ( 2.500000000000000444, 0.9000000000000000222, -2.500000000000000000 ) ) ;
#8261 = DIRECTION ( 'NONE',  ( 9.856383386231903201E-17, 0.000000000000000000, 1.000000000000000000 ) ) ;
#8262 = ADVANCED_FACE ( 'NONE', ( #3891 ), #10846, .T. ) ;
#8263 = ORIENTED_EDGE ( 'NONE', *, *, #4741, .T. ) ;
#8264 = PLANE ( 'NONE',  #1871 ) ;
#8265 = ORIENTED_EDGE ( 'NONE', *, *, #2171, .F. ) ;
#8266 = VECTOR ( 'NONE', #4261, 1000.000000000000000 ) ;
#8267 = ORIENTED_EDGE ( 'NONE', *, *, #4962, .T. ) ;
#8268 = AXIS2_PLACEMENT_3D ( 'NONE', #1735, #3330, #11221 ) ;
#8269 = DIRECTION ( 'NONE',  ( 1.000000000000000000, 0.000000000000000000, -1.971276677246380887E-16 ) ) ;
#8270 = CARTESIAN_POINT ( 'NONE',  ( 1.249999999999999778, 0.2000000000000000111, 2.224999999999969003 ) ) ;
#8271 = VECTOR ( 'NONE', #5307, 1000.000000000000000 ) ;
#8272 = CARTESIAN_POINT ( 'NONE',  ( -2.499999999999989342, 0.2000000000000000111, -0.8749999999999998890 ) ) ;
#8273 = ORIENTED_EDGE ( 'NONE', *, *, #8147, .F. ) ;
#8274 = PLANE ( 'NONE',  #7175 ) ;
#8275 = CARTESIAN_POINT ( 'NONE',  ( -2.224999999999974776, 0.2000000000000000111, 0.7500000000000000000 ) ) ;
#8276 = CARTESIAN_POINT ( 'NONE',  ( 0.8750000000000001110, 0.2000000000000000111, 2.499999999999999556 ) ) ;
#8277 = EDGE_CURVE ( 'NONE', #348, #1304, #5112, .T. ) ;
#8278 = ORIENTED_EDGE ( 'NONE', *, *, #7327, .T. ) ;
#8279 = CARTESIAN_POINT ( 'NONE',  ( -1.624999999999999334, 0.2000000000000000111, -2.500000000000000000 ) ) ;
#8280 = EDGE_LOOP ( 'NONE', ( #6450, #2424, #10276, #1424 ) ) ;
#8281 = CARTESIAN_POINT ( 'NONE',  ( 0.7500000000000003331, 0.2000000000000000111, -2.224999999999990763 ) ) ;
#8282 = CARTESIAN_POINT ( 'NONE',  ( -2.225000000000000977, 0.000000000000000000, -1.625000000000000222 ) ) ;
#8283 = DIRECTION ( 'NONE',  ( 0.000000000000000000, 0.000000000000000000, -1.000000000000000000 ) ) ;
#8284 = ORIENTED_EDGE ( 'NONE', *, *, #6238, .T. ) ;
#8285 = LINE ( 'NONE', #468, #6588 ) ;
#8286 = LINE ( 'NONE', #9288, #4188 ) ;
#8287 = ORIENTED_EDGE ( 'NONE', *, *, #738, .F. ) ;
#8288 = EDGE_CURVE ( 'NONE', #2256, #10608, #3015, .T. ) ;
#8289 = DIRECTION ( 'NONE',  ( 0.000000000000000000, 1.000000000000000000, -0.000000000000000000 ) ) ;
#8290 = ORIENTED_EDGE ( 'NONE', *, *, #6154, .T. ) ;
#8291 = DIRECTION ( 'NONE',  ( 0.000000000000000000, -1.000000000000000000, 0.000000000000000000 ) ) ;
#8292 = VECTOR ( 'NONE', #1726, 1000.000000000000000 ) ;
#8293 = ADVANCED_FACE ( 'NONE', ( #5694 ), #9183, .F. ) ;
#8294 = ORIENTED_EDGE ( 'NONE', *, *, #6359, .T. ) ;
#8295 = DIRECTION ( 'NONE',  ( 1.000000000000000000, 0.000000000000000000, 0.000000000000000000 ) ) ;
#8296 = CARTESIAN_POINT ( 'NONE',  ( -2.499999999999984013, 0.000000000000000000, -0.3749999999999998890 ) ) ;
#8297 = ADVANCED_FACE ( 'NONE', ( #6490 ), #9979, .F. ) ;
#8298 = DIRECTION ( 'NONE',  ( 1.971276677246380887E-16, -0.000000000000000000, 1.000000000000000000 ) ) ;
#8299 = EDGE_CURVE ( 'NONE', #3412, #5671, #5851, .T. ) ;
#8300 = ADVANCED_FACE ( 'NONE', ( #1527 ), #5634, .T. ) ;
#8301 = DIRECTION ( 'NONE',  ( 0.000000000000000000, 0.000000000000000000, -1.000000000000000000 ) ) ;
#8302 = ORIENTED_EDGE ( 'NONE', *, *, #8851, .F. ) ;
#8303 = CARTESIAN_POINT ( 'NONE',  ( 1.625000000000000000, 0.000000000000000000, -2.500000000000000000 ) ) ;
#8304 = ORIENTED_EDGE ( 'NONE', *, *, #8813, .T. ) ;
#8305 = DIRECTION ( 'NONE',  ( 1.000000000000000000, 0.000000000000000000, 0.000000000000000000 ) ) ;
#8306 = CARTESIAN_POINT ( 'NONE',  ( 2.225000000000001421, 0.04999999999999999584, -1.124999999999999556 ) ) ;
#8307 = CARTESIAN_POINT ( 'NONE',  ( -1.874999999999999334, 0.000000000000000000, 2.500000000000000000 ) ) ;
#8308 = ORIENTED_EDGE ( 'NONE', *, *, #6607, .F. ) ;
#8309 = CARTESIAN_POINT ( 'NONE',  ( -2.499999999999973799, 0.000000000000000000, 0.8749999999999998890 ) ) ;
#8310 = EDGE_CURVE ( 'NONE', #7405, #6178, #3486, .T. ) ;
#8311 = EDGE_CURVE ( 'NONE', #6798, #8736, #6663, .T. ) ;
#8312 = EDGE_CURVE ( 'NONE', #844, #5987, #3278, .T. ) ;
#8313 = AXIS2_PLACEMENT_3D ( 'NONE', #4727, #8315, #497 ) ;
#8314 = DIRECTION ( 'NONE',  ( 0.000000000000000000, 0.000000000000000000, 1.000000000000000000 ) ) ;
#8315 = DIRECTION ( 'NONE',  ( 0.000000000000000000, -1.000000000000000000, 0.000000000000000000 ) ) ;
#8316 = DIRECTION ( 'NONE',  ( 0.000000000000000000, -1.000000000000000000, 0.000000000000000000 ) ) ;
#8317 = ORIENTED_EDGE ( 'NONE', *, *, #3334, .F. ) ;
#8318 = CYLINDRICAL_SURFACE ( 'NONE', #10245, 0.2000000000000003164 ) ;
#8319 = DIRECTION ( 'NONE',  ( -0.000000000000000000, -0.000000000000000000, -1.000000000000000000 ) ) ;
#8320 = CARTESIAN_POINT ( 'NONE',  ( 2.225000000000001421, 0.000000000000000000, 0.3750000000000000000 ) ) ;
#8321 = ORIENTED_EDGE ( 'NONE', *, *, #10113, .T. ) ;
#8322 = CYLINDRICAL_SURFACE ( 'NONE', #9323, 0.1249999999999998890 ) ;
#8323 = CARTESIAN_POINT ( 'NONE',  ( -2.224999999999990319, 0.2000000000000000111, -0.6250000000000001110 ) ) ;
#8324 = ORIENTED_EDGE ( 'NONE', *, *, #7059, .F. ) ;
#8325 = CARTESIAN_POINT ( 'NONE',  ( 2.500000000000000000, 0.2000000000000000111, -1.124999999999999556 ) ) ;
#8326 = CIRCLE ( 'NONE', #3782, 0.1249999999999996808 ) ;
#8327 = EDGE_CURVE ( 'NONE', #9205, #5840, #7711, .T. ) ;
#8328 = DIRECTION ( 'NONE',  ( 0.000000000000000000, -0.000000000000000000, 1.000000000000000000 ) ) ;
#8329 = DIRECTION ( 'NONE',  ( 0.000000000000000000, 0.000000000000000000, -1.000000000000000000 ) ) ;
#8330 = SURFACE_SIDE_STYLE ('',( #6384 ) ) ;
#8331 = VERTEX_POINT ( 'NONE', #7020 ) ;
#8332 = DIRECTION ( 'NONE',  ( 0.000000000000000000, -1.000000000000000000, 0.000000000000000000 ) ) ;
#8333 = DIRECTION ( 'NONE',  ( 0.000000000000000000, -0.000000000000000000, 1.000000000000000000 ) ) ;
#8334 = DIRECTION ( 'NONE',  ( 1.000000000000000000, -0.000000000000000000, 0.000000000000000000 ) ) ;
#8335 = EDGE_LOOP ( 'NONE', ( #5113, #698, #299, #9434, #10117 ) ) ;
#8336 = DIRECTION ( 'NONE',  ( 0.000000000000000000, 0.000000000000000000, -1.000000000000000000 ) ) ;
#8337 = ORIENTED_EDGE ( 'NONE', *, *, #6921, .T. ) ;
#8338 = ORIENTED_EDGE ( 'NONE', *, *, #2720, .F. ) ;
#8339 = VERTEX_POINT ( 'NONE', #4284 ) ;
#8340 = VECTOR ( 'NONE', #9199, 1000.000000000000000 ) ;
#8341 = DIRECTION ( 'NONE',  ( -0.000000000000000000, -1.000000000000000000, -0.000000000000000000 ) ) ;
#8342 = EDGE_LOOP ( 'NONE', ( #3345, #5254, #10686, #10632 ) ) ;
#8343 = DIRECTION ( 'NONE',  ( 0.000000000000000000, -1.000000000000000000, 0.000000000000000000 ) ) ;
#8344 = DIRECTION ( 'NONE',  ( 0.000000000000000000, -1.000000000000000000, 0.000000000000000000 ) ) ;
#8345 = CIRCLE ( 'NONE', #2307, 0.1250000000000001110 ) ;
#8346 = ORIENTED_EDGE ( 'NONE', *, *, #11151, .F. ) ;
#8347 = DIRECTION ( 'NONE',  ( -1.000000000000000000, 0.000000000000000000, -3.154042683594198769E-15 ) ) ;
#8348 = ADVANCED_FACE ( 'NONE', ( #9513 ), #1807, .F. ) ;
#8349 = CIRCLE ( 'NONE', #3238, 0.1250000000000001110 ) ;
#8350 = EDGE_CURVE ( 'NONE', #620, #5971, #9447, .T. ) ;
#8351 = VECTOR ( 'NONE', #7250, 1000.000000000000000 ) ;
#8352 = CARTESIAN_POINT ( 'NONE',  ( -1.749999999999999334, 0.2000000000000000111, 2.100000000000000977 ) ) ;
#8353 = DIRECTION ( 'NONE',  ( -1.000000000000000000, 0.000000000000000000, 0.000000000000000000 ) ) ;
#8354 = EDGE_LOOP ( 'NONE', ( #8491, #6285, #3120, #487 ) ) ;
#8355 = DIRECTION ( 'NONE',  ( 0.000000000000000000, -1.000000000000000000, 0.000000000000000000 ) ) ;
#8356 = VECTOR ( 'NONE', #10479, 1000.000000000000000 ) ;
#8357 = ORIENTED_EDGE ( 'NONE', *, *, #10624, .F. ) ;
#8358 = FILL_AREA_STYLE_COLOUR ( '', #2059 ) ;
#8359 = LINE ( 'NONE', #3159, #10259 ) ;
#8360 = FACE_OUTER_BOUND ( 'NONE', #5954, .T. ) ;
#8361 = CARTESIAN_POINT ( 'NONE',  ( 0.8750000000000002220, 0.2000000000000000111, -2.225000000000001421 ) ) ;
#8362 = ORIENTED_EDGE ( 'NONE', *, *, #8425, .F. ) ;
#8363 = DIRECTION ( 'NONE',  ( -0.000000000000000000, -1.000000000000000000, -0.000000000000000000 ) ) ;
#8364 = ADVANCED_FACE ( 'NONE', ( #10370 ), #4159, .T. ) ;
#8365 = VERTEX_POINT ( 'NONE', #6785 ) ;
#8366 = AXIS2_PLACEMENT_3D ( 'NONE', #6870, #10239, #5829 ) ;
#8367 = CARTESIAN_POINT ( 'NONE',  ( -2.224999999999980105, 0.2000000000000000111, 0.1250000000000001110 ) ) ;
#8368 = LINE ( 'NONE', #3974, #6304 ) ;
#8369 = CARTESIAN_POINT ( 'NONE',  ( -2.224999999999964562, 0.000000000000000000, 1.875000000000000000 ) ) ;
#8370 = ORIENTED_EDGE ( 'NONE', *, *, #983, .T. ) ;
#8371 = CARTESIAN_POINT ( 'NONE',  ( -2.499999999999978684, 0.2000000000000000111, 0.3749999999999998890 ) ) ;
#8372 = DIRECTION ( 'NONE',  ( 0.000000000000000000, 1.000000000000000000, -0.000000000000000000 ) ) ;
#8373 = FACE_OUTER_BOUND ( 'NONE', #688, .T. ) ;
#8374 = ORIENTED_EDGE ( 'NONE', *, *, #7223, .F. ) ;
#8375 = FILL_AREA_STYLE ('',( #6538 ) ) ;
#8376 = VECTOR ( 'NONE', #10843, 1000.000000000000000 ) ;
#8377 = DIRECTION ( 'NONE',  ( -0.000000000000000000, -1.000000000000000000, -0.000000000000000000 ) ) ;
#8378 = EDGE_LOOP ( 'NONE', ( #7354, #6022, #1105, #3637 ) ) ;
#8379 = CARTESIAN_POINT ( 'NONE',  ( -1.624999999999999556, 0.04999999999999999584, 2.225000000000001421 ) ) ;
#8380 = EDGE_CURVE ( 'NONE', #6105, #9885, #8666, .T. ) ;
#8381 = EDGE_CURVE ( 'NONE', #9943, #10714, #7818, .T. ) ;
#8382 = EDGE_CURVE ( 'NONE', #2321, #2994, #1290, .T. ) ;
#8383 = VECTOR ( 'NONE', #1859, 1000.000000000000000 ) ;
#8384 = CIRCLE ( 'NONE', #3451, 0.2000000000000003164 ) ;
#8385 = VECTOR ( 'NONE', #740, 1000.000000000000000 ) ;
#8386 = AXIS2_PLACEMENT_3D ( 'NONE', #9255, #3963, #6693 ) ;
#8387 = DIRECTION ( 'NONE',  ( 0.000000000000000000, 1.000000000000000000, -0.000000000000000000 ) ) ;
#8388 = DIRECTION ( 'NONE',  ( 0.000000000000000000, 0.000000000000000000, -1.000000000000000000 ) ) ;
#8389 = VECTOR ( 'NONE', #1172, 1000.000000000000000 ) ;
#8390 = CARTESIAN_POINT ( 'NONE',  ( -0.1249999999999998196, 0.2000000000000000111, 2.499999999999999556 ) ) ;
#8391 = ORIENTED_EDGE ( 'NONE', *, *, #9350, .F. ) ;
#8392 = CARTESIAN_POINT ( 'NONE',  ( 2.224999999999990763, 0.2000000000000000111, 0.7499999999999997780 ) ) ;
#8393 = DIRECTION ( 'NONE',  ( -1.000000000000000000, 0.000000000000000000, 9.856383386231904433E-17 ) ) ;
#8394 = DIRECTION ( 'NONE',  ( 0.000000000000000000, -0.000000000000000000, -1.000000000000000000 ) ) ;
#8395 = ORIENTED_EDGE ( 'NONE', *, *, #2679, .T. ) ;
#8396 = FACE_OUTER_BOUND ( 'NONE', #3652, .T. ) ;
#8397 = ORIENTED_EDGE ( 'NONE', *, *, #2578, .F. ) ;
#8398 = CARTESIAN_POINT ( 'NONE',  ( 0.8750000000000002220, 0.2000000000000000111, -2.225000000000001421 ) ) ;
#8399 = EDGE_CURVE ( 'NONE', #6808, #4461, #867, .T. ) ;
#8400 = EDGE_LOOP ( 'NONE', ( #7511, #10650, #9461, #9402 ) ) ;
#8401 = ORIENTED_EDGE ( 'NONE', *, *, #3069, .T. ) ;
#8402 = VECTOR ( 'NONE', #5433, 1000.000000000000000 ) ;
#8403 = CIRCLE ( 'NONE', #390, 0.1249999999999996808 ) ;
#8404 = AXIS2_PLACEMENT_3D ( 'NONE', #5472, #4520, #4638 ) ;
#8405 = AXIS2_PLACEMENT_3D ( 'NONE', #6611, #4106, #9283 ) ;
#8406 = DIRECTION ( 'NONE',  ( 0.000000000000000000, 1.000000000000000000, -0.000000000000000000 ) ) ;
#8407 = ORIENTED_EDGE ( 'NONE', *, *, #1811, .F. ) ;
#8408 = DIRECTION ( 'NONE',  ( -1.734723475976808672E-15, 0.000000000000000000, -1.000000000000000000 ) ) ;
#8409 = CARTESIAN_POINT ( 'NONE',  ( 0.3750000000000003331, 0.2000000000000000111, -2.225000000000001421 ) ) ;
#8410 = VECTOR ( 'NONE', #196, 1000.000000000000000 ) ;
#8411 = ADVANCED_FACE ( 'NONE', ( #1 ), #5913, .T. ) ;
#8412 = CARTESIAN_POINT ( 'NONE',  ( -2.499999999999963141, 0.000000000000000000, 1.625000000000000222 ) ) ;
#8413 = VECTOR ( 'NONE', #5386, 1000.000000000000000 ) ;
#8414 = VECTOR ( 'NONE', #10616, 1000.000000000000000 ) ;
#8415 = CARTESIAN_POINT ( 'NONE',  ( 2.500000000000000000, 0.2000000000000000111, -1.124999999999999556 ) ) ;
#8416 = CARTESIAN_POINT ( 'NONE',  ( 1.125000000000000222, 0.2000000000000000111, -2.500000000000000000 ) ) ;
#8417 = ORIENTED_EDGE ( 'NONE', *, *, #2874, .F. ) ;
#8418 = CARTESIAN_POINT ( 'NONE',  ( -2.499999999999999556, 0.000000000000000000, -1.875000000000000000 ) ) ;
#8419 = VECTOR ( 'NONE', #6342, 1000.000000000000000 ) ;
#8420 = ORIENTED_EDGE ( 'NONE', *, *, #4946, .T. ) ;
#8421 = CARTESIAN_POINT ( 'NONE',  ( -2.499999999999973799, 0.000000000000000000, 0.6250000000000001110 ) ) ;
#8422 = FACE_OUTER_BOUND ( 'NONE', #6389, .T. ) ;
#8423 = CARTESIAN_POINT ( 'NONE',  ( 1.249999999999999778, 0.2000000000000000111, 2.224999999999969003 ) ) ;
#8424 = FACE_OUTER_BOUND ( 'NONE', #4297, .T. ) ;
#8425 = EDGE_CURVE ( 'NONE', #7877, #9662, #10497, .T. ) ;
#8426 = ADVANCED_FACE ( 'NONE', ( #6834 ), #5062, .T. ) ;
#8427 = ORIENTED_EDGE ( 'NONE', *, *, #8702, .T. ) ;
#8428 = DIRECTION ( 'NONE',  ( -0.000000000000000000, -1.000000000000000000, -0.000000000000000000 ) ) ;
#8429 = PRESENTATION_LAYER_ASSIGNMENT (  '', '', ( #2041 ) ) ;
#8430 = VECTOR ( 'NONE', #8332, 1000.000000000000000 ) ;
#8431 = VECTOR ( 'NONE', #6819, 1000.000000000000000 ) ;
#8432 = EDGE_CURVE ( 'NONE', #5575, #9286, #3407, .T. ) ;
#8433 = CARTESIAN_POINT ( 'NONE',  ( -2.499999999999999556, 0.04999999999999969746, -2.500000000000000000 ) ) ;
#8434 = FACE_OUTER_BOUND ( 'NONE', #8884, .T. ) ;
#8435 = FILL_AREA_STYLE_COLOUR ( '', #4610 ) ;
#8436 = VERTEX_POINT ( 'NONE', #8548 ) ;
#8437 = LINE ( 'NONE', #8371, #4974 ) ;
#8438 = FACE_OUTER_BOUND ( 'NONE', #3403, .T. ) ;
#8439 = PLANE ( 'NONE',  #8913 ) ;
#8440 = VECTOR ( 'NONE', #10422, 1000.000000000000000 ) ;
#8441 = ORIENTED_EDGE ( 'NONE', *, *, #9065, .T. ) ;
#8442 = VECTOR ( 'NONE', #5345, 1000.000000000000000 ) ;
#8443 = DIRECTION ( 'NONE',  ( -7.885106708985523547E-16, 0.000000000000000000, -1.000000000000000000 ) ) ;
#8444 = VERTEX_POINT ( 'NONE', #3535 ) ;
#8445 = ORIENTED_EDGE ( 'NONE', *, *, #7356, .T. ) ;
#8446 = AXIS2_PLACEMENT_3D ( 'NONE', #7176, #8928, #1073 ) ;
#8447 = ADVANCED_FACE ( 'NONE', ( #11121 ), #10260, .T. ) ;
#8448 = ADVANCED_FACE ( 'NONE', ( #3351 ), #9628, .T. ) ;
#8449 = CARTESIAN_POINT ( 'NONE',  ( -1.249999999999999556, 0.2000000000000000111, 2.224999999999996092 ) ) ;
#8450 = PLANE ( 'NONE',  #3833 ) ;
#8451 = DIRECTION ( 'NONE',  ( 1.000000000000000000, 0.000000000000000000, 0.000000000000000000 ) ) ;
#8452 = EDGE_LOOP ( 'NONE', ( #4631, #9590, #7971, #4345, #6323, #664, #5583, #11202, #6914, #10639 ) ) ;
#8453 = LINE ( 'NONE', #4808, #6231 ) ;
#8454 = FACE_OUTER_BOUND ( 'NONE', #4977, .T. ) ;
#8455 = CARTESIAN_POINT ( 'NONE',  ( -2.499999999999999556, 0.04999999999999969746, -2.500000000000000000 ) ) ;
#8456 = ORIENTED_EDGE ( 'NONE', *, *, #9002, .F. ) ;
#8457 = CARTESIAN_POINT ( 'NONE',  ( 2.500000000000000000, 0.000000000000000000, 1.125000000000000000 ) ) ;
#8458 = CARTESIAN_POINT ( 'NONE',  ( 2.225000000000001421, 0.2000000000000000111, -1.124999999999999556 ) ) ;
#8459 = ORIENTED_EDGE ( 'NONE', *, *, #10617, .F. ) ;
#8460 = LINE ( 'NONE', #697, #5088 ) ;
#8461 = PRESENTATION_LAYER_ASSIGNMENT (  '', '', ( #813 ) ) ;
#8462 = ORIENTED_EDGE ( 'NONE', *, *, #2001, .T. ) ;
#8463 = AXIS2_PLACEMENT_3D ( 'NONE', #372, #5597, #1478 ) ;
#8464 = EDGE_CURVE ( 'NONE', #5546, #6933, #8113, .T. ) ;
#8465 = EDGE_CURVE ( 'NONE', #2972, #2657, #8158, .T. ) ;
#8466 = ORIENTED_EDGE ( 'NONE', *, *, #1526, .F. ) ;
#8467 = CARTESIAN_POINT ( 'NONE',  ( 2.224999999999965006, 0.2000000000000000111, -1.749999999999999334 ) ) ;
#8468 = FACE_OUTER_BOUND ( 'NONE', #5842, .T. ) ;
#8469 = ORIENTED_EDGE ( 'NONE', *, *, #9150, .T. ) ;
#8470 = DIRECTION ( 'NONE',  ( 0.000000000000000000, -1.000000000000000000, 0.000000000000000000 ) ) ;
#8471 = CARTESIAN_POINT ( 'NONE',  ( 2.500000000000000444, -7.071067811865474617, 2.500000000000000000 ) ) ;
#8472 = DIRECTION ( 'NONE',  ( 1.000000000000000000, -0.000000000000000000, 0.000000000000000000 ) ) ;
#8473 = ORIENTED_EDGE ( 'NONE', *, *, #9197, .F. ) ;
#8474 = LINE ( 'NONE', #663, #2535 ) ;
#8475 = VERTEX_POINT ( 'NONE', #8894 ) ;
#8476 = FACE_OUTER_BOUND ( 'NONE', #9922, .T. ) ;
#8477 = LINE ( 'NONE', #3444, #1693 ) ;
#8478 = LINE ( 'NONE', #8527, #5636 ) ;
#8479 = CARTESIAN_POINT ( 'NONE',  ( -1.849999999999999645, 0.9000000000000000222, -1.850000000000000089 ) ) ;
#8480 = ORIENTED_EDGE ( 'NONE', *, *, #6456, .T. ) ;
#8481 = CARTESIAN_POINT ( 'NONE',  ( 0.7500000000000002220, 0.2000000000000000111, 2.224999999999974776 ) ) ;
#8482 = CARTESIAN_POINT ( 'NONE',  ( -1.374999999999999112, 0.2000000000000000111, -2.500000000000000000 ) ) ;
#8483 = FACE_OUTER_BOUND ( 'NONE', #1003, .T. ) ;
#8484 = VERTEX_POINT ( 'NONE', #292 ) ;
#8485 = VECTOR ( 'NONE', #3066, 1000.000000000000000 ) ;
#8486 = CARTESIAN_POINT ( 'NONE',  ( -1.749999999999999334, 0.000000000000000000, 2.100000000000000977 ) ) ;
#8487 = CARTESIAN_POINT ( 'NONE',  ( 1.800000000000000044, 0.000000000000000000, 1.649999999999998579 ) ) ;
#8488 = CARTESIAN_POINT ( 'NONE',  ( 0.7500000000000003331, 0.04999999999999999584, -2.224999999999990763 ) ) ;
#8489 = ORIENTED_EDGE ( 'NONE', *, *, #1436, .F. ) ;
#8490 = ORIENTED_EDGE ( 'NONE', *, *, #7151, .F. ) ;
#8491 = ORIENTED_EDGE ( 'NONE', *, *, #11026, .T. ) ;
#8492 = SURFACE_STYLE_USAGE ( .BOTH. , #10093 ) ;
#8493 = ADVANCED_FACE ( 'NONE', ( #3766 ), #9919, .F. ) ;
#8494 = VECTOR ( 'NONE', #10022, 1000.000000000000000 ) ;
#8495 = EDGE_CURVE ( 'NONE', #1304, #11030, #1929, .T. ) ;
#8496 = EDGE_CURVE ( 'NONE', #1573, #1785, #7195, .T. ) ;
#8497 = DIRECTION ( 'NONE',  ( 0.000000000000000000, 0.000000000000000000, -1.000000000000000000 ) ) ;
#8498 = DIRECTION ( 'NONE',  ( 0.000000000000000000, 0.000000000000000000, -1.000000000000000000 ) ) ;
#8499 = ORIENTED_EDGE ( 'NONE', *, *, #9558, .T. ) ;
#8500 = CARTESIAN_POINT ( 'NONE',  ( 0.000000000000000000, 0.05000000000000000278, -1.624999999999999556 ) ) ;
#8501 = DIRECTION ( 'NONE',  ( 0.000000000000000000, 0.000000000000000000, -1.000000000000000000 ) ) ;
#8502 = CARTESIAN_POINT ( 'NONE',  ( 1.750000000000000000, 0.04999999999999999584, -2.225000000000001421 ) ) ;
#8503 = FACE_OUTER_BOUND ( 'NONE', #4154, .T. ) ;
#8504 = ORIENTED_EDGE ( 'NONE', *, *, #8632, .T. ) ;
#8505 = DIRECTION ( 'NONE',  ( 0.000000000000000000, -1.000000000000000000, 0.000000000000000000 ) ) ;
#8506 = DIRECTION ( 'NONE',  ( -7.885106708985522560E-16, 0.000000000000000000, -1.000000000000000000 ) ) ;
#8507 = ORIENTED_EDGE ( 'NONE', *, *, #9625, .T. ) ;
#8508 = ORIENTED_EDGE ( 'NONE', *, *, #685, .T. ) ;
#8509 = ORIENTED_EDGE ( 'NONE', *, *, #3650, .T. ) ;
#8510 = ADVANCED_FACE ( 'NONE', ( #3653 ), #4452, .T. ) ;
#8511 = ADVANCED_FACE ( 'NONE', ( #8058 ), #6423, .F. ) ;
#8512 = DIRECTION ( 'NONE',  ( 0.000000000000000000, -1.000000000000000000, 0.000000000000000000 ) ) ;
#8513 = VERTEX_POINT ( 'NONE', #6198 ) ;
#8514 = CARTESIAN_POINT ( 'NONE',  ( -2.499999999999968470, 0.000000000000000000, 1.125000000000000222 ) ) ;
#8515 = CARTESIAN_POINT ( 'NONE',  ( 2.500000000000000000, 0.2000000000000000111, -1.624999999999999556 ) ) ;
#8516 = ORIENTED_EDGE ( 'NONE', *, *, #6344, .T. ) ;
#8517 = CARTESIAN_POINT ( 'NONE',  ( 2.500000000000000000, 0.2000000000000000111, 1.374999999999999778 ) ) ;
#8518 = EDGE_CURVE ( 'NONE', #4312, #4350, #3107, .T. ) ;
#8519 = EDGE_CURVE ( 'NONE', #7396, #8513, #4509, .T. ) ;
#8520 = EDGE_CURVE ( 'NONE', #8559, #7813, #7998, .T. ) ;
#8521 =( NAMED_UNIT ( * ) PLANE_ANGLE_UNIT ( ) SI_UNIT ( $, .RADIAN. ) );
#8522 = AXIS2_PLACEMENT_3D ( 'NONE', #3896, #2815, #1261 ) ;
#8523 = DIRECTION ( 'NONE',  ( -0.000000000000000000, -1.000000000000000000, -0.000000000000000000 ) ) ;
#8524 = ORIENTED_EDGE ( 'NONE', *, *, #2934, .F. ) ;
#8525 = ORIENTED_EDGE ( 'NONE', *, *, #8495, .T. ) ;
#8526 = CARTESIAN_POINT ( 'NONE',  ( -2.499999999999989342, 0.2000000000000000111, -0.6250000000000001110 ) ) ;
#8527 = CARTESIAN_POINT ( 'NONE',  ( -2.499999999999999556, 0.04999999999999969746, -2.500000000000000000 ) ) ;
#8528 = LINE ( 'NONE', #7859, #2889 ) ;
#8529 = ORIENTED_EDGE ( 'NONE', *, *, #8399, .T. ) ;
#8530 = VECTOR ( 'NONE', #9011, 1000.000000000000000 ) ;
#8531 = CARTESIAN_POINT ( 'NONE',  ( 2.224999999999969891, 0.2000000000000000111, -1.374999999999999334 ) ) ;
#8532 = EDGE_CURVE ( 'NONE', #474, #2399, #5461, .T. ) ;
#8533 = CLOSED_SHELL ( 'NONE', ( #11033, #7437, #1661, #5445, #9345, #2458 ) ) ;
#8534 = AXIS2_PLACEMENT_3D ( 'NONE', #7367, #3007, #2300 ) ;
#8535 = DIRECTION ( 'NONE',  ( 0.000000000000000000, 0.000000000000000000, -1.000000000000000000 ) ) ;
#8536 = VECTOR ( 'NONE', #928, 1000.000000000000000 ) ;
#8537 = ORIENTED_EDGE ( 'NONE', *, *, #5868, .F. ) ;
#8538 = DIRECTION ( 'NONE',  ( 0.000000000000000000, -0.000000000000000000, -1.000000000000000000 ) ) ;
#8539 = PLANE ( 'NONE',  #1277 ) ;
#8540 = FACE_OUTER_BOUND ( 'NONE', #7160, .T. ) ;
#8541 = ORIENTED_EDGE ( 'NONE', *, *, #1943, .F. ) ;
#8542 = FACE_OUTER_BOUND ( 'NONE', #4561, .T. ) ;
#8543 = EDGE_LOOP ( 'NONE', ( #3460, #6411, #582, #10525 ) ) ;
#8544 = VERTEX_POINT ( 'NONE', #7140 ) ;
#8545 = DIRECTION ( 'NONE',  ( 0.000000000000000000, -1.000000000000000000, 0.000000000000000000 ) ) ;
#8546 = ORIENTED_EDGE ( 'NONE', *, *, #10023, .T. ) ;
#8547 = AXIS2_PLACEMENT_3D ( 'NONE', #612, #3866, #10825 ) ;
#8548 = CARTESIAN_POINT ( 'NONE',  ( 1.374999999999999778, 0.04999999999999999584, 2.225000000000000533 ) ) ;
#8549 = FACE_OUTER_BOUND ( 'NONE', #10469, .T. ) ;
#8550 = CARTESIAN_POINT ( 'NONE',  ( 2.500000000000000000, 0.2000000000000000111, 0.3749999999999999445 ) ) ;
#8551 = STYLED_ITEM ( 'NONE', ( #11021 ), #7232 ) ;
#8552 = ORIENTED_EDGE ( 'NONE', *, *, #6973, .T. ) ;
#8553 = VECTOR ( 'NONE', #8901, 1000.000000000000000 ) ;
#8554 = LINE ( 'NONE', #11191, #4428 ) ;
#8555 = CARTESIAN_POINT ( 'NONE',  ( 2.500000000000000000, 0.2000000000000000111, -1.374999999999999334 ) ) ;
#8556 = DIRECTION ( 'NONE',  ( 0.000000000000000000, 0.000000000000000000, -1.000000000000000000 ) ) ;
#8557 = DIRECTION ( 'NONE',  ( 0.000000000000000000, -1.000000000000000000, 0.000000000000000000 ) ) ;
#8558 = VECTOR ( 'NONE', #1874, 1000.000000000000000 ) ;
#8559 = VERTEX_POINT ( 'NONE', #10614 ) ;
#8560 = CARTESIAN_POINT ( 'NONE',  ( -2.224999999999980105, 0.000000000000000000, 0.3749999999999998890 ) ) ;
#8561 = CARTESIAN_POINT ( 'NONE',  ( -1.249999999999999556, 0.000000000000000000, 2.224999999999996092 ) ) ;
#8562 = ORIENTED_EDGE ( 'NONE', *, *, #2465, .T. ) ;
#8563 = ORIENTED_EDGE ( 'NONE', *, *, #2465, .F. ) ;
#8564 = VERTEX_POINT ( 'NONE', #9861 ) ;
#8565 = EDGE_CURVE ( 'NONE', #4300, #10485, #8780, .T. ) ;
#8566 = MECHANICAL_DESIGN_GEOMETRIC_PRESENTATION_REPRESENTATION (  '', ( #10750 ), #8749 ) ;
#8567 = AXIS2_PLACEMENT_3D ( 'NONE', #2882, #1192, #8151 ) ;
#8568 = SURFACE_STYLE_USAGE ( .BOTH. , #2323 ) ;
#8569 = DIRECTION ( 'NONE',  ( 0.000000000000000000, -1.000000000000000000, 0.000000000000000000 ) ) ;
#8570 = CARTESIAN_POINT ( 'NONE',  ( -1.849999999999999645, 0.8499999999999999778, -1.850000000000000089 ) ) ;
#8571 = ORIENTED_EDGE ( 'NONE', *, *, #4204, .T. ) ;
#8572 = EDGE_CURVE ( 'NONE', #7387, #6911, #9005, .T. ) ;
#8573 = DIRECTION ( 'NONE',  ( 0.000000000000000000, -0.000000000000000000, 1.000000000000000000 ) ) ;
#8574 = CARTESIAN_POINT ( 'NONE',  ( 0.3750000000000003331, 0.2000000000000000111, -2.225000000000001421 ) ) ;
#8575 = AXIS2_PLACEMENT_3D ( 'NONE', #4645, #5479, #1166 ) ;
#8576 = VERTEX_POINT ( 'NONE', #1095 ) ;
#8577 = VECTOR ( 'NONE', #415, 1000.000000000000000 ) ;
#8578 = VERTEX_POINT ( 'NONE', #7075 ) ;
#8579 = CARTESIAN_POINT ( 'NONE',  ( -1.849999999999999645, 0.8499999999999999778, -1.850000000000000089 ) ) ;
#8580 = ORIENTED_EDGE ( 'NONE', *, *, #3088, .T. ) ;
#8581 = VECTOR ( 'NONE', #6278, 1000.000000000000000 ) ;
#8582 = PLANE ( 'NONE',  #9111 ) ;
#8583 = LINE ( 'NONE', #10231, #7497 ) ;
#8584 = EDGE_CURVE ( 'NONE', #2953, #2778, #4568, .T. ) ;
#8585 = ORIENTED_EDGE ( 'NONE', *, *, #7490, .T. ) ;
#8586 = ADVANCED_FACE ( 'NONE', ( #6260 ), #9750, .T. ) ;
#8587 = EDGE_CURVE ( 'NONE', #1969, #5229, #9798, .T. ) ;
#8588 = SURFACE_STYLE_USAGE ( .BOTH. , #98 ) ;
#8589 = FACE_OUTER_BOUND ( 'NONE', #3138, .T. ) ;
#8590 = FACE_OUTER_BOUND ( 'NONE', #3378, .T. ) ;
#8591 = VECTOR ( 'NONE', #1241, 1000.000000000000000 ) ;
#8592 = ORIENTED_EDGE ( 'NONE', *, *, #4120, .F. ) ;
#8593 = DIRECTION ( 'NONE',  ( -0.000000000000000000, -1.000000000000000000, -0.000000000000000000 ) ) ;
#8594 = EDGE_CURVE ( 'NONE', #8578, #191, #7324, .T. ) ;
#8595 = EDGE_CURVE ( 'NONE', #7727, #6789, #6530, .T. ) ;
#8596 = MECHANICAL_DESIGN_GEOMETRIC_PRESENTATION_REPRESENTATION (  '', ( #3123 ), #6226 ) ;
#8597 = PLANE ( 'NONE',  #4217 ) ;
#8598 = SURFACE_STYLE_FILL_AREA ( #10185 ) ;
#8599 = ORIENTED_EDGE ( 'NONE', *, *, #154, .F. ) ;
#8600 = DIRECTION ( 'NONE',  ( 0.000000000000000000, -1.000000000000000000, 0.000000000000000000 ) ) ;
#8602 = DIRECTION ( 'NONE',  ( 0.000000000000000000, 1.000000000000000000, -0.000000000000000000 ) ) ;
#8601 = UNCERTAINTY_MEASURE_WITH_UNIT (LENGTH_MEASURE( 1.000000000000000082E-05 ), #2710, 'distance_accuracy_value', 'NONE');
#8603 = FACE_OUTER_BOUND ( 'NONE', #7325, .T. ) ;
#8604 = ORIENTED_EDGE ( 'NONE', *, *, #9877, .F. ) ;
#8605 = DIRECTION ( 'NONE',  ( 0.000000000000000000, 0.000000000000000000, -1.000000000000000000 ) ) ;
#8606 = ORIENTED_EDGE ( 'NONE', *, *, #9050, .F. ) ;
#8607 = VERTEX_POINT ( 'NONE', #10880 ) ;
#8608 = PLANE ( 'NONE',  #6232 ) ;
#8609 = VERTEX_POINT ( 'NONE', #10935 ) ;
#8610 = ORIENTED_EDGE ( 'NONE', *, *, #10181, .T. ) ;
#8611 =( GEOMETRIC_REPRESENTATION_CONTEXT ( 3 ) GLOBAL_UNCERTAINTY_ASSIGNED_CONTEXT ( ( #6315 ) ) GLOBAL_UNIT_ASSIGNED_CONTEXT ( ( #7246, #6367, #6532 ) ) REPRESENTATION_CONTEXT ( 'NONE', 'WORKASPACE' ) );
#8612 = DIRECTION ( 'NONE',  ( 0.000000000000000000, -0.000000000000000000, -1.000000000000000000 ) ) ;
#8613 = STYLED_ITEM ( 'NONE', ( #854 ), #11080 ) ;
#8614 = CARTESIAN_POINT ( 'NONE',  ( -2.499999999999999556, 0.2000000000000000111, -1.625000000000000222 ) ) ;
#8615 = FACE_OUTER_BOUND ( 'NONE', #5903, .T. ) ;
#8616 = VECTOR ( 'NONE', #243, 1000.000000000000000 ) ;
#8617 = SURFACE_STYLE_USAGE ( .BOTH. , #10262 ) ;
#8618 = ORIENTED_EDGE ( 'NONE', *, *, #9027, .F. ) ;
#8619 = CARTESIAN_POINT ( 'NONE',  ( 1.125000000000000000, 0.2000000000000000111, 2.499999999999999556 ) ) ;
#8620 = CARTESIAN_POINT ( 'NONE',  ( -1.849999999999999645, 0.8499999999999999778, -1.850000000000000089 ) ) ;
#8621 = DIRECTION ( 'NONE',  ( 0.000000000000000000, 0.000000000000000000, 1.000000000000000000 ) ) ;
#8622 = DIRECTION ( 'NONE',  ( 0.000000000000000000, 1.000000000000000000, -0.000000000000000000 ) ) ;
#8623 = AXIS2_PLACEMENT_3D ( 'NONE', #9216, #4937, #3104 ) ;
#8624 = ORIENTED_EDGE ( 'NONE', *, *, #8572, .F. ) ;
#8625 = DIRECTION ( 'NONE',  ( 0.000000000000000000, -1.000000000000000000, 0.000000000000000000 ) ) ;
#8626 = DIRECTION ( 'NONE',  ( -0.000000000000000000, -1.000000000000000000, -0.000000000000000000 ) ) ;
#8627 = ORIENTED_EDGE ( 'NONE', *, *, #4376, .T. ) ;
#8628 = ORIENTED_EDGE ( 'NONE', *, *, #4653, .F. ) ;
#8629 = ORIENTED_EDGE ( 'NONE', *, *, #4609, .T. ) ;
#8630 = AXIS2_PLACEMENT_3D ( 'NONE', #6931, #9554, #5217 ) ;
#8631 = DIRECTION ( 'NONE',  ( 0.000000000000000000, 0.000000000000000000, 1.000000000000000000 ) ) ;
#8632 = EDGE_CURVE ( 'NONE', #5416, #11003, #3109, .T. ) ;
#8633 =( NAMED_UNIT ( * ) SI_UNIT ( $, .STERADIAN. ) SOLID_ANGLE_UNIT ( ) );
#8634 = VERTEX_POINT ( 'NONE', #451 ) ;
#8635 = CARTESIAN_POINT ( 'NONE',  ( 2.500000000000000000, 0.2000000000000000111, 1.125000000000000000 ) ) ;
#8636 = LINE ( 'NONE', #9721, #1780 ) ;
#8637 = MECHANICAL_DESIGN_GEOMETRIC_PRESENTATION_REPRESENTATION (  '', ( #813 ), #8997 ) ;
#8638 = ORIENTED_EDGE ( 'NONE', *, *, #1543, .F. ) ;
#8639 = FACE_OUTER_BOUND ( 'NONE', #2081, .T. ) ;
#8640 = ADVANCED_FACE ( 'NONE', ( #555 ), #6649, .F. ) ;
#8641 = EDGE_CURVE ( 'NONE', #8975, #4581, #1477, .T. ) ;
#8642 = CARTESIAN_POINT ( 'NONE',  ( -2.499999999999999556, 0.04999999999999969746, -2.500000000000000000 ) ) ;
#8643 = LINE ( 'NONE', #10285, #3468 ) ;
#8644 = ORIENTED_EDGE ( 'NONE', *, *, #6634, .T. ) ;
#8645 = CARTESIAN_POINT ( 'NONE',  ( 2.500000000000000444, 0.04999999999999999584, -1.874999999999998446 ) ) ;
#8646 = FACE_OUTER_BOUND ( 'NONE', #5869, .T. ) ;
#8647 = DIRECTION ( 'NONE',  ( 0.000000000000000000, 0.000000000000000000, 1.000000000000000000 ) ) ;
#8648 = CARTESIAN_POINT ( 'NONE',  ( -1.749999999999999334, 0.000000000000000000, 2.225000000000001421 ) ) ;
#8649 = ORIENTED_EDGE ( 'NONE', *, *, #6521, .F. ) ;
#8650 = DIRECTION ( 'NONE',  ( 0.000000000000000000, 0.000000000000000000, 1.000000000000000000 ) ) ;
#8651 = EDGE_CURVE ( 'NONE', #11161, #4738, #7581, .T. ) ;
#8652 = DIRECTION ( 'NONE',  ( 1.000000000000000000, 0.000000000000000000, 0.000000000000000000 ) ) ;
#8653 = EDGE_LOOP ( 'NONE', ( #3027, #7209, #5783, #7226 ) ) ;
#8654 = CARTESIAN_POINT ( 'NONE',  ( 0.8750000000000002220, 0.2000000000000000111, -2.225000000000001421 ) ) ;
#8655 = CARTESIAN_POINT ( 'NONE',  ( 2.500000000000000000, 0.000000000000000000, -0.8749999999999998890 ) ) ;
#8656 = CARTESIAN_POINT ( 'NONE',  ( -1.374999999999999334, 0.000000000000000000, 2.500000000000000000 ) ) ;
#8657 = CARTESIAN_POINT ( 'NONE',  ( -0.1249999999999996253, 0.000000000000000000, -2.225000000000001421 ) ) ;
#8658 = EDGE_LOOP ( 'NONE', ( #10661, #2989, #9784, #7840, #2562 ) ) ;
#8659 = DIRECTION ( 'NONE',  ( 0.000000000000000000, 0.000000000000000000, -1.000000000000000000 ) ) ;
#8660 = ORIENTED_EDGE ( 'NONE', *, *, #9715, .T. ) ;
#8661 = EDGE_LOOP ( 'NONE', ( #8773, #3303, #10389, #2412 ) ) ;
#8662 = DIRECTION ( 'NONE',  ( 0.000000000000000000, -0.000000000000000000, -1.000000000000000000 ) ) ;
#8663 = EDGE_CURVE ( 'NONE', #1149, #3249, #10081, .T. ) ;
#8664 = EDGE_CURVE ( 'NONE', #4234, #2267, #11046, .T. ) ;
#8665 = EDGE_CURVE ( 'NONE', #3307, #5214, #9109, .T. ) ;
#8666 = LINE ( 'NONE', #9390, #8056 ) ;
#8667 = CARTESIAN_POINT ( 'NONE',  ( -1.800000000000000044, 0.2000000000000000111, -1.424999999999999822 ) ) ;
#8668 = CARTESIAN_POINT ( 'NONE',  ( 2.224999999999985878, 0.000000000000000000, 0.1250000000000002220 ) ) ;
#8669 = ORIENTED_EDGE ( 'NONE', *, *, #3372, .F. ) ;
#8670 = DIRECTION ( 'NONE',  ( -0.000000000000000000, -1.000000000000000000, -0.000000000000000000 ) ) ;
#8671 = DIRECTION ( 'NONE',  ( 0.000000000000000000, 0.000000000000000000, 1.000000000000000000 ) ) ;
#8672 = DIRECTION ( 'NONE',  ( -0.000000000000000000, -1.000000000000000000, -0.000000000000000000 ) ) ;
#8673 = DIRECTION ( 'NONE',  ( 0.000000000000000000, -1.000000000000000000, 0.000000000000000000 ) ) ;
#8674 = EDGE_LOOP ( 'NONE', ( #10514, #3080, #9240, #454 ) ) ;
#8675 = FILL_AREA_STYLE_COLOUR ( '', #7006 ) ;
#8676 = CYLINDRICAL_SURFACE ( 'NONE', #7676, 0.1249999999999996808 ) ;
#8677 = ORIENTED_EDGE ( 'NONE', *, *, #646, .T. ) ;
#8678 = LINE ( 'NONE', #10324, #193 ) ;
#8679 = EDGE_LOOP ( 'NONE', ( #4781, #10319, #2603, #4833 ) ) ;
#8680 = VERTEX_POINT ( 'NONE', #7465 ) ;
#8681 = CIRCLE ( 'NONE', #6662, 0.1499999999999999667 ) ;
#8682 = EDGE_CURVE ( 'NONE', #6587, #3805, #5676, .T. ) ;
#8683 = CARTESIAN_POINT ( 'NONE',  ( 0.7500000000000002220, 0.2000000000000000111, 2.099999999999975220 ) ) ;
#8684 = AXIS2_PLACEMENT_3D ( 'NONE', #1786, #7974, #39 ) ;
#8685 = ORIENTED_EDGE ( 'NONE', *, *, #1201, .T. ) ;
#8686 = VECTOR ( 'NONE', #5620, 1000.000000000000000 ) ;
#8687 = LINE ( 'NONE', #9720, #6964 ) ;
#8688 = CARTESIAN_POINT ( 'NONE',  ( 1.125000000000000000, 0.2000000000000000111, 2.499999999999999556 ) ) ;
#8689 = CARTESIAN_POINT ( 'NONE',  ( -2.225000000000000977, 0.2000000000000000111, -1.625000000000000222 ) ) ;
#8690 = VERTEX_POINT ( 'NONE', #4882 ) ;
#8691 = VERTEX_POINT ( 'NONE', #8367 ) ;
#8692 = FACE_OUTER_BOUND ( 'NONE', #4079, .T. ) ;
#8693 = CARTESIAN_POINT ( 'NONE',  ( 0.6250000000000003331, 0.2000000000000000111, 2.499999999999999556 ) ) ;
#8694 = ORIENTED_EDGE ( 'NONE', *, *, #6124, .T. ) ;
#8695 = CARTESIAN_POINT ( 'NONE',  ( -2.224999999999969447, 0.2000000000000000111, 1.125000000000000222 ) ) ;
#8696 = ORIENTED_EDGE ( 'NONE', *, *, #3252, .T. ) ;
#8697 = SURFACE_STYLE_USAGE ( .BOTH. , #9553 ) ;
#8698 = DIRECTION ( 'NONE',  ( -0.000000000000000000, 0.000000000000000000, 1.000000000000000000 ) ) ;
#8699 = FACE_OUTER_BOUND ( 'NONE', #7435, .T. ) ;
#8700 = VERTEX_POINT ( 'NONE', #2246 ) ;
#8701 = CARTESIAN_POINT ( 'NONE',  ( -2.224999999999980105, 0.2000000000000000111, 0.1250000000000001110 ) ) ;
#8702 = EDGE_CURVE ( 'NONE', #9774, #9196, #1298, .T. ) ;
#8703 = ADVANCED_FACE ( 'NONE', ( #3000 ), #10020, .F. ) ;
#8704 = VECTOR ( 'NONE', #1274, 1000.000000000000000 ) ;
#8705 = FACE_OUTER_BOUND ( 'NONE', #4603, .T. ) ;
#8706 = VERTEX_POINT ( 'NONE', #3165 ) ;
#8707 = SURFACE_STYLE_FILL_AREA ( #159 ) ;
#8708 = DIRECTION ( 'NONE',  ( 0.000000000000000000, -0.000000000000000000, -1.000000000000000000 ) ) ;
#8709 = LINE ( 'NONE', #9742, #7483 ) ;
#8710 = CYLINDRICAL_SURFACE ( 'NONE', #10731, 0.1499999999999999667 ) ;
#8711 = EDGE_LOOP ( 'NONE', ( #8853, #3956, #2643, #7068 ) ) ;
#8712 = VECTOR ( 'NONE', #9582, 1000.000000000000000 ) ;
#8713 = DIRECTION ( 'NONE',  ( 0.000000000000000000, -0.000000000000000000, 1.000000000000000000 ) ) ;
#8714 = ORIENTED_EDGE ( 'NONE', *, *, #6606, .F. ) ;
#8715 = ORIENTED_EDGE ( 'NONE', *, *, #7765, .F. ) ;
#8716 = DIRECTION ( 'NONE',  ( 1.000000000000000000, 0.000000000000000000, 0.000000000000000000 ) ) ;
#8717 = EDGE_LOOP ( 'NONE', ( #9940, #1286, #1833, #9778 ) ) ;
#8718 = VECTOR ( 'NONE', #4210, 1000.000000000000000 ) ;
#8719 = VECTOR ( 'NONE', #1984, 1000.000000000000000 ) ;
#8720 = CARTESIAN_POINT ( 'NONE',  ( 1.750000000000000000, 0.2000000000000000111, -2.225000000000001421 ) ) ;
#8721 = CARTESIAN_POINT ( 'NONE',  ( -2.499999999999968470, 0.2000000000000000111, 1.375000000000000000 ) ) ;
#8722 = PLANE ( 'NONE',  #2451 ) ;
#8723 = CARTESIAN_POINT ( 'NONE',  ( -0.8749999999999994449, 0.2000000000000000111, 2.499999999999999556 ) ) ;
#8724 = ADVANCED_FACE ( 'NONE', ( #4725 ), #5566, .T. ) ;
#8725 = ORIENTED_EDGE ( 'NONE', *, *, #376, .T. ) ;
#8726 = ADVANCED_FACE ( 'NONE', ( #9267 ), #3873, .T. ) ;
#8727 = CARTESIAN_POINT ( 'NONE',  ( -1.849999999999999645, 0.9000000000000000222, -1.850000000000000089 ) ) ;
#8728 = DIRECTION ( 'NONE',  ( 0.000000000000000000, -0.000000000000000000, -1.000000000000000000 ) ) ;
#8729 = LINE ( 'NONE', #2039, #6706 ) ;
#8730 = DIRECTION ( 'NONE',  ( 0.000000000000000000, -1.000000000000000000, 0.000000000000000000 ) ) ;
#8731 = EDGE_CURVE ( 'NONE', #2483, #1611, #4942, .T. ) ;
#8732 = ORIENTED_EDGE ( 'NONE', *, *, #8381, .F. ) ;
#8733 = DIRECTION ( 'NONE',  ( 0.000000000000000000, 0.000000000000000000, 1.000000000000000000 ) ) ;
#8734 = VECTOR ( 'NONE', #216, 1000.000000000000000 ) ;
#8735 = CARTESIAN_POINT ( 'NONE',  ( -2.499999999999968470, 0.2000000000000000111, 1.375000000000000000 ) ) ;
#8736 = VERTEX_POINT ( 'NONE', #4092 ) ;
#8737 = DIRECTION ( 'NONE',  ( 0.000000000000000000, -1.000000000000000000, 0.000000000000000000 ) ) ;
#8738 = EDGE_LOOP ( 'NONE', ( #2488, #6222, #341, #8592, #542 ) ) ;
#8739 = ORIENTED_EDGE ( 'NONE', *, *, #9027, .T. ) ;
#8740 = STYLED_ITEM ( 'NONE', ( #9063 ), #7328 ) ;
#8741 = AXIS2_PLACEMENT_3D ( 'NONE', #5240, #10621, #6206 ) ;
#8742 = ORIENTED_EDGE ( 'NONE', *, *, #4880, .F. ) ;
#8743 = CARTESIAN_POINT ( 'NONE',  ( 2.500000000000000444, 0.04999999999999969746, -1.124999999999999778 ) ) ;
#8744 = CARTESIAN_POINT ( 'NONE',  ( 1.749999999999999778, 0.04999999999999999584, 2.224999999999964118 ) ) ;
#8745 = EDGE_CURVE ( 'NONE', #916, #4045, #2352, .T. ) ;
#8746 = DIRECTION ( 'NONE',  ( -0.000000000000000000, -1.000000000000000000, -0.000000000000000000 ) ) ;
#8747 = ORIENTED_EDGE ( 'NONE', *, *, #5747, .F. ) ;
#8748 = LINE ( 'NONE', #4198, #8949 ) ;
#8749 =( GEOMETRIC_REPRESENTATION_CONTEXT ( 3 ) GLOBAL_UNCERTAINTY_ASSIGNED_CONTEXT ( ( #9175 ) ) GLOBAL_UNIT_ASSIGNED_CONTEXT ( ( #7760, #915, #2599 ) ) REPRESENTATION_CONTEXT ( 'NONE', 'WORKASPACE' ) );
#8750 = VECTOR ( 'NONE', #6612, 1000.000000000000000 ) ;
#8751 = CARTESIAN_POINT ( 'NONE',  ( -1.649999999999998801, 0.2000000000000000111, 1.799999999999999822 ) ) ;
#8752 = VECTOR ( 'NONE', #10806, 1000.000000000000000 ) ;
#8753 = CARTESIAN_POINT ( 'NONE',  ( 2.224999999999975220, 0.2000000000000000111, -0.7500000000000000000 ) ) ;
#8754 = ORIENTED_EDGE ( 'NONE', *, *, #2423, .F. ) ;
#8755 = CARTESIAN_POINT ( 'NONE',  ( 0.6250000000000004441, 0.000000000000000000, -2.500000000000000000 ) ) ;
#8756 = VECTOR ( 'NONE', #4530, 1000.000000000000000 ) ;
#8757 = VECTOR ( 'NONE', #5643, 1000.000000000000000 ) ;
#8758 = PRESENTATION_STYLE_ASSIGNMENT (( #8588 ) ) ;
#8759 = CARTESIAN_POINT ( 'NONE',  ( -2.499999999999984013, 0.2000000000000000111, -0.3749999999999998890 ) ) ;
#8760 = DIRECTION ( 'NONE',  ( 0.000000000000000000, 0.000000000000000000, -1.000000000000000000 ) ) ;
#8761 = ORIENTED_EDGE ( 'NONE', *, *, #11026, .F. ) ;
#8762 = DIRECTION ( 'NONE',  ( 0.000000000000000000, 1.000000000000000000, -0.000000000000000000 ) ) ;
#8763 = VECTOR ( 'NONE', #10095, 1000.000000000000000 ) ;
#8764 = CIRCLE ( 'NONE', #9673, 0.1250000000000001110 ) ;
#8765 = EDGE_CURVE ( 'NONE', #5971, #7505, #4407, .T. ) ;
#8766 = CARTESIAN_POINT ( 'NONE',  ( 1.800000000000000044, 0.000000000000000000, -1.649999999999998801 ) ) ;
#8767 = ORIENTED_EDGE ( 'NONE', *, *, #1953, .T. ) ;
#8768 = FACE_OUTER_BOUND ( 'NONE', #2618, .T. ) ;
#8769 = CARTESIAN_POINT ( 'NONE',  ( 0.7500000000000002220, 0.2000000000000000111, 2.224999999999974776 ) ) ;
#8770 = PLANE ( 'NONE',  #6182 ) ;
#8771 = CARTESIAN_POINT ( 'NONE',  ( -2.499999999999994227, 0.2000000000000000111, -1.375000000000000000 ) ) ;
#8772 = AXIS2_PLACEMENT_3D ( 'NONE', #8802, #3609, #5422 ) ;
#8773 = ORIENTED_EDGE ( 'NONE', *, *, #967, .F. ) ;
#8774 = DIRECTION ( 'NONE',  ( 0.000000000000000000, -1.000000000000000000, 0.000000000000000000 ) ) ;
#8775 = ORIENTED_EDGE ( 'NONE', *, *, #9314, .F. ) ;
#8776 = CARTESIAN_POINT ( 'NONE',  ( -2.499999999999999556, 0.04999999999999969746, 2.500000000000000000 ) ) ;
#8777 = VECTOR ( 'NONE', #1834, 1000.000000000000000 ) ;
#8778 = ADVANCED_FACE ( 'NONE', ( #8874 ), #1847, .T. ) ;
#8779 = VECTOR ( 'NONE', #11247, 1000.000000000000000 ) ;
#8780 = LINE ( 'NONE', #2035, #7878 ) ;
#8781 = FACE_OUTER_BOUND ( 'NONE', #6111, .T. ) ;
#8782 = CARTESIAN_POINT ( 'NONE',  ( -1.649999999999998801, 0.000000000000000000, -1.800000000000000044 ) ) ;
#8783 = FILL_AREA_STYLE_COLOUR ( '', #2565 ) ;
#8784 = ORIENTED_EDGE ( 'NONE', *, *, #10805, .F. ) ;
#8785 = LINE ( 'NONE', #820, #7168 ) ;
#8786 = CARTESIAN_POINT ( 'NONE',  ( 0.7500000000000003331, 0.2000000000000000111, -2.224999999999990763 ) ) ;
#8787 = CARTESIAN_POINT ( 'NONE',  ( 2.500000000000000444, 0.2000000000000000111, 1.874999999999999778 ) ) ;
#8788 = CARTESIAN_POINT ( 'NONE',  ( 0.000000000000000000, 0.05000000000000000278, -0.8749999999999998890 ) ) ;
#8789 = ORIENTED_EDGE ( 'NONE', *, *, #8028, .F. ) ;
#8790 = AXIS2_PLACEMENT_3D ( 'NONE', #3232, #1418, #3944 ) ;
#8791 = FILL_AREA_STYLE ('',( #8675 ) ) ;
#8792 = FACE_OUTER_BOUND ( 'NONE', #7342, .T. ) ;
#8793 = ORIENTED_EDGE ( 'NONE', *, *, #2032, .F. ) ;
#8794 = CYLINDRICAL_SURFACE ( 'NONE', #3254, 0.1249999999999998890 ) ;
#8795 =( GEOMETRIC_REPRESENTATION_CONTEXT ( 3 ) GLOBAL_UNCERTAINTY_ASSIGNED_CONTEXT ( ( #4633 ) ) GLOBAL_UNIT_ASSIGNED_CONTEXT ( ( #9379, #2248, #4039 ) ) REPRESENTATION_CONTEXT ( 'NONE', 'WORKASPACE' ) );
#8796 = ADVANCED_FACE ( 'NONE', ( #6873 ), #5834, .F. ) ;
#8797 = EDGE_CURVE ( 'NONE', #4676, #10374, #4940, .T. ) ;
#8798 =( GEOMETRIC_REPRESENTATION_CONTEXT ( 3 ) GLOBAL_UNCERTAINTY_ASSIGNED_CONTEXT ( ( #6654 ) ) GLOBAL_UNIT_ASSIGNED_CONTEXT ( ( #4138, #3206, #5826 ) ) REPRESENTATION_CONTEXT ( 'NONE', 'WORKASPACE' ) );
#8799 = VECTOR ( 'NONE', #10837, 1000.000000000000000 ) ;
#8800 = VECTOR ( 'NONE', #1236, 1000.000000000000000 ) ;
#8801 = CARTESIAN_POINT ( 'NONE',  ( 1.649999999999998801, 0.04999999999999999584, -1.800000000000000044 ) ) ;
#8802 = CARTESIAN_POINT ( 'NONE',  ( 1.749999999999999778, 0.000000000000000000, 2.224999999999964118 ) ) ;
#8803 = ORIENTED_EDGE ( 'NONE', *, *, #1941, .F. ) ;
#8804 = CARTESIAN_POINT ( 'NONE',  ( 1.125000000000000000, 0.2000000000000000111, 2.225000000000000977 ) ) ;
#8805 = DIRECTION ( 'NONE',  ( 0.000000000000000000, -1.000000000000000000, 0.000000000000000000 ) ) ;
#8806 = CARTESIAN_POINT ( 'NONE',  ( -1.649999999999998801, 0.04999999999999999584, 1.799999999999999822 ) ) ;
#8807 = EDGE_LOOP ( 'NONE', ( #4701, #2625, #9794, #8456 ) ) ;
#8808 = CARTESIAN_POINT ( 'NONE',  ( 2.500000000000000000, 0.2000000000000000111, -0.8749999999999998890 ) ) ;
#8809 = ORIENTED_EDGE ( 'NONE', *, *, #510, .F. ) ;
#8810 = PRODUCT_DEFINITION ( 'UNKNOWN', '', #8814, #2432 ) ;
#8811 = ADVANCED_FACE ( 'NONE', ( #7973 ), #4997, .F. ) ;
#8812 = ADVANCED_FACE ( 'NONE', ( #3276 ), #2410, .F. ) ;
#8813 = EDGE_CURVE ( 'NONE', #7072, #8609, #732, .T. ) ;
#8814 = PRODUCT_DEFINITION_FORMATION_WITH_SPECIFIED_SOURCE ( 'ANY', '', #2684, .NOT_KNOWN. ) ;
#8815 = PLANE ( 'NONE',  #2009 ) ;
#8816 = AXIS2_PLACEMENT_3D ( 'NONE', #5388, #1789, #8877 ) ;
#8817 = DIRECTION ( 'NONE',  ( 0.000000000000000000, 0.000000000000000000, -1.000000000000000000 ) ) ;
#8818 = VERTEX_POINT ( 'NONE', #10587 ) ;
#8819 = DIRECTION ( 'NONE',  ( 1.000000000000000000, 0.000000000000000000, -1.734723475976808475E-15 ) ) ;
#8820 = CARTESIAN_POINT ( 'NONE',  ( 2.500000000000000000, 0.2000000000000000111, 0.3749999999999999445 ) ) ;
#8821 = DIRECTION ( 'NONE',  ( -1.000000000000000000, 0.000000000000000000, -0.000000000000000000 ) ) ;
#8822 = DIRECTION ( 'NONE',  ( -0.000000000000000000, -1.000000000000000000, -0.000000000000000000 ) ) ;
#8823 = VERTEX_POINT ( 'NONE', #8482 ) ;
#8824 = CARTESIAN_POINT ( 'NONE',  ( 2.500000000000000000, 0.000000000000000000, 1.624999999999999778 ) ) ;
#8825 = EDGE_CURVE ( 'NONE', #128, #4930, #4206, .T. ) ;
#8826 = CARTESIAN_POINT ( 'NONE',  ( 1.374999999999999778, 0.2000000000000000111, 2.499999999999999112 ) ) ;
#8827 = ORIENTED_EDGE ( 'NONE', *, *, #7835, .F. ) ;
#8828 = LINE ( 'NONE', #2526, #8440 ) ;
#8829 = CARTESIAN_POINT ( 'NONE',  ( -0.2499999999999995837, 0.2000000000000000111, -2.224999999999980549 ) ) ;
#8830 = CARTESIAN_POINT ( 'NONE',  ( -2.224999999999980105, 0.2000000000000000111, 0.1250000000000001110 ) ) ;
#8831 = DIRECTION ( 'NONE',  ( -0.000000000000000000, -0.000000000000000000, 1.000000000000000000 ) ) ;
#8832 = EDGE_LOOP ( 'NONE', ( #9973, #6014, #7383, #4417 ) ) ;
#8833 = EDGE_LOOP ( 'NONE', ( #8891, #4668, #3405, #3551 ) ) ;
#8834 = EDGE_LOOP ( 'NONE', ( #5823, #6447, #7739, #2474 ) ) ;
#8835 = DIRECTION ( 'NONE',  ( 0.000000000000000000, 0.000000000000000000, -1.000000000000000000 ) ) ;
#8836 = VECTOR ( 'NONE', #9545, 1000.000000000000000 ) ;
#8837 = CARTESIAN_POINT ( 'NONE',  ( -1.249999999999999556, 0.2000000000000000111, 2.099999999999996092 ) ) ;
#8838 = LINE ( 'NONE', #8721, #5633 ) ;
#8839 = CARTESIAN_POINT ( 'NONE',  ( -0.6249999999999995559, 0.2000000000000000111, -2.500000000000000000 ) ) ;
#8840 = EDGE_LOOP ( 'NONE', ( #5719, #1826, #587, #10461 ) ) ;
#8841 = PLANE ( 'NONE',  #7522 ) ;
#8842 = LINE ( 'NONE', #8004, #10183 ) ;
#8844 = CARTESIAN_POINT ( 'NONE',  ( 0.000000000000000000, 0.05000000000000000278, -0.8749999999999998890 ) ) ;
#8843 = UNCERTAINTY_MEASURE_WITH_UNIT (LENGTH_MEASURE( 1.000000000000000082E-05 ), #5299, 'distance_accuracy_value', 'NONE');
#8845 = CARTESIAN_POINT ( 'NONE',  ( -2.225000000000000977, 0.2000000000000000111, -1.750000000000000000 ) ) ;
#8846 = ORIENTED_EDGE ( 'NONE', *, *, #4642, .T. ) ;
#8847 = LINE ( 'NONE', #5244, #3153 ) ;
#8848 = CARTESIAN_POINT ( 'NONE',  ( 2.224999999999990763, 0.000000000000000000, 0.6249999999999998890 ) ) ;
#8849 = ORIENTED_EDGE ( 'NONE', *, *, #9492, .T. ) ;
#8850 = DIRECTION ( 'NONE',  ( 1.000000000000000000, -0.000000000000000000, 0.000000000000000000 ) ) ;
#8851 = EDGE_CURVE ( 'NONE', #8863, #5921, #1016, .T. ) ;
#8852 = ORIENTED_EDGE ( 'NONE', *, *, #5979, .F. ) ;
#8853 = ORIENTED_EDGE ( 'NONE', *, *, #417, .T. ) ;
#8854 = EDGE_CURVE ( 'NONE', #5029, #7717, #2757, .T. ) ;
#8855 = EDGE_CURVE ( 'NONE', #6275, #10325, #4270, .T. ) ;
#8856 = VECTOR ( 'NONE', #9630, 1000.000000000000000 ) ;
#8857 = PLANE ( 'NONE',  #5293 ) ;
#8858 = LINE ( 'NONE', #1054, #8410 ) ;
#8859 = ORIENTED_EDGE ( 'NONE', *, *, #2949, .T. ) ;
#8860 = PLANE ( 'NONE',  #2200 ) ;
#8861 = CARTESIAN_POINT ( 'NONE',  ( -1.624999999999999334, 0.2000000000000000111, 2.500000000000000000 ) ) ;
#8862 = CARTESIAN_POINT ( 'NONE',  ( 2.500000000000000000, 0.2000000000000000111, -1.124999999999999556 ) ) ;
#8863 = VERTEX_POINT ( 'NONE', #3625 ) ;
#8864 = CARTESIAN_POINT ( 'NONE',  ( 2.500000000000000000, 0.2000000000000000111, -0.8749999999999998890 ) ) ;
#8865 = EDGE_LOOP ( 'NONE', ( #11223, #7514, #11239, #7872 ) ) ;
#8866 = EDGE_CURVE ( 'NONE', #2969, #9935, #2762, .T. ) ;
#8867 = VECTOR ( 'NONE', #4454, 1000.000000000000000 ) ;
#8868 = ORIENTED_EDGE ( 'NONE', *, *, #8950, .T. ) ;
#8869 = EDGE_CURVE ( 'NONE', #6105, #111, #4145, .T. ) ;
#8870 = VECTOR ( 'NONE', #2842, 1000.000000000000000 ) ;
#8871 = LINE ( 'NONE', #9893, #11119 ) ;
#8872 = DIRECTION ( 'NONE',  ( -1.000000000000000000, 0.000000000000000000, 0.000000000000000000 ) ) ;
#8873 = ORIENTED_EDGE ( 'NONE', *, *, #1381, .T. ) ;
#8874 = FACE_OUTER_BOUND ( 'NONE', #3078, .T. ) ;
#8875 = CARTESIAN_POINT ( 'NONE',  ( 2.500000000000000444, 0.2000000000000000111, -1.874999999999998446 ) ) ;
#8876 = EDGE_CURVE ( 'NONE', #7376, #4200, #8031, .T. ) ;
#8877 = DIRECTION ( 'NONE',  ( 0.000000000000000000, 0.000000000000000000, -1.000000000000000000 ) ) ;
#8878 = EDGE_CURVE ( 'NONE', #1111, #4678, #211, .T. ) ;
#8879 = CARTESIAN_POINT ( 'NONE',  ( 1.249999999999999778, 0.000000000000000000, 2.224999999999969003 ) ) ;
#8880 = EDGE_CURVE ( 'NONE', #2505, #8607, #9326, .T. ) ;
#8881 = ORIENTED_EDGE ( 'NONE', *, *, #11104, .F. ) ;
#8882 = PLANE ( 'NONE',  #431 ) ;
#8883 = LINE ( 'NONE', #7755, #4375 ) ;
#8884 = EDGE_LOOP ( 'NONE', ( #3177, #4972, #9829, #1284 ) ) ;
#8885 = CARTESIAN_POINT ( 'NONE',  ( -2.499999999999984013, 0.2000000000000000111, -0.3749999999999998890 ) ) ;
#8886 = DIRECTION ( 'NONE',  ( -1.000000000000000000, 0.000000000000000000, 0.000000000000000000 ) ) ;
#8887 = DIRECTION ( 'NONE',  ( 1.000000000000000000, -0.000000000000000000, -0.000000000000000000 ) ) ;
#8888 = DIRECTION ( 'NONE',  ( 0.000000000000000000, -0.000000000000000000, -1.000000000000000000 ) ) ;
#8889 = ADVANCED_FACE ( 'NONE', ( #6822 ), #8597, .T. ) ;
#8890 = ORIENTED_EDGE ( 'NONE', *, *, #8520, .T. ) ;
#8891 = ORIENTED_EDGE ( 'NONE', *, *, #154, .T. ) ;
#8892 = CARTESIAN_POINT ( 'NONE',  ( 0.8750000000000001110, 0.2000000000000000111, 2.499999999999999556 ) ) ;
#8893 = VECTOR ( 'NONE', #5813, 1000.000000000000000 ) ;
#8894 = CARTESIAN_POINT ( 'NONE',  ( 1.125000000000000444, 0.04999999999999999584, -2.225000000000001421 ) ) ;
#8895 = CARTESIAN_POINT ( 'NONE',  ( -1.624999999999999334, 0.2000000000000000111, -2.500000000000000000 ) ) ;
#8896 = CLOSED_SHELL ( 'NONE', ( #4822, #5369, #5144, #1849, #5231, #5819 ) ) ;
#8897 = PRESENTATION_STYLE_ASSIGNMENT (( #5188 ) ) ;
#8898 = VERTEX_POINT ( 'NONE', #1273 ) ;
#8899 = FACE_OUTER_BOUND ( 'NONE', #9380, .T. ) ;
#8900 = DIRECTION ( 'NONE',  ( 0.000000000000000000, 1.000000000000000000, -0.000000000000000000 ) ) ;
#8901 = DIRECTION ( 'NONE',  ( -0.000000000000000000, -1.000000000000000000, -0.000000000000000000 ) ) ;
#8902 = EDGE_CURVE ( 'NONE', #3344, #3905, #2823, .T. ) ;
#8903 = ORIENTED_EDGE ( 'NONE', *, *, #3275, .T. ) ;
#8904 = FACE_OUTER_BOUND ( 'NONE', #6324, .T. ) ;
#8905 = ORIENTED_EDGE ( 'NONE', *, *, #6920, .F. ) ;
#8906 = FACE_OUTER_BOUND ( 'NONE', #6805, .T. ) ;
#8907 = ORIENTED_EDGE ( 'NONE', *, *, #5720, .T. ) ;
#8908 = AXIS2_PLACEMENT_3D ( 'NONE', #3661, #10783, #10560 ) ;
#8909 = ORIENTED_EDGE ( 'NONE', *, *, #4281, .T. ) ;
#8910 = VECTOR ( 'NONE', #7948, 1000.000000000000000 ) ;
#8911 = LINE ( 'NONE', #354, #7137 ) ;
#8912 = CARTESIAN_POINT ( 'NONE',  ( 2.500000000000000000, 0.2000000000000000111, 0.6249999999999998890 ) ) ;
#8913 = AXIS2_PLACEMENT_3D ( 'NONE', #5002, #10029, #6711 ) ;
#8914 = ORIENTED_EDGE ( 'NONE', *, *, #8813, .F. ) ;
#8915 = CARTESIAN_POINT ( 'NONE',  ( -0.7499999999999995559, 0.2000000000000000111, 2.224999999999990319 ) ) ;
#8916 = PLANE ( 'NONE',  #1238 ) ;
#8917 = VERTEX_POINT ( 'NONE', #9831 ) ;
#8918 = EDGE_CURVE ( 'NONE', #9244, #4300, #10599, .T. ) ;
#8919 = DIRECTION ( 'NONE',  ( 0.000000000000000000, 0.000000000000000000, -1.000000000000000000 ) ) ;
#8920 = EDGE_LOOP ( 'NONE', ( #9137, #8732, #7219, #5076 ) ) ;
#8921 = VECTOR ( 'NONE', #2461, 1000.000000000000000 ) ;
#8922 = CIRCLE ( 'NONE', #4555, 0.1250000000000001110 ) ;
#8923 = ADVANCED_FACE ( 'NONE', ( #479 ), #8141, .T. ) ;
#8924 = CARTESIAN_POINT ( 'NONE',  ( -2.224999999999974776, 0.2000000000000000111, 0.7500000000000000000 ) ) ;
#8925 = VERTEX_POINT ( 'NONE', #2925 ) ;
#8926 = CYLINDRICAL_SURFACE ( 'NONE', #5136, 0.1250000000000001110 ) ;
#8927 = DIRECTION ( 'NONE',  ( 1.000000000000000000, 0.000000000000000000, 0.000000000000000000 ) ) ;
#8928 = DIRECTION ( 'NONE',  ( -1.000000000000000000, 0.000000000000000000, 0.000000000000000000 ) ) ;
#8929 = FACE_OUTER_BOUND ( 'NONE', #7294, .T. ) ;
#8930 = AXIS2_PLACEMENT_3D ( 'NONE', #6183, #3391, #6074 ) ;
#8931 = EDGE_LOOP ( 'NONE', ( #938, #8030, #5526, #4429, #7268 ) ) ;
#8932 = DIRECTION ( 'NONE',  ( 0.000000000000000000, -0.000000000000000000, -1.000000000000000000 ) ) ;
#8933 =( GEOMETRIC_REPRESENTATION_CONTEXT ( 3 ) GLOBAL_UNCERTAINTY_ASSIGNED_CONTEXT ( ( #1203 ) ) GLOBAL_UNIT_ASSIGNED_CONTEXT ( ( #4156, #3062, #10194 ) ) REPRESENTATION_CONTEXT ( 'NONE', 'WORKASPACE' ) );
#8934 = ADVANCED_FACE ( 'NONE', ( #3954 ), #6505, .F. ) ;
#8935 = EDGE_CURVE ( 'NONE', #7387, #3053, #6401, .T. ) ;
#8936 = VECTOR ( 'NONE', #5763, 1000.000000000000000 ) ;
#8937 = AXIS2_PLACEMENT_3D ( 'NONE', #5666, #3100, #6582 ) ;
#8938 = LINE ( 'NONE', #6515, #1828 ) ;
#8939 = ORIENTED_EDGE ( 'NONE', *, *, #155, .T. ) ;
#8940 = FILL_AREA_STYLE ('',( #4669 ) ) ;
#8941 = LINE ( 'NONE', #283, #8442 ) ;
#8942 = DIRECTION ( 'NONE',  ( -0.000000000000000000, 0.000000000000000000, -1.000000000000000000 ) ) ;
#8943 = DIRECTION ( 'NONE',  ( 7.885106708985522560E-16, 0.000000000000000000, 1.000000000000000000 ) ) ;
#8944 = VECTOR ( 'NONE', #422, 1000.000000000000000 ) ;
#8945 = LINE ( 'NONE', #4503, #6512 ) ;
#8946 = ORIENTED_EDGE ( 'NONE', *, *, #1963, .F. ) ;
#8947 = LINE ( 'NONE', #3762, #7345 ) ;
#8948 = CIRCLE ( 'NONE', #7139, 0.1249999999999996808 ) ;
#8949 = VECTOR ( 'NONE', #3160, 1000.000000000000000 ) ;
#8950 = EDGE_CURVE ( 'NONE', #2462, #5123, #369, .T. ) ;
#8951 = ADVANCED_FACE ( 'NONE', ( #9085 ), #7277, .T. ) ;
#8952 = VECTOR ( 'NONE', #9766, 1000.000000000000000 ) ;
#8953 = VECTOR ( 'NONE', #8341, 1000.000000000000000 ) ;
#8954 = FACE_OUTER_BOUND ( 'NONE', #1747, .T. ) ;
#8955 = DIRECTION ( 'NONE',  ( 1.000000000000000000, 0.000000000000000000, 0.000000000000000000 ) ) ;
#8956 = ORIENTED_EDGE ( 'NONE', *, *, #8765, .F. ) ;
#8957 = CARTESIAN_POINT ( 'NONE',  ( -0.3749999999999994449, 0.2000000000000000111, -2.225000000000001421 ) ) ;
#8958 = CARTESIAN_POINT ( 'NONE',  ( 0.6250000000000004441, 0.2000000000000000111, -2.225000000000001421 ) ) ;
#8959 = CARTESIAN_POINT ( 'NONE',  ( 2.500000000000000000, 0.2000000000000000111, 0.1250000000000001665 ) ) ;
#8960 = ORIENTED_EDGE ( 'NONE', *, *, #5035, .F. ) ;
#8961 = CARTESIAN_POINT ( 'NONE',  ( 0.3750000000000003331, 0.2000000000000000111, -2.500000000000000000 ) ) ;
#8962 = DIRECTION ( 'NONE',  ( -1.000000000000000000, 0.000000000000000000, -0.000000000000000000 ) ) ;
#8963 = VERTEX_POINT ( 'NONE', #7333 ) ;
#8964 = CARTESIAN_POINT ( 'NONE',  ( 2.224999999999965006, 0.04999999999999999584, -1.874999999999999334 ) ) ;
#8965 = ORIENTED_EDGE ( 'NONE', *, *, #1369, .F. ) ;
#8966 = VECTOR ( 'NONE', #3336, 1000.000000000000000 ) ;
#8967 = MECHANICAL_DESIGN_GEOMETRIC_PRESENTATION_REPRESENTATION (  '', ( #6026 ), #5850 ) ;
#8968 = CARTESIAN_POINT ( 'NONE',  ( 1.749999999999999778, 0.2000000000000000111, 2.099999999999963674 ) ) ;
#8969 = CIRCLE ( 'NONE', #7694, 0.1249999999999996808 ) ;
#8970 = ORIENTED_EDGE ( 'NONE', *, *, #7455, .F. ) ;
#8971 = FACE_OUTER_BOUND ( 'NONE', #4762, .T. ) ;
#8972 = DIRECTION ( 'NONE',  ( -0.000000000000000000, -0.000000000000000000, -1.000000000000000000 ) ) ;
#8973 = ORIENTED_EDGE ( 'NONE', *, *, #9546, .T. ) ;
#8974 = CARTESIAN_POINT ( 'NONE',  ( 2.500000000000000444, -7.071067811865474617, 2.500000000000000000 ) ) ;
#8975 = VERTEX_POINT ( 'NONE', #426 ) ;
#8976 = VECTOR ( 'NONE', #3878, 1000.000000000000000 ) ;
#8977 = LINE ( 'NONE', #3904, #8402 ) ;
#8978 = PLANE ( 'NONE',  #4924 ) ;
#8979 = ORIENTED_EDGE ( 'NONE', *, *, #11090, .T. ) ;
#8980 = DIRECTION ( 'NONE',  ( -0.000000000000000000, -1.000000000000000000, -0.000000000000000000 ) ) ;
#8981 = LINE ( 'NONE', #9032, #504 ) ;
#8982 = STYLED_ITEM ( 'NONE', ( #2774 ), #11118 ) ;
#8983 = CIRCLE ( 'NONE', #2965, 0.1249999999999998890 ) ;
#8984 = ORIENTED_EDGE ( 'NONE', *, *, #8878, .F. ) ;
#8985 = DIRECTION ( 'NONE',  ( 0.000000000000000000, 1.000000000000000000, -0.000000000000000000 ) ) ;
#8986 = ORIENTED_EDGE ( 'NONE', *, *, #11269, .F. ) ;
#8987 = DIRECTION ( 'NONE',  ( 0.000000000000000000, 0.000000000000000000, -1.000000000000000000 ) ) ;
#8988 = ADVANCED_FACE ( 'NONE', ( #9031 ), #6293, .F. ) ;
#8989 = EDGE_CURVE ( 'NONE', #310, #10221, #4818, .T. ) ;
#8990 = CIRCLE ( 'NONE', #2060, 0.1249999999999998890 ) ;
#8991 = DIRECTION ( 'NONE',  ( 0.000000000000000000, -1.000000000000000000, 0.000000000000000000 ) ) ;
#8992 = ORIENTED_EDGE ( 'NONE', *, *, #2924, .T. ) ;
#8993 = FACE_OUTER_BOUND ( 'NONE', #3564, .T. ) ;
#8994 = PLANE ( 'NONE',  #4070 ) ;
#8995 = CYLINDRICAL_SURFACE ( 'NONE', #8567, 0.1249999999999998890 ) ;
#8996 = DIRECTION ( 'NONE',  ( 1.000000000000000000, -0.000000000000000000, -1.971276677246380640E-16 ) ) ;
#8997 =( GEOMETRIC_REPRESENTATION_CONTEXT ( 3 ) GLOBAL_UNCERTAINTY_ASSIGNED_CONTEXT ( ( #3217 ) ) GLOBAL_UNIT_ASSIGNED_CONTEXT ( ( #6804, #768, #6677 ) ) REPRESENTATION_CONTEXT ( 'NONE', 'WORKASPACE' ) );
#8998 = AXIS2_PLACEMENT_3D ( 'NONE', #1046, #4519, #8733 ) ;
#8999 = ORIENTED_EDGE ( 'NONE', *, *, #254, .F. ) ;
#9000 = ORIENTED_EDGE ( 'NONE', *, *, #1396, .F. ) ;
#9001 = CARTESIAN_POINT ( 'NONE',  ( -2.499999999999978684, 0.2000000000000000111, 0.3749999999999998890 ) ) ;
#9002 = EDGE_CURVE ( 'NONE', #1992, #5427, #2164, .T. ) ;
#9003 = ORIENTED_EDGE ( 'NONE', *, *, #7058, .T. ) ;
#9004 = EDGE_CURVE ( 'NONE', #3362, #6887, #9944, .T. ) ;
#9005 = LINE ( 'NONE', #7940, #4034 ) ;
#9006 = CARTESIAN_POINT ( 'NONE',  ( 1.800000000000000044, 0.000000000000000000, 1.649999999999998579 ) ) ;
#9007 =( LENGTH_UNIT ( ) NAMED_UNIT ( * ) SI_UNIT ( .MILLI., .METRE. ) );
#9008 = ORIENTED_EDGE ( 'NONE', *, *, #864, .F. ) ;
#9009 = LINE ( 'NONE', #9055, #5674 ) ;
#9010 = CARTESIAN_POINT ( 'NONE',  ( 0.1250000000000003608, 0.2000000000000000111, 2.225000000000000977 ) ) ;
#9011 = DIRECTION ( 'NONE',  ( -0.000000000000000000, -1.000000000000000000, -0.000000000000000000 ) ) ;
#9012 = VERTEX_POINT ( 'NONE', #10748 ) ;
#9013 = CARTESIAN_POINT ( 'NONE',  ( 0.8750000000000002220, 0.000000000000000000, -2.500000000000000000 ) ) ;
#9014 = ORIENTED_EDGE ( 'NONE', *, *, #7120, .T. ) ;
#9015 = DIRECTION ( 'NONE',  ( 7.885106708985522560E-16, 0.000000000000000000, 1.000000000000000000 ) ) ;
#9016 = EDGE_CURVE ( 'NONE', #2405, #9745, #10651, .T. ) ;
#9017 = ADVANCED_FACE ( 'NONE', ( #10808 ), #321, .T. ) ;
#9018 = ADVANCED_FACE ( 'NONE', ( #5436 ), #8926, .F. ) ;
#9019 = LINE ( 'NONE', #3672, #952 ) ;
#9020 = DIRECTION ( 'NONE',  ( 1.000000000000000000, 0.000000000000000000, 0.000000000000000000 ) ) ;
#9021 = ORIENTED_EDGE ( 'NONE', *, *, #1507, .F. ) ;
#9022 = CARTESIAN_POINT ( 'NONE',  ( -2.224999999999995648, 0.2000000000000000111, -1.250000000000000000 ) ) ;
#9023 = LINE ( 'NONE', #469, #7630 ) ;
#9024 = EDGE_LOOP ( 'NONE', ( #8939, #10195, #3076, #9854 ) ) ;
#9025 = PLANE ( 'NONE',  #2542 ) ;
#9026 = ORIENTED_EDGE ( 'NONE', *, *, #8147, .T. ) ;
#9027 = EDGE_CURVE ( 'NONE', #8680, #1318, #2112, .T. ) ;
#9028 = VECTOR ( 'NONE', #1299, 1000.000000000000000 ) ;
#9029 = DIRECTION ( 'NONE',  ( 0.000000000000000000, 0.000000000000000000, -1.000000000000000000 ) ) ;
#9030 = ORIENTED_EDGE ( 'NONE', *, *, #7271, .T. ) ;
#9031 = FACE_OUTER_BOUND ( 'NONE', #11290, .T. ) ;
#9032 = CARTESIAN_POINT ( 'NONE',  ( 1.625000000000000000, 0.05000000000000000278, 0.000000000000000000 ) ) ;
#9033 = ORIENTED_EDGE ( 'NONE', *, *, #3038, .F. ) ;
#9034 = CARTESIAN_POINT ( 'NONE',  ( -2.499999999999978684, 0.000000000000000000, 0.1250000000000001110 ) ) ;
#9035 = DIRECTION ( 'NONE',  ( 0.000000000000000000, -0.000000000000000000, -1.000000000000000000 ) ) ;
#9036 = DIRECTION ( 'NONE',  ( 0.000000000000000000, 1.000000000000000000, -0.000000000000000000 ) ) ;
#9037 = EDGE_CURVE ( 'NONE', #5054, #4066, #8969, .T. ) ;
#9038 = ORIENTED_EDGE ( 'NONE', *, *, #2558, .T. ) ;
#9039 = LINE ( 'NONE', #2988, #553 ) ;
#9040 = EDGE_LOOP ( 'NONE', ( #3657, #10840, #4534, #9526 ) ) ;
#9041 = CARTESIAN_POINT ( 'NONE',  ( -1.374999999999999112, 0.2000000000000000111, -2.500000000000000000 ) ) ;
#9042 = CARTESIAN_POINT ( 'NONE',  ( -0.3749999999999994449, 0.2000000000000000111, -2.500000000000000000 ) ) ;
#9043 = CARTESIAN_POINT ( 'NONE',  ( -2.499999999999963141, 0.04999999999999999584, 1.875000000000000000 ) ) ;
#9044 = DIRECTION ( 'NONE',  ( -0.000000000000000000, -1.000000000000000000, -0.000000000000000000 ) ) ;
#9045 = ADVANCED_FACE ( 'NONE', ( #5812 ), #7441, .F. ) ;
#9046 = EDGE_CURVE ( 'NONE', #8444, #17, #7513, .T. ) ;
#9047 = VERTEX_POINT ( 'NONE', #774 ) ;
#9048 = CARTESIAN_POINT ( 'NONE',  ( -2.224999999999990319, 0.04999999999999999584, -0.7500000000000000000 ) ) ;
#9049 = ORIENTED_EDGE ( 'NONE', *, *, #1206, .T. ) ;
#9050 = EDGE_CURVE ( 'NONE', #9364, #5005, #1378, .T. ) ;
#9051 = DIRECTION ( 'NONE',  ( 0.000000000000000000, -1.000000000000000000, 0.000000000000000000 ) ) ;
#9052 = DIRECTION ( 'NONE',  ( 0.000000000000000000, -1.000000000000000000, 0.000000000000000000 ) ) ;
#9053 = PLANE ( 'NONE',  #7169 ) ;
#9054 = EDGE_LOOP ( 'NONE', ( #6098, #8809, #8317, #9762 ) ) ;
#9055 = CARTESIAN_POINT ( 'NONE',  ( 1.375000000000000000, 0.2000000000000000111, -2.500000000000000000 ) ) ;
#9056 = DIRECTION ( 'NONE',  ( 0.000000000000000000, -1.000000000000000000, 0.000000000000000000 ) ) ;
#9057 = CARTESIAN_POINT ( 'NONE',  ( 1.875000000000000000, 0.2000000000000000111, -2.500000000000000000 ) ) ;
#9058 = CARTESIAN_POINT ( 'NONE',  ( 2.500000000000000000, 0.2000000000000000111, 1.624999999999999778 ) ) ;
#9059 = VERTEX_POINT ( 'NONE', #5876 ) ;
#9060 = DIRECTION ( 'NONE',  ( 0.000000000000000000, 1.000000000000000000, -0.000000000000000000 ) ) ;
#9061 = CARTESIAN_POINT ( 'NONE',  ( 1.249999999999999778, 0.2000000000000000111, 2.224999999999969003 ) ) ;
#9062 = ORIENTED_EDGE ( 'NONE', *, *, #1265, .T. ) ;
#9063 = PRESENTATION_STYLE_ASSIGNMENT (( #2902 ) ) ;
#9064 = VECTOR ( 'NONE', #1900, 1000.000000000000000 ) ;
#9065 = EDGE_CURVE ( 'NONE', #6162, #1867, #3146, .T. ) ;
#9066 = ADVANCED_FACE ( 'NONE', ( #4076 ), #9361, .T. ) ;
#9067 = EDGE_CURVE ( 'NONE', #7756, #4722, #530, .T. ) ;
#9068 = DIRECTION ( 'NONE',  ( -0.000000000000000000, -1.000000000000000000, -0.000000000000000000 ) ) ;
#9069 = DIRECTION ( 'NONE',  ( 0.000000000000000000, -0.000000000000000000, -1.000000000000000000 ) ) ;
#9070 = ORIENTED_EDGE ( 'NONE', *, *, #5059, .T. ) ;
#9071 = DIRECTION ( 'NONE',  ( -1.000000000000000000, 0.000000000000000000, -0.000000000000000000 ) ) ;
#9072 = LINE ( 'NONE', #7322, #2302 ) ;
#9073 = ORIENTED_EDGE ( 'NONE', *, *, #7167, .T. ) ;
#9074 = VECTOR ( 'NONE', #7429, 1000.000000000000000 ) ;
#9075 = CARTESIAN_POINT ( 'NONE',  ( -1.249999999999999556, 0.2000000000000000111, 2.099999999999996092 ) ) ;
#9076 = ORIENTED_EDGE ( 'NONE', *, *, #3489, .T. ) ;
#9077 = CLOSED_SHELL ( 'NONE', ( #684, #5075, #3577, #7956, #1906, #7212, #8184 ) ) ;
#9078 = AXIS2_PLACEMENT_3D ( 'NONE', #8276, #10885, #1303 ) ;
#9079 = ADVANCED_FACE ( 'NONE', ( #6743 ), #5755, .F. ) ;
#9080 = EDGE_CURVE ( 'NONE', #9935, #519, #7501, .T. ) ;
#9081 = CARTESIAN_POINT ( 'NONE',  ( -1.800000000000000044, 0.2000000000000000111, -1.649999999999998801 ) ) ;
#9082 = VECTOR ( 'NONE', #2671, 1000.000000000000000 ) ;
#9083 = DIRECTION ( 'NONE',  ( 0.000000000000000000, 0.000000000000000000, -1.000000000000000000 ) ) ;
#9084 = VERTEX_POINT ( 'NONE', #653 ) ;
#9085 = FACE_OUTER_BOUND ( 'NONE', #10026, .T. ) ;
#9086 = DIRECTION ( 'NONE',  ( 1.000000000000000000, 0.000000000000000000, 0.000000000000000000 ) ) ;
#9087 = DIRECTION ( 'NONE',  ( -1.971276677246380887E-16, 0.000000000000000000, -1.000000000000000000 ) ) ;
#9088 = VECTOR ( 'NONE', #10874, 1000.000000000000000 ) ;
#9089 = CARTESIAN_POINT ( 'NONE',  ( -0.8749999999999994449, 0.05000000000000000278, 0.000000000000000000 ) ) ;
#9090 = AXIS2_PLACEMENT_3D ( 'NONE', #4002, #4172, #3136 ) ;
#9091 = PLANE ( 'NONE',  #3092 ) ;
#9092 = VERTEX_POINT ( 'NONE', #4124 ) ;
#9093 = VECTOR ( 'NONE', #5134, 1000.000000000000000 ) ;
#9094 = AXIS2_PLACEMENT_3D ( 'NONE', #3983, #10841, #6659 ) ;
#9095 = CARTESIAN_POINT ( 'NONE',  ( 1.649999999999999911, 0.04999999999999999584, -1.649999999999999911 ) ) ;
#9096 = ORIENTED_EDGE ( 'NONE', *, *, #4339, .F. ) ;
#9097 = CARTESIAN_POINT ( 'NONE',  ( -0.1249999999999996531, 0.2000000000000000111, -2.500000000000000000 ) ) ;
#9098 = PLANE ( 'NONE',  #6426 ) ;
#9099 = DIRECTION ( 'NONE',  ( 1.000000000000000000, 0.000000000000000000, 0.000000000000000000 ) ) ;
#9100 = DIRECTION ( 'NONE',  ( 0.000000000000000000, -0.000000000000000000, -1.000000000000000000 ) ) ;
#9101 = ORIENTED_EDGE ( 'NONE', *, *, #10001, .F. ) ;
#9102 = LINE ( 'NONE', #2292, #4626 ) ;
#9103 = ORIENTED_EDGE ( 'NONE', *, *, #6647, .T. ) ;
#9104 = VECTOR ( 'NONE', #10948, 1000.000000000000000 ) ;
#9105 = VECTOR ( 'NONE', #6891, 1000.000000000000000 ) ;
#9106 = AXIS2_PLACEMENT_3D ( 'NONE', #329, #10764, #4671 ) ;
#9107 = EDGE_CURVE ( 'NONE', #9443, #6789, #3086, .T. ) ;
#9108 = ADVANCED_FACE ( 'NONE', ( #11028 ), #6806, .T. ) ;
#9109 = LINE ( 'NONE', #7524, #956 ) ;
#9110 = DIRECTION ( 'NONE',  ( 0.000000000000000000, 1.000000000000000000, -0.000000000000000000 ) ) ;
#9111 = AXIS2_PLACEMENT_3D ( 'NONE', #5263, #6922, #4254 ) ;
#9112 = ORIENTED_EDGE ( 'NONE', *, *, #4666, .T. ) ;
#9113 = DIRECTION ( 'NONE',  ( 0.000000000000000000, 1.000000000000000000, 0.000000000000000000 ) ) ;
#9114 = CARTESIAN_POINT ( 'NONE',  ( -0.3749999999999994449, 0.04999999999999999584, -2.225000000000001421 ) ) ;
#9115 = DIRECTION ( 'NONE',  ( 0.000000000000000000, 0.000000000000000000, -1.000000000000000000 ) ) ;
#9116 = VECTOR ( 'NONE', #7907, 1000.000000000000000 ) ;
#9117 = ORIENTED_EDGE ( 'NONE', *, *, #4436, .F. ) ;
#9118 = VECTOR ( 'NONE', #1778, 1000.000000000000000 ) ;
#9119 = PRESENTATION_STYLE_ASSIGNMENT (( #7148 ) ) ;
#9120 = DIRECTION ( 'NONE',  ( 0.000000000000000000, -1.000000000000000000, 0.000000000000000000 ) ) ;
#9121 = EDGE_LOOP ( 'NONE', ( #11263, #2249, #1682, #4434 ) ) ;
#9122 = FILL_AREA_STYLE ('',( #1159 ) ) ;
#9123 = EDGE_CURVE ( 'NONE', #4581, #4329, #404, .T. ) ;
#9124 = AXIS2_PLACEMENT_3D ( 'NONE', #4392, #11187, #8612 ) ;
#9125 = CARTESIAN_POINT ( 'NONE',  ( -2.499999999999989342, 0.2000000000000000111, -0.8749999999999998890 ) ) ;
#9126 = CARTESIAN_POINT ( 'NONE',  ( -0.7499999999999994449, 0.2000000000000000111, -2.224999999999975220 ) ) ;
#9127 = PRESENTATION_STYLE_ASSIGNMENT (( #4695 ) ) ;
#9128 = ORIENTED_EDGE ( 'NONE', *, *, #2567, .F. ) ;
#9129 = DIRECTION ( 'NONE',  ( 0.000000000000000000, -1.000000000000000000, 0.000000000000000000 ) ) ;
#9130 = CARTESIAN_POINT ( 'NONE',  ( 2.225000000000001421, 0.04999999999999999584, 1.374999999999999778 ) ) ;
#9131 = ORIENTED_EDGE ( 'NONE', *, *, #8745, .F. ) ;
#9132 = VECTOR ( 'NONE', #5110, 1000.000000000000000 ) ;
#9133 = CARTESIAN_POINT ( 'NONE',  ( -0.8749999999999993339, 0.2000000000000000111, -2.225000000000001421 ) ) ;
#9134 = VERTEX_POINT ( 'NONE', #2328 ) ;
#9135 = DIRECTION ( 'NONE',  ( 0.000000000000000000, -1.000000000000000000, 0.000000000000000000 ) ) ;
#9136 = MECHANICAL_DESIGN_GEOMETRIC_PRESENTATION_REPRESENTATION (  '', ( #6019 ), #3868 ) ;
#9137 = ORIENTED_EDGE ( 'NONE', *, *, #1381, .F. ) ;
#9138 = EDGE_CURVE ( 'NONE', #1705, #4466, #1671, .T. ) ;
#9139 = EDGE_CURVE ( 'NONE', #2119, #5743, #3250, .T. ) ;
#9140 = VECTOR ( 'NONE', #2682, 1000.000000000000000 ) ;
#9141 = VECTOR ( 'NONE', #9752, 1000.000000000000000 ) ;
#9142 = DIRECTION ( 'NONE',  ( 0.000000000000000000, 0.000000000000000000, 1.000000000000000000 ) ) ;
#9143 = CARTESIAN_POINT ( 'NONE',  ( -1.124999999999999334, 0.2000000000000000111, -2.500000000000000000 ) ) ;
#9144 = EDGE_LOOP ( 'NONE', ( #8007, #8914, #1710, #10193 ) ) ;
#9145 = CARTESIAN_POINT ( 'NONE',  ( -2.499999999999963141, 0.2000000000000000111, 1.875000000000000000 ) ) ;
#9146 = CARTESIAN_POINT ( 'NONE',  ( 2.224999999999965006, 0.2000000000000000111, -1.749999999999999334 ) ) ;
#9147 = AXIS2_PLACEMENT_3D ( 'NONE', #7248, #8003, #7304 ) ;
#9148 = CARTESIAN_POINT ( 'NONE',  ( 1.249999999999999778, 0.2000000000000000111, 2.224999999999969003 ) ) ;
#9149 = ADVANCED_FACE ( 'NONE', ( #9246 ), #11143, .F. ) ;
#9150 = EDGE_CURVE ( 'NONE', #9744, #5019, #3692, .T. ) ;
#9151 = EDGE_CURVE ( 'NONE', #5141, #10283, #6769, .T. ) ;
#9152 = AXIS2_PLACEMENT_3D ( 'NONE', #8272, #8115, #8955 ) ;
#9153 = VECTOR ( 'NONE', #7986, 1000.000000000000000 ) ;
#9154 = FACE_OUTER_BOUND ( 'NONE', #4185, .T. ) ;
#9155 = EDGE_LOOP ( 'NONE', ( #7255, #6691, #8694, #6666 ) ) ;
#9156 = AXIS2_PLACEMENT_3D ( 'NONE', #8207, #389, #10609 ) ;
#9157 = LINE ( 'NONE', #1339, #6194 ) ;
#9158 = ORIENTED_EDGE ( 'NONE', *, *, #7272, .T. ) ;
#9159 =( NAMED_UNIT ( * ) PLANE_ANGLE_UNIT ( ) SI_UNIT ( $, .RADIAN. ) );
#9160 = CARTESIAN_POINT ( 'NONE',  ( -2.499999999999973799, 0.2000000000000000111, 0.6250000000000001110 ) ) ;
#9161 = CARTESIAN_POINT ( 'NONE',  ( 0.3750000000000003331, 0.2000000000000000111, -2.500000000000000000 ) ) ;
#9162 = DIRECTION ( 'NONE',  ( 0.000000000000000000, 0.000000000000000000, -1.000000000000000000 ) ) ;
#9163 = ORIENTED_EDGE ( 'NONE', *, *, #2646, .T. ) ;
#9164 = VERTEX_POINT ( 'NONE', #6223 ) ;
#9165 = LINE ( 'NONE', #3044, #2392 ) ;
#9166 = EDGE_CURVE ( 'NONE', #4915, #9274, #8687, .T. ) ;
#9167 = ORIENTED_EDGE ( 'NONE', *, *, #9546, .F. ) ;
#9168 = VECTOR ( 'NONE', #10704, 1000.000000000000000 ) ;
#9169 = DIRECTION ( 'NONE',  ( 0.000000000000000000, -1.000000000000000000, 0.000000000000000000 ) ) ;
#9170 =( GEOMETRIC_REPRESENTATION_CONTEXT ( 3 ) GLOBAL_UNCERTAINTY_ASSIGNED_CONTEXT ( ( #7585 ) ) GLOBAL_UNIT_ASSIGNED_CONTEXT ( ( #2498, #5980, #3191 ) ) REPRESENTATION_CONTEXT ( 'NONE', 'WORKASPACE' ) );
#9171 = CARTESIAN_POINT ( 'NONE',  ( -0.7499999999999994449, 0.2000000000000000111, -2.224999999999975220 ) ) ;
#9172 = STYLED_ITEM ( 'NONE', ( #5784 ), #11011 ) ;
#9173 = ORIENTED_EDGE ( 'NONE', *, *, #2771, .F. ) ;
#9174 = DIRECTION ( 'NONE',  ( 1.000000000000000000, 0.000000000000000000, 0.000000000000000000 ) ) ;
#9176 = DIRECTION ( 'NONE',  ( -1.000000000000000000, 0.000000000000000000, -0.000000000000000000 ) ) ;
#9175 = UNCERTAINTY_MEASURE_WITH_UNIT (LENGTH_MEASURE( 1.000000000000000082E-05 ), #7760, 'distance_accuracy_value', 'NONE');
#9177 = LINE ( 'NONE', #5782, #11084 ) ;
#9178 = VERTEX_POINT ( 'NONE', #4356 ) ;
#9179 = LINE ( 'NONE', #6601, #256 ) ;
#9180 = CARTESIAN_POINT ( 'NONE',  ( -1.749999999999999334, 0.2000000000000000111, 2.225000000000001421 ) ) ;
#9181 = VERTEX_POINT ( 'NONE', #3611 ) ;
#9182 = EDGE_CURVE ( 'NONE', #2615, #2450, #3557, .T. ) ;
#9183 = PLANE ( 'NONE',  #387 ) ;
#9184 = LINE ( 'NONE', #4958, #2637 ) ;
#9185 = LINE ( 'NONE', #3783, #3108 ) ;
#9186 = ORIENTED_EDGE ( 'NONE', *, *, #9150, .F. ) ;
#9187 = ADVANCED_FACE ( 'NONE', ( #7040 ), #8860, .T. ) ;
#9188 = DIRECTION ( 'NONE',  ( 0.000000000000000000, -1.000000000000000000, 0.000000000000000000 ) ) ;
#9189 = ORIENTED_EDGE ( 'NONE', *, *, #253, .T. ) ;
#9190 = LINE ( 'NONE', #6731, #5470 ) ;
#9191 = EDGE_LOOP ( 'NONE', ( #3590, #8524, #10827, #1594 ) ) ;
#9192 = SURFACE_STYLE_USAGE ( .BOTH. , #6733 ) ;
#9193 = EDGE_CURVE ( 'NONE', #5416, #2554, #7963, .T. ) ;
#9194 = ORIENTED_EDGE ( 'NONE', *, *, #9328, .T. ) ;
#9195 = ADVANCED_FACE ( 'NONE', ( #1899 ), #4413, .T. ) ;
#9196 = VERTEX_POINT ( 'NONE', #8743 ) ;
#9197 = EDGE_CURVE ( 'NONE', #7257, #9662, #888, .T. ) ;
#9198 = DIRECTION ( 'NONE',  ( -0.000000000000000000, -1.000000000000000000, -0.000000000000000000 ) ) ;
#9199 = DIRECTION ( 'NONE',  ( -1.000000000000000000, 0.000000000000000000, 0.000000000000000000 ) ) ;
#9200 = EDGE_CURVE ( 'NONE', #2974, #3307, #1853, .T. ) ;
#9201 = CARTESIAN_POINT ( 'NONE',  ( 2.500000000000000444, 0.000000000000000000, 1.874999999999999778 ) ) ;
#9202 = LINE ( 'NONE', #10115, #7479 ) ;
#9203 = DIRECTION ( 'NONE',  ( 0.000000000000000000, 0.000000000000000000, -1.000000000000000000 ) ) ;
#9204 = ADVANCED_FACE ( 'NONE', ( #2502, #7735 ), #6980, .F. ) ;
#9205 = VERTEX_POINT ( 'NONE', #9649 ) ;
#9206 = EDGE_CURVE ( 'NONE', #8863, #3133, #6858, .T. ) ;
#9207 = EDGE_CURVE ( 'NONE', #6911, #6640, #7905, .T. ) ;
#9208 = DIRECTION ( 'NONE',  ( -0.000000000000000000, -1.000000000000000000, -0.000000000000000000 ) ) ;
#9209 = ORIENTED_EDGE ( 'NONE', *, *, #9810, .F. ) ;
#9210 = ORIENTED_EDGE ( 'NONE', *, *, #4218, .F. ) ;
#9211 = CARTESIAN_POINT ( 'NONE',  ( -1.124999999999999334, 0.04999999999999999584, -2.225000000000001421 ) ) ;
#9212 = DIRECTION ( 'NONE',  ( 1.000000000000000000, 0.000000000000000000, -7.885106708985523547E-16 ) ) ;
#9213 = CARTESIAN_POINT ( 'NONE',  ( -1.874999999999999334, 0.04999999999999999584, -2.500000000000000000 ) ) ;
#9214 = LINE ( 'NONE', #2290, #3635 ) ;
#9215 = ORIENTED_EDGE ( 'NONE', *, *, #10548, .F. ) ;
#9216 = CARTESIAN_POINT ( 'NONE',  ( -1.749999999999999334, 0.04999999999999999584, 2.225000000000001421 ) ) ;
#9217 = VECTOR ( 'NONE', #10673, 1000.000000000000000 ) ;
#9218 = ORIENTED_EDGE ( 'NONE', *, *, #6238, .F. ) ;
#9219 = ADVANCED_FACE ( 'NONE', ( #11267 ), #1721, .F. ) ;
#9220 = DIRECTION ( 'NONE',  ( 0.000000000000000000, -1.000000000000000000, 0.000000000000000000 ) ) ;
#9221 = CARTESIAN_POINT ( 'NONE',  ( 2.500000000000000444, 0.04999999999999969746, 2.500000000000000000 ) ) ;
#9222 = DIRECTION ( 'NONE',  ( -0.000000000000000000, -1.000000000000000000, -0.000000000000000000 ) ) ;
#9223 = ORIENTED_EDGE ( 'NONE', *, *, #6908, .T. ) ;
#9224 = DIRECTION ( 'NONE',  ( 0.000000000000000000, -1.000000000000000000, 0.000000000000000000 ) ) ;
#9225 = CARTESIAN_POINT ( 'NONE',  ( -1.649999999999998801, 0.2000000000000000111, -1.800000000000000044 ) ) ;
#9226 = LINE ( 'NONE', #4794, #4881 ) ;
#9227 = ORIENTED_EDGE ( 'NONE', *, *, #6322, .F. ) ;
#9228 = SURFACE_STYLE_USAGE ( .BOTH. , #5737 ) ;
#9229 = DIRECTION ( 'NONE',  ( -0.000000000000000000, -1.000000000000000000, -0.000000000000000000 ) ) ;
#9230 = EDGE_LOOP ( 'NONE', ( #2718, #2681, #3728, #8909 ) ) ;
#9231 = PRESENTATION_STYLE_ASSIGNMENT (( #681 ) ) ;
#9232 = DIRECTION ( 'NONE',  ( 0.000000000000000000, 0.000000000000000000, -1.000000000000000000 ) ) ;
#9233 = CARTESIAN_POINT ( 'NONE',  ( 2.224999999999975220, 0.2000000000000000111, -0.8749999999999998890 ) ) ;
#9234 = DIRECTION ( 'NONE',  ( 1.000000000000000000, 0.000000000000000000, 0.000000000000000000 ) ) ;
#9235 = PRESENTATION_STYLE_ASSIGNMENT (( #5742 ) ) ;
#9236 = VERTEX_POINT ( 'NONE', #1004 ) ;
#9237 = DIRECTION ( 'NONE',  ( 0.000000000000000000, -1.000000000000000000, 0.000000000000000000 ) ) ;
#9238 = DIRECTION ( 'NONE',  ( 0.000000000000000000, 0.000000000000000000, -1.000000000000000000 ) ) ;
#9239 = DIRECTION ( 'NONE',  ( -0.000000000000000000, -1.000000000000000000, -0.000000000000000000 ) ) ;
#9240 = ORIENTED_EDGE ( 'NONE', *, *, #1427, .T. ) ;
#9241 = DIRECTION ( 'NONE',  ( -0.000000000000000000, -1.000000000000000000, -0.000000000000000000 ) ) ;
#9242 = VERTEX_POINT ( 'NONE', #8804 ) ;
#9243 = SURFACE_STYLE_FILL_AREA ( #5750 ) ;
#9244 = VERTEX_POINT ( 'NONE', #2563 ) ;
#9245 = ORIENTED_EDGE ( 'NONE', *, *, #5025, .F. ) ;
#9246 = FACE_OUTER_BOUND ( 'NONE', #7682, .T. ) ;
#9247 = CARTESIAN_POINT ( 'NONE',  ( 2.500000000000000000, 0.000000000000000000, -0.1250000000000000555 ) ) ;
#9248 = CLOSED_SHELL ( 'NONE', ( #10845, #8159, #5994, #2271, #6739, #2840 ) ) ;
#9249 = FACE_OUTER_BOUND ( 'NONE', #885, .T. ) ;
#9250 = VECTOR ( 'NONE', #230, 1000.000000000000000 ) ;
#9251 = ADVANCED_FACE ( 'NONE', ( #6106 ), #6052, .T. ) ;
#9252 = VECTOR ( 'NONE', #7701, 1000.000000000000000 ) ;
#9253 = FACE_OUTER_BOUND ( 'NONE', #1376, .T. ) ;
#9254 = VERTEX_POINT ( 'NONE', #5204 ) ;
#9255 = CARTESIAN_POINT ( 'NONE',  ( -0.3749999999999996114, 0.2000000000000000111, 2.499999999999999556 ) ) ;
#9256 = VECTOR ( 'NONE', #6241, 1000.000000000000000 ) ;
#9257 = ORIENTED_EDGE ( 'NONE', *, *, #8797, .T. ) ;
#9258 = DIRECTION ( 'NONE',  ( 0.000000000000000000, 0.000000000000000000, 1.000000000000000000 ) ) ;
#9259 = LINE ( 'NONE', #1447, #1648 ) ;
#9260 = CARTESIAN_POINT ( 'NONE',  ( 1.649999999999998801, 0.2000000000000000111, 1.799999999999999822 ) ) ;
#9261 = ORIENTED_EDGE ( 'NONE', *, *, #2400, .T. ) ;
#9262 = DIRECTION ( 'NONE',  ( -0.000000000000000000, 0.000000000000000000, -1.000000000000000000 ) ) ;
#9263 = EDGE_CURVE ( 'NONE', #9654, #2450, #5255, .T. ) ;
#9264 = ADVANCED_FACE ( 'NONE', ( #2749 ), #4589, .T. ) ;
#9265 = MECHANICAL_DESIGN_GEOMETRIC_PRESENTATION_REPRESENTATION (  '', ( #8551 ), #4186 ) ;
#9266 = AXIS2_PLACEMENT_3D ( 'NONE', #8, #10558, #991 ) ;
#9267 = FACE_OUTER_BOUND ( 'NONE', #4288, .T. ) ;
#9268 = DIRECTION ( 'NONE',  ( 0.000000000000000000, 0.000000000000000000, -1.000000000000000000 ) ) ;
#9269 = FACE_OUTER_BOUND ( 'NONE', #4352, .T. ) ;
#9270 = ORIENTED_EDGE ( 'NONE', *, *, #1279, .F. ) ;
#9271 = DIRECTION ( 'NONE',  ( -9.856383386231904433E-17, 0.000000000000000000, -1.000000000000000000 ) ) ;
#9272 = PLANE ( 'NONE',  #8021 ) ;
#9273 = DIRECTION ( 'NONE',  ( -1.000000000000000000, 0.000000000000000000, 9.856383386231904433E-17 ) ) ;
#9274 = VERTEX_POINT ( 'NONE', #7161 ) ;
#9275 = CARTESIAN_POINT ( 'NONE',  ( -2.224999999999974776, 0.000000000000000000, 0.7500000000000000000 ) ) ;
#9276 = LINE ( 'NONE', #4100, #7464 ) ;
#9277 = VERTEX_POINT ( 'NONE', #4648 ) ;
#9278 = CARTESIAN_POINT ( 'NONE',  ( -2.224999999999980105, 0.2000000000000000111, 0.3749999999999998890 ) ) ;
#9279 = CIRCLE ( 'NONE', #8210, 0.1250000000000001110 ) ;
#9280 = EDGE_CURVE ( 'NONE', #10325, #7313, #2947, .T. ) ;
#9281 = ADVANCED_FACE ( 'NONE', ( #8971 ), #7217, .T. ) ;
#9282 = CIRCLE ( 'NONE', #377, 0.2000000000000003164 ) ;
#9283 = DIRECTION ( 'NONE',  ( 0.000000000000000000, 0.000000000000000000, -1.000000000000000000 ) ) ;
#9284 = PLANE ( 'NONE',  #11216 ) ;
#9285 = VECTOR ( 'NONE', #1950, 1000.000000000000000 ) ;
#9286 = VERTEX_POINT ( 'NONE', #411 ) ;
#9287 = PLANE ( 'NONE',  #247 ) ;
#9288 = CARTESIAN_POINT ( 'NONE',  ( 2.500000000000000000, 0.000000000000000000, 0.3749999999999999445 ) ) ;
#9289 = ORIENTED_EDGE ( 'NONE', *, *, #5201, .F. ) ;
#9290 = CARTESIAN_POINT ( 'NONE',  ( -2.224999999999995648, 0.2000000000000000111, -1.250000000000000000 ) ) ;
#9291 = FACE_OUTER_BOUND ( 'NONE', #5022, .T. ) ;
#9292 = EDGE_LOOP ( 'NONE', ( #4800, #2610, #79, #10732 ) ) ;
#9293 = SURFACE_STYLE_FILL_AREA ( #11068 ) ;
#9294 = EDGE_LOOP ( 'NONE', ( #1462, #4401, #8604, #5339 ) ) ;
#9295 = ORIENTED_EDGE ( 'NONE', *, *, #1905, .F. ) ;
#9296 = VECTOR ( 'NONE', #5537, 1000.000000000000000 ) ;
#9297 = VECTOR ( 'NONE', #10408, 1000.000000000000000 ) ;
#9298 = CARTESIAN_POINT ( 'NONE',  ( -2.499999999999994227, 0.2000000000000000111, -1.375000000000000000 ) ) ;
#9299 = AXIS2_PLACEMENT_3D ( 'NONE', #1311, #632, #10895 ) ;
#9300 = LINE ( 'NONE', #4471, #1297 ) ;
#9301 = ORIENTED_EDGE ( 'NONE', *, *, #7798, .T. ) ;
#9302 = CARTESIAN_POINT ( 'NONE',  ( 2.500000000000000000, 0.2000000000000000111, 1.125000000000000000 ) ) ;
#9303 = DIRECTION ( 'NONE',  ( -0.000000000000000000, -1.000000000000000000, -0.000000000000000000 ) ) ;
#9304 = STYLED_ITEM ( 'NONE', ( #9535 ), #3398 ) ;
#9305 = EDGE_LOOP ( 'NONE', ( #3316, #2196, #10531, #7860 ) ) ;
#9306 = CARTESIAN_POINT ( 'NONE',  ( 1.625000000000000000, 0.2000000000000000111, -2.500000000000000000 ) ) ;
#9307 = VECTOR ( 'NONE', #10833, 1000.000000000000000 ) ;
#9308 = DIRECTION ( 'NONE',  ( 0.000000000000000000, -0.000000000000000000, -1.000000000000000000 ) ) ;
#9309 = DIRECTION ( 'NONE',  ( 1.000000000000000000, -0.000000000000000000, 0.000000000000000000 ) ) ;
#9310 = ORIENTED_EDGE ( 'NONE', *, *, #5867, .F. ) ;
#9311 = LINE ( 'NONE', #8418, #9841 ) ;
#9312 = AXIS2_PLACEMENT_3D ( 'NONE', #10974, #7612, #708 ) ;
#9313 = EDGE_LOOP ( 'NONE', ( #6291, #829, #345, #6929 ) ) ;
#9314 = EDGE_CURVE ( 'NONE', #5246, #272, #2376, .T. ) ;
#9315 =( NAMED_UNIT ( * ) PLANE_ANGLE_UNIT ( ) SI_UNIT ( $, .RADIAN. ) );
#9316 = LINE ( 'NONE', #1558, #10458 ) ;
#9317 = CARTESIAN_POINT ( 'NONE',  ( 2.224999999999985878, 0.2000000000000000111, 0.2500000000000001110 ) ) ;
#9318 = LINE ( 'NONE', #1506, #2324 ) ;
#9319 = STYLED_ITEM ( 'NONE', ( #2085 ), #3742 ) ;
#9320 = VERTEX_POINT ( 'NONE', #3674 ) ;
#9321 = CARTESIAN_POINT ( 'NONE',  ( 0.8750000000000002220, 0.000000000000000000, -2.500000000000000000 ) ) ;
#9322 = EDGE_CURVE ( 'NONE', #1779, #10985, #2970, .T. ) ;
#9323 = AXIS2_PLACEMENT_3D ( 'NONE', #3059, #5905, #626 ) ;
#9324 = VECTOR ( 'NONE', #7081, 1000.000000000000000 ) ;
#9325 = VECTOR ( 'NONE', #904, 1000.000000000000000 ) ;
#9326 = LINE ( 'NONE', #1565, #9132 ) ;
#9327 = ORIENTED_EDGE ( 'NONE', *, *, #3152, .F. ) ;
#9328 = EDGE_CURVE ( 'NONE', #91, #2362, #357, .T. ) ;
#9329 = CARTESIAN_POINT ( 'NONE',  ( 2.225000000000001865, 0.2000000000000000111, 1.874999999999999778 ) ) ;
#9330 = DIRECTION ( 'NONE',  ( 0.000000000000000000, 0.000000000000000000, -1.000000000000000000 ) ) ;
#9331 = VERTEX_POINT ( 'NONE', #3838 ) ;
#9332 = AXIS2_PLACEMENT_3D ( 'NONE', #10250, #9435, #8538 ) ;
#9333 = FILL_AREA_STYLE ('',( #2254 ) ) ;
#9334 = ORIENTED_EDGE ( 'NONE', *, *, #4238, .T. ) ;
#9335 = VERTEX_POINT ( 'NONE', #5539 ) ;
#9336 = LINE ( 'NONE', #6542, #9104 ) ;
#9337 = VECTOR ( 'NONE', #3800, 1000.000000000000000 ) ;
#9338 = VECTOR ( 'NONE', #6930, 1000.000000000000000 ) ;
#9339 = VECTOR ( 'NONE', #7796, 1000.000000000000000 ) ;
#9340 = CARTESIAN_POINT ( 'NONE',  ( -2.224999999999969447, 0.2000000000000000111, 1.250000000000000000 ) ) ;
#9341 = CARTESIAN_POINT ( 'NONE',  ( -1.124999999999999334, 0.2000000000000000111, -2.500000000000000000 ) ) ;
#9342 = LINE ( 'NONE', #8550, #8779 ) ;
#9343 = EDGE_CURVE ( 'NONE', #9654, #10303, #10795, .T. ) ;
#9344 = ORIENTED_EDGE ( 'NONE', *, *, #10766, .F. ) ;
#9345 = ADVANCED_FACE ( 'NONE', ( #8080 ), #9818, .F. ) ;
#9346 = CARTESIAN_POINT ( 'NONE',  ( 2.500000000000000000, 0.2000000000000000111, 0.8749999999999996669 ) ) ;
#9347 = DIRECTION ( 'NONE',  ( 0.000000000000000000, 0.000000000000000000, -1.000000000000000000 ) ) ;
#9348 = DIRECTION ( 'NONE',  ( -0.000000000000000000, -0.000000000000000000, 1.000000000000000000 ) ) ;
#9349 = LINE ( 'NONE', #10959, #157 ) ;
#9350 = EDGE_CURVE ( 'NONE', #3188, #2953, #3736, .T. ) ;
#9351 = ORIENTED_EDGE ( 'NONE', *, *, #631, .F. ) ;
#9352 = CARTESIAN_POINT ( 'NONE',  ( 2.500000000000000444, 0.2000000000000000111, 1.874999999999999778 ) ) ;
#9353 = PLANE ( 'NONE',  #7117 ) ;
#9354 = ORIENTED_EDGE ( 'NONE', *, *, #1961, .F. ) ;
#9355 = ORIENTED_EDGE ( 'NONE', *, *, #3389, .T. ) ;
#9356 = ORIENTED_EDGE ( 'NONE', *, *, #509, .F. ) ;
#9357 = COLOUR_RGB ( '',0.7921568627450980005, 0.8196078431372548767, 0.9333333333333333481 ) ;
#9358 = LINE ( 'NONE', #1545, #940 ) ;
#9359 = LINE ( 'NONE', #11074, #2931 ) ;
#9360 = ORIENTED_EDGE ( 'NONE', *, *, #4492, .F. ) ;
#9361 = PLANE ( 'NONE',  #2767 ) ;
#9362 = DIRECTION ( 'NONE',  ( 1.000000000000000000, 0.000000000000000000, 0.000000000000000000 ) ) ;
#9363 = ADVANCED_FACE ( 'NONE', ( #1214 ), #5482, .T. ) ;
#9364 = VERTEX_POINT ( 'NONE', #2150 ) ;
#9365 = CARTESIAN_POINT ( 'NONE',  ( 2.224999999999996092, 0.2000000000000000111, 1.125000000000000222 ) ) ;
#9366 = CARTESIAN_POINT ( 'NONE',  ( -1.649999999999999911, 0.04999999999999999584, -1.649999999999999911 ) ) ;
#9367 = CARTESIAN_POINT ( 'NONE',  ( 2.225000000000001421, 0.2000000000000000111, 1.749999999999999778 ) ) ;
#9368 = ORIENTED_EDGE ( 'NONE', *, *, #702, .T. ) ;
#9369 = ADVANCED_FACE ( 'NONE', ( #7377 ), #6494, .F. ) ;
#9370 = ORIENTED_EDGE ( 'NONE', *, *, #11091, .F. ) ;
#9371 = DIRECTION ( 'NONE',  ( -0.000000000000000000, -1.000000000000000000, -0.000000000000000000 ) ) ;
#9372 = LINE ( 'NONE', #5042, #3094 ) ;
#9373 = CARTESIAN_POINT ( 'NONE',  ( -0.7499999999999995559, 0.2000000000000000111, 2.224999999999990319 ) ) ;
#9374 = ORIENTED_EDGE ( 'NONE', *, *, #2706, .F. ) ;
#9375 = PLANE ( 'NONE',  #3321 ) ;
#9376 = VECTOR ( 'NONE', #4107, 1000.000000000000000 ) ;
#9377 = CARTESIAN_POINT ( 'NONE',  ( 2.500000000000000000, 0.2000000000000000111, -0.8749999999999998890 ) ) ;
#9378 = ADVANCED_FACE ( 'NONE', ( #1057 ), #6443, .F. ) ;
#9379 =( LENGTH_UNIT ( ) NAMED_UNIT ( * ) SI_UNIT ( .MILLI., .METRE. ) );
#9380 = EDGE_LOOP ( 'NONE', ( #1524, #6985, #5309, #625, #10501 ) ) ;
#9381 = CARTESIAN_POINT ( 'NONE',  ( -1.874999999999999112, 0.2000000000000000111, -2.225000000000001421 ) ) ;
#9382 = CARTESIAN_POINT ( 'NONE',  ( -2.224999999999985434, 0.2000000000000000111, -0.2500000000000000000 ) ) ;
#9383 = DIRECTION ( 'NONE',  ( 0.000000000000000000, -0.000000000000000000, -1.000000000000000000 ) ) ;
#9384 = ORIENTED_EDGE ( 'NONE', *, *, #7692, .F. ) ;
#9385 =( NAMED_UNIT ( * ) SI_UNIT ( $, .STERADIAN. ) SOLID_ANGLE_UNIT ( ) );
#9386 = EDGE_LOOP ( 'NONE', ( #4662, #4058, #10296, #6126 ) ) ;
#9387 = ORIENTED_EDGE ( 'NONE', *, *, #6692, .T. ) ;
#9388 = DIRECTION ( 'NONE',  ( 0.000000000000000000, 1.000000000000000000, -0.000000000000000000 ) ) ;
#9389 = EDGE_CURVE ( 'NONE', #8576, #10325, #4528, .T. ) ;
#9390 = CARTESIAN_POINT ( 'NONE',  ( -2.224999999999985434, 0.2000000000000000111, -0.3749999999999998890 ) ) ;
#9391 = PLANE ( 'NONE',  #3574 ) ;
#9392 = EDGE_LOOP ( 'NONE', ( #9128, #8789, #866, #1804 ) ) ;
#9393 = DIRECTION ( 'NONE',  ( -1.000000000000000000, 0.000000000000000000, 0.000000000000000000 ) ) ;
#9394 = DIRECTION ( 'NONE',  ( 0.000000000000000000, -1.000000000000000000, 0.000000000000000000 ) ) ;
#9395 = LINE ( 'NONE', #691, #7275 ) ;
#9396 = CARTESIAN_POINT ( 'NONE',  ( -2.499999999999963141, 0.2000000000000000111, 1.625000000000000222 ) ) ;
#9397 = VERTEX_POINT ( 'NONE', #5584 ) ;
#9398 = DIRECTION ( 'NONE',  ( -0.000000000000000000, 0.000000000000000000, 1.000000000000000000 ) ) ;
#9399 = DIRECTION ( 'NONE',  ( 0.000000000000000000, -1.000000000000000000, 0.000000000000000000 ) ) ;
#9400 = ORIENTED_EDGE ( 'NONE', *, *, #3556, .T. ) ;
#9401 = CARTESIAN_POINT ( 'NONE',  ( 2.500000000000000000, 0.2000000000000000111, -1.624999999999999556 ) ) ;
#9402 = ORIENTED_EDGE ( 'NONE', *, *, #252, .F. ) ;
#9403 = ORIENTED_EDGE ( 'NONE', *, *, #1832, .F. ) ;
#9404 = EDGE_CURVE ( 'NONE', #5887, #493, #1998, .T. ) ;
#9405 = EDGE_CURVE ( 'NONE', #2405, #50, #5640, .T. ) ;
#9406 = EDGE_CURVE ( 'NONE', #1221, #1779, #4963, .T. ) ;
#9407 = APPLICATION_PROTOCOL_DEFINITION ( 'draft international standard', 'automotive_design', 1998, #1892 ) ;
#9408 = DIRECTION ( 'NONE',  ( 1.000000000000000000, 0.000000000000000000, -0.000000000000000000 ) ) ;
#9409 = ORIENTED_EDGE ( 'NONE', *, *, #3424, .F. ) ;
#9410 = CARTESIAN_POINT ( 'NONE',  ( 2.500000000000000000, 0.2000000000000000111, 0.6249999999999998890 ) ) ;
#9411 = LINE ( 'NONE', #8574, #11272 ) ;
#9412 = ORIENTED_EDGE ( 'NONE', *, *, #8185, .T. ) ;
#9413 = VECTOR ( 'NONE', #834, 1000.000000000000000 ) ;
#9414 = ORIENTED_EDGE ( 'NONE', *, *, #2284, .F. ) ;
#9415 = DIRECTION ( 'NONE',  ( 0.000000000000000000, -1.000000000000000000, 0.000000000000000000 ) ) ;
#9416 = ORIENTED_EDGE ( 'NONE', *, *, #4532, .T. ) ;
#9417 = EDGE_CURVE ( 'NONE', #2305, #620, #1531, .T. ) ;
#9418 = EDGE_CURVE ( 'NONE', #7102, #6861, #10099, .T. ) ;
#9419 = PLANE ( 'NONE',  #10931 ) ;
#9420 = AXIS2_PLACEMENT_3D ( 'NONE', #6131, #9686, #6255 ) ;
#9421 = CARTESIAN_POINT ( 'NONE',  ( 2.225000000000001421, 0.2000000000000000111, 1.749999999999999778 ) ) ;
#9422 = ORIENTED_EDGE ( 'NONE', *, *, #5961, .T. ) ;
#9423 = DIRECTION ( 'NONE',  ( -1.000000000000000000, 0.000000000000000000, 0.000000000000000000 ) ) ;
#9424 = CYLINDRICAL_SURFACE ( 'NONE', #10737, 0.1249999999999998890 ) ;
#9425 = VERTEX_POINT ( 'NONE', #10898 ) ;
#9426 = AXIS2_PLACEMENT_3D ( 'NONE', #4166, #3185, #8394 ) ;
#9427 = DIRECTION ( 'NONE',  ( 0.000000000000000000, -0.000000000000000000, -1.000000000000000000 ) ) ;
#9428 = CLOSED_SHELL ( 'NONE', ( #8293, #3699, #7153, #11010, #1907, #4488 ) ) ;
#9429 = EDGE_CURVE ( 'NONE', #6036, #7877, #10803, .T. ) ;
#9430 = VECTOR ( 'NONE', #6520, 1000.000000000000000 ) ;
#9431 = CARTESIAN_POINT ( 'NONE',  ( -2.499999999999973799, 0.2000000000000000111, 0.8749999999999998890 ) ) ;
#9432 = AXIS2_PLACEMENT_3D ( 'NONE', #2845, #3718, #1935 ) ;
#9433 = DIRECTION ( 'NONE',  ( 0.000000000000000000, -1.000000000000000000, 0.000000000000000000 ) ) ;
#9434 = ORIENTED_EDGE ( 'NONE', *, *, #5232, .F. ) ;
#9435 = DIRECTION ( 'NONE',  ( 0.000000000000000000, -1.000000000000000000, 0.000000000000000000 ) ) ;
#9436 = CARTESIAN_POINT ( 'NONE',  ( -2.224999999999969447, 0.2000000000000000111, 1.250000000000000000 ) ) ;
#9437 = CARTESIAN_POINT ( 'NONE',  ( 2.224999999999985878, 0.04999999999999999584, 0.2500000000000001110 ) ) ;
#9438 = ORIENTED_EDGE ( 'NONE', *, *, #7223, .T. ) ;
#9439 = PLANE ( 'NONE',  #5275 ) ;
#9440 = ORIENTED_EDGE ( 'NONE', *, *, #11103, .F. ) ;
#9441 = ORIENTED_EDGE ( 'NONE', *, *, #5491, .F. ) ;
#9442 = CARTESIAN_POINT ( 'NONE',  ( 1.750000000000000000, 0.2000000000000000111, -2.225000000000001421 ) ) ;
#9443 = VERTEX_POINT ( 'NONE', #10043 ) ;
#9444 = AXIS2_PLACEMENT_3D ( 'NONE', #6176, #8291, #276 ) ;
#9445 = AXIS2_PLACEMENT_3D ( 'NONE', #8561, #4403, #879 ) ;
#9446 = EDGE_CURVE ( 'NONE', #10779, #2667, #8453, .T. ) ;
#9447 = LINE ( 'NONE', #6954, #1133 ) ;
#9448 = PLANE ( 'NONE',  #5276 ) ;
#9449 = DIRECTION ( 'NONE',  ( 0.000000000000000000, 1.000000000000000000, -0.000000000000000000 ) ) ;
#9450 = CARTESIAN_POINT ( 'NONE',  ( -1.749999999999999112, 0.2000000000000000111, -2.224999999999965006 ) ) ;
#9451 = COLOUR_RGB ( '',0.7921568627450980005, 0.8196078431372548767, 0.9333333333333333481 ) ;
#9452 = ORIENTED_EDGE ( 'NONE', *, *, #20, .F. ) ;
#9453 = CARTESIAN_POINT ( 'NONE',  ( 2.225000000000001421, 0.2000000000000000111, 1.749999999999999778 ) ) ;
#9454 = CARTESIAN_POINT ( 'NONE',  ( 0.6250000000000005551, 0.04999999999999969746, 2.500000000000000000 ) ) ;
#9455 = DIRECTION ( 'NONE',  ( 0.000000000000000000, 0.000000000000000000, -1.000000000000000000 ) ) ;
#9456 = LINE ( 'NONE', #3416, #3618 ) ;
#9457 = AXIS2_PLACEMENT_3D ( 'NONE', #1757, #2479, #3352 ) ;
#9458 = VERTEX_POINT ( 'NONE', #4901 ) ;
#9459 = DIRECTION ( 'NONE',  ( 0.000000000000000000, 0.000000000000000000, -1.000000000000000000 ) ) ;
#9460 = EDGE_LOOP ( 'NONE', ( #7368, #7667, #5697, #5578 ) ) ;
#9461 = ORIENTED_EDGE ( 'NONE', *, *, #3927, .F. ) ;
#9462 = EDGE_CURVE ( 'NONE', #1949, #5005, #10206, .T. ) ;
#9463 = VERTEX_POINT ( 'NONE', #5857 ) ;
#9464 = ORIENTED_EDGE ( 'NONE', *, *, #110, .F. ) ;
#9465 = ORIENTED_EDGE ( 'NONE', *, *, #3549, .F. ) ;
#9466 = EDGE_CURVE ( 'NONE', #9443, #3482, #10957, .T. ) ;
#9467 = VECTOR ( 'NONE', #3095, 1000.000000000000000 ) ;
#9468 = VECTOR ( 'NONE', #9330, 1000.000000000000000 ) ;
#9469 = SURFACE_STYLE_USAGE ( .BOTH. , #6049 ) ;
#9470 = ORIENTED_EDGE ( 'NONE', *, *, #4835, .T. ) ;
#9471 = DIRECTION ( 'NONE',  ( 0.000000000000000000, 1.000000000000000000, -0.000000000000000000 ) ) ;
#9472 = AXIS2_PLACEMENT_3D ( 'NONE', #6338, #7384, #3846 ) ;
#9473 = ORIENTED_EDGE ( 'NONE', *, *, #6521, .T. ) ;
#9474 = EDGE_CURVE ( 'NONE', #11241, #5300, #3872, .T. ) ;
#9475 = ADVANCED_FACE ( 'NONE', ( #6790 ), #4852, .F. ) ;
#9476 = AXIS2_PLACEMENT_3D ( 'NONE', #4821, #2233, #8301 ) ;
#9477 = ORIENTED_EDGE ( 'NONE', *, *, #7623, .F. ) ;
#9478 = VECTOR ( 'NONE', #8236, 1000.000000000000000 ) ;
#9479 = CARTESIAN_POINT ( 'NONE',  ( -2.224999999999974776, 0.000000000000000000, 0.7500000000000000000 ) ) ;
#9480 = VECTOR ( 'NONE', #3125, 1000.000000000000000 ) ;
#9481 = STYLED_ITEM ( 'NONE', ( #131 ), #3457 ) ;
#9482 = CARTESIAN_POINT ( 'NONE',  ( -2.224999999999985434, 0.2000000000000000111, -0.3749999999999998890 ) ) ;
#9483 = LINE ( 'NONE', #6993, #6010 ) ;
#9484 = ORIENTED_EDGE ( 'NONE', *, *, #34, .F. ) ;
#9485 = FACE_OUTER_BOUND ( 'NONE', #320, .T. ) ;
#9486 = ORIENTED_EDGE ( 'NONE', *, *, #8310, .F. ) ;
#9487 = EDGE_CURVE ( 'NONE', #9236, #119, #3295, .T. ) ;
#9488 = FILL_AREA_STYLE ('',( #3569 ) ) ;
#9489 = PLANE ( 'NONE',  #10080 ) ;
#9490 = ADVANCED_FACE ( 'NONE', ( #10264 ), #9287, .F. ) ;
#9491 = CARTESIAN_POINT ( 'NONE',  ( -1.249999999999999112, 0.2000000000000000111, -2.224999999999969891 ) ) ;
#9492 = EDGE_CURVE ( 'NONE', #2163, #5054, #8285, .T. ) ;
#9493 = VECTOR ( 'NONE', #2130, 1000.000000000000000 ) ;
#9494 = EDGE_LOOP ( 'NONE', ( #9416, #11249, #10110, #2600 ) ) ;
#9495 = PLANE ( 'NONE',  #600 ) ;
#9496 = VECTOR ( 'NONE', #2626, 1000.000000000000000 ) ;
#9497 = AXIS2_PLACEMENT_3D ( 'NONE', #8061, #1759, #5237 ) ;
#9498 = CARTESIAN_POINT ( 'NONE',  ( -0.1249999999999998196, 0.2000000000000000111, 2.499999999999999556 ) ) ;
#9499 = VERTEX_POINT ( 'NONE', #6615 ) ;
#9500 = DIRECTION ( 'NONE',  ( -0.000000000000000000, -1.000000000000000000, -0.000000000000000000 ) ) ;
#9501 = PLANE ( 'NONE',  #2785 ) ;
#9503 = CARTESIAN_POINT ( 'NONE',  ( 2.500000000000000444, 0.000000000000000000, 1.874999999999999778 ) ) ;
#9502 = UNCERTAINTY_MEASURE_WITH_UNIT (LENGTH_MEASURE( 1.000000000000000082E-05 ), #5803, 'distance_accuracy_value', 'NONE');
#9504 = CARTESIAN_POINT ( 'NONE',  ( -2.224999999999980105, 0.2000000000000000111, 0.3749999999999998890 ) ) ;
#9505 = EDGE_CURVE ( 'NONE', #1658, #5084, #2371, .T. ) ;
#9506 = CARTESIAN_POINT ( 'NONE',  ( -1.749999999999999334, 0.04999999999999999584, 2.225000000000001421 ) ) ;
#9507 = EDGE_LOOP ( 'NONE', ( #446, #2214, #10016, #1550 ) ) ;
#9508 = ORIENTED_EDGE ( 'NONE', *, *, #7503, .F. ) ;
#9509 = CARTESIAN_POINT ( 'NONE',  ( -2.224999999999990319, 0.000000000000000000, -0.8749999999999998890 ) ) ;
#9510 = EDGE_LOOP ( 'NONE', ( #3953, #6684, #1035, #1259 ) ) ;
#9511 = AXIS2_PLACEMENT_3D ( 'NONE', #5301, #9518, #4224 ) ;
#9512 = AXIS2_PLACEMENT_3D ( 'NONE', #2411, #4093, #10295 ) ;
#9513 = FACE_OUTER_BOUND ( 'NONE', #1933, .T. ) ;
#9514 = AXIS2_PLACEMENT_3D ( 'NONE', #9041, #10822, #2938 ) ;
#9515 = CARTESIAN_POINT ( 'NONE',  ( -1.624999999999999334, 0.2000000000000000111, 2.500000000000000000 ) ) ;
#9516 = DIRECTION ( 'NONE',  ( 0.000000000000000000, -1.000000000000000000, 0.000000000000000000 ) ) ;
#9517 = ORIENTED_EDGE ( 'NONE', *, *, #11203, .F. ) ;
#9518 = DIRECTION ( 'NONE',  ( 0.000000000000000000, 1.000000000000000000, -0.000000000000000000 ) ) ;
#9519 = DIRECTION ( 'NONE',  ( -0.000000000000000000, 1.000000000000000000, -0.000000000000000000 ) ) ;
#9520 = FACE_OUTER_BOUND ( 'NONE', #1488, .T. ) ;
#9521 = CARTESIAN_POINT ( 'NONE',  ( 1.749999999999999778, 0.2000000000000000111, 2.099999999999963674 ) ) ;
#9522 = AXIS2_PLACEMENT_3D ( 'NONE', #8155, #2079, #2782 ) ;
#9523 = VERTEX_POINT ( 'NONE', #637 ) ;
#9524 = DIRECTION ( 'NONE',  ( -0.000000000000000000, -0.000000000000000000, -1.000000000000000000 ) ) ;
#9525 = DIRECTION ( 'NONE',  ( 0.000000000000000000, -0.000000000000000000, -1.000000000000000000 ) ) ;
#9526 = ORIENTED_EDGE ( 'NONE', *, *, #4193, .T. ) ;
#9527 = LINE ( 'NONE', #6041, #3082 ) ;
#9528 = ORIENTED_EDGE ( 'NONE', *, *, #4939, .T. ) ;
#9529 = ORIENTED_EDGE ( 'NONE', *, *, #7107, .F. ) ;
#9530 = VERTEX_POINT ( 'NONE', #7428 ) ;
#9531 = VECTOR ( 'NONE', #6641, 1000.000000000000000 ) ;
#9532 = AXIS2_PLACEMENT_3D ( 'NONE', #1129, #6345, #323 ) ;
#9533 = CIRCLE ( 'NONE', #4259, 0.1249999999999998890 ) ;
#9534 = EDGE_CURVE ( 'NONE', #75, #10363, #578, .T. ) ;
#9535 = PRESENTATION_STYLE_ASSIGNMENT (( #9469 ) ) ;
#9536 = ORIENTED_EDGE ( 'NONE', *, *, #7608, .T. ) ;
#9537 = CARTESIAN_POINT ( 'NONE',  ( -0.2499999999999997224, 0.2000000000000000111, 2.224999999999985434 ) ) ;
#9538 = CARTESIAN_POINT ( 'NONE',  ( -1.124999999999999334, 0.2000000000000000111, -2.500000000000000000 ) ) ;
#9539 = EDGE_CURVE ( 'NONE', #1694, #4644, #4110, .T. ) ;
#9540 = LINE ( 'NONE', #486, #2918 ) ;
#9541 = ADVANCED_FACE ( 'NONE', ( #7548 ), #11015, .F. ) ;
#9542 = PRESENTATION_LAYER_ASSIGNMENT (  '', '', ( #4451 ) ) ;
#9543 = ORIENTED_EDGE ( 'NONE', *, *, #9817, .F. ) ;
#9544 = ORIENTED_EDGE ( 'NONE', *, *, #6154, .F. ) ;
#9545 = DIRECTION ( 'NONE',  ( 1.000000000000000000, -0.000000000000000000, 3.154042683594199163E-15 ) ) ;
#9546 = EDGE_CURVE ( 'NONE', #11236, #9244, #7901, .T. ) ;
#9547 = DIRECTION ( 'NONE',  ( 0.000000000000000000, -1.000000000000000000, 0.000000000000000000 ) ) ;
#9548 = CARTESIAN_POINT ( 'NONE',  ( 2.224999999999996092, 0.2000000000000000111, 1.250000000000000000 ) ) ;
#9549 = EDGE_LOOP ( 'NONE', ( #4064, #4484, #3204, #2573 ) ) ;
#9550 = FACE_OUTER_BOUND ( 'NONE', #2137, .T. ) ;
#9551 = ADVANCED_FACE ( 'NONE', ( #5967 ), #6841, .T. ) ;
#9552 = ORIENTED_EDGE ( 'NONE', *, *, #5818, .F. ) ;
#9553 = SURFACE_SIDE_STYLE ('',( #5100 ) ) ;
#9554 = DIRECTION ( 'NONE',  ( 0.000000000000000000, 1.000000000000000000, 0.000000000000000000 ) ) ;
#9555 = CARTESIAN_POINT ( 'NONE',  ( -0.2499999999999997224, 0.000000000000000000, 2.224999999999985434 ) ) ;
#9556 = ORIENTED_EDGE ( 'NONE', *, *, #7927, .F. ) ;
#9557 = CARTESIAN_POINT ( 'NONE',  ( -0.8749999999999994449, 0.000000000000000000, 2.499999999999999556 ) ) ;
#9558 = EDGE_CURVE ( 'NONE', #6675, #8168, #2484, .T. ) ;
#9559 = EDGE_CURVE ( 'NONE', #5909, #11201, #6091, .T. ) ;
#9560 = EDGE_CURVE ( 'NONE', #5300, #10600, #7946, .T. ) ;
#9561 = DIRECTION ( 'NONE',  ( 0.000000000000000000, 0.000000000000000000, -1.000000000000000000 ) ) ;
#9562 = ORIENTED_EDGE ( 'NONE', *, *, #2466, .F. ) ;
#9563 = FILL_AREA_STYLE_COLOUR ( '', #2217 ) ;
#9564 = PLANE ( 'NONE',  #9332 ) ;
#9565 = DIRECTION ( 'NONE',  ( 0.000000000000000000, -0.000000000000000000, 1.000000000000000000 ) ) ;
#9566 = FACE_OUTER_BOUND ( 'NONE', #3663, .T. ) ;
#9567 = VERTEX_POINT ( 'NONE', #1651 ) ;
#9568 = CARTESIAN_POINT ( 'NONE',  ( -2.499999999999989342, 0.2000000000000000111, -0.8749999999999998890 ) ) ;
#9569 = ORIENTED_EDGE ( 'NONE', *, *, #7780, .F. ) ;
#9570 = ORIENTED_EDGE ( 'NONE', *, *, #5558, .F. ) ;
#9571 = LINE ( 'NONE', #8776, #2948 ) ;
#9572 = AXIS2_PLACEMENT_3D ( 'NONE', #9126, #3229, #8283 ) ;
#9573 = ORIENTED_EDGE ( 'NONE', *, *, #4105, .T. ) ;
#9574 = EDGE_CURVE ( 'NONE', #4045, #6313, #1814, .T. ) ;
#9575 = DIRECTION ( 'NONE',  ( 0.000000000000000000, 0.000000000000000000, -1.000000000000000000 ) ) ;
#9576 = DIRECTION ( 'NONE',  ( 0.000000000000000000, 1.000000000000000000, -0.000000000000000000 ) ) ;
#9577 = DIRECTION ( 'NONE',  ( -9.856383386231904433E-17, 0.000000000000000000, -1.000000000000000000 ) ) ;
#9578 = FACE_OUTER_BOUND ( 'NONE', #4137, .T. ) ;
#9579 = ORIENTED_EDGE ( 'NONE', *, *, #6073, .T. ) ;
#9580 = CARTESIAN_POINT ( 'NONE',  ( 2.500000000000000000, 0.04999999999999999584, 1.125000000000000000 ) ) ;
#9581 = LINE ( 'NONE', #9634, #2903 ) ;
#9582 = DIRECTION ( 'NONE',  ( -1.000000000000000000, 0.000000000000000000, 0.000000000000000000 ) ) ;
#9583 = CARTESIAN_POINT ( 'NONE',  ( -2.224999999999964562, 0.2000000000000000111, 1.625000000000000222 ) ) ;
#9584 = VERTEX_POINT ( 'NONE', #9633 ) ;
#9585 = DIRECTION ( 'NONE',  ( 1.000000000000000000, -0.000000000000000000, -9.856383386231903201E-17 ) ) ;
#9586 = DIRECTION ( 'NONE',  ( -1.000000000000000000, 0.000000000000000000, -0.000000000000000000 ) ) ;
#9587 = ORIENTED_EDGE ( 'NONE', *, *, #3500, .F. ) ;
#9588 = DIRECTION ( 'NONE',  ( 0.000000000000000000, 1.000000000000000000, -0.000000000000000000 ) ) ;
#9589 = ORIENTED_EDGE ( 'NONE', *, *, #1024, .F. ) ;
#9590 = ORIENTED_EDGE ( 'NONE', *, *, #9446, .F. ) ;
#9591 = AXIS2_PLACEMENT_3D ( 'NONE', #452, #9268, #3379 ) ;
#9592 = SURFACE_STYLE_USAGE ( .BOTH. , #1831 ) ;
#9593 = ORIENTED_EDGE ( 'NONE', *, *, #6690, .T. ) ;
#9594 = DIRECTION ( 'NONE',  ( 0.000000000000000000, -0.000000000000000000, -1.000000000000000000 ) ) ;
#9595 = CARTESIAN_POINT ( 'NONE',  ( 2.500000000000000000, 0.2000000000000000111, -0.6250000000000001110 ) ) ;
#9596 = PLANE ( 'NONE',  #5816 ) ;
#9597 = ORIENTED_EDGE ( 'NONE', *, *, #865, .T. ) ;
#9598 = DIRECTION ( 'NONE',  ( 0.000000000000000000, 1.000000000000000000, 0.000000000000000000 ) ) ;
#9599 = ORIENTED_EDGE ( 'NONE', *, *, #7913, .T. ) ;
#9600 = ORIENTED_EDGE ( 'NONE', *, *, #5558, .T. ) ;
#9601 = ADVANCED_FACE ( 'NONE', ( #10444 ), #6959, .T. ) ;
#9602 = CARTESIAN_POINT ( 'NONE',  ( -0.7499999999999995559, 0.2000000000000000111, 2.099999999999990763 ) ) ;
#9603 = CARTESIAN_POINT ( 'NONE',  ( -0.7499999999999995559, 0.2000000000000000111, 2.224999999999990319 ) ) ;
#9604 = ORIENTED_EDGE ( 'NONE', *, *, #9166, .F. ) ;
#9605 = CARTESIAN_POINT ( 'NONE',  ( -1.749999999999999112, 0.2000000000000000111, -2.224999999999965006 ) ) ;
#9606 = ORIENTED_EDGE ( 'NONE', *, *, #9786, .F. ) ;
#9607 = CARTESIAN_POINT ( 'NONE',  ( 1.649999999999998801, 0.2000000000000000111, -1.800000000000000044 ) ) ;
#9608 = DIRECTION ( 'NONE',  ( 0.000000000000000000, 0.000000000000000000, -1.000000000000000000 ) ) ;
#9609 = CARTESIAN_POINT ( 'NONE',  ( 1.625000000000000222, 0.04999999999999999584, -2.225000000000001421 ) ) ;
#9610 = ORIENTED_EDGE ( 'NONE', *, *, #5631, .F. ) ;
#9611 = DIRECTION ( 'NONE',  ( 1.000000000000000000, 0.000000000000000000, -0.000000000000000000 ) ) ;
#9612 = EDGE_CURVE ( 'NONE', #10380, #2428, #5917, .T. ) ;
#9613 = CARTESIAN_POINT ( 'NONE',  ( 2.500000000000000444, 0.04999999999999969746, 0.8749999999999996669 ) ) ;
#9614 = VECTOR ( 'NONE', #823, 1000.000000000000000 ) ;
#9615 = ORIENTED_EDGE ( 'NONE', *, *, #9625, .F. ) ;
#9616 = LINE ( 'NONE', #10538, #9153 ) ;
#9617 = DIRECTION ( 'NONE',  ( 0.000000000000000000, 1.000000000000000000, -0.000000000000000000 ) ) ;
#9618 = PLANE ( 'NONE',  #10018 ) ;
#9619 = DIRECTION ( 'NONE',  ( 0.000000000000000000, -1.000000000000000000, 0.000000000000000000 ) ) ;
#9620 = ORIENTED_EDGE ( 'NONE', *, *, #5284, .T. ) ;
#9621 = CLOSED_SHELL ( 'NONE', ( #4895, #10549, #222, #3400, #647, #10878 ) ) ;
#9622 = VERTEX_POINT ( 'NONE', #5131 ) ;
#9623 = ORIENTED_EDGE ( 'NONE', *, *, #7204, .T. ) ;
#9624 = DIRECTION ( 'NONE',  ( 0.000000000000000000, 0.000000000000000000, 1.000000000000000000 ) ) ;
#9625 = EDGE_CURVE ( 'NONE', #3249, #11177, #7708, .T. ) ;
#9626 = AXIS2_PLACEMENT_3D ( 'NONE', #7292, #3809, #2883 ) ;
#9627 = AXIS2_PLACEMENT_3D ( 'NONE', #8787, #5412, #8064 ) ;
#9628 = PLANE ( 'NONE',  #6013 ) ;
#9629 = DIRECTION ( 'NONE',  ( 0.000000000000000000, -1.000000000000000000, 0.000000000000000000 ) ) ;
#9630 = DIRECTION ( 'NONE',  ( -1.000000000000000000, 0.000000000000000000, 0.000000000000000000 ) ) ;
#9631 = SURFACE_SIDE_STYLE ('',( #4512 ) ) ;
#9632 = EDGE_LOOP ( 'NONE', ( #105, #8638, #3614, #5469 ) ) ;
#9633 = CARTESIAN_POINT ( 'NONE',  ( -1.800000000000000044, 0.2000000000000000111, -1.175000000000000044 ) ) ;
#9634 = CARTESIAN_POINT ( 'NONE',  ( 0.000000000000000000, 0.05000000000000000278, -1.800000000000000044 ) ) ;
#9635 = CARTESIAN_POINT ( 'NONE',  ( 1.624999999999999778, 0.04999999999999969746, 2.500000000000000000 ) ) ;
#9636 = CARTESIAN_POINT ( 'NONE',  ( 0.000000000000000000, 0.05000000000000000278, 0.1250000000000001110 ) ) ;
#9637 = EDGE_LOOP ( 'NONE', ( #2311, #2072, #3021, #1638 ) ) ;
#9638 = PLANE ( 'NONE',  #8998 ) ;
#9639 = AXIS2_PLACEMENT_3D ( 'NONE', #9555, #901, #4371 ) ;
#9640 = DIRECTION ( 'NONE',  ( 0.000000000000000000, 0.000000000000000000, 1.000000000000000000 ) ) ;
#9641 = ORIENTED_EDGE ( 'NONE', *, *, #10595, .F. ) ;
#9642 = EDGE_CURVE ( 'NONE', #9242, #84, #2611, .T. ) ;
#9643 = EDGE_CURVE ( 'NONE', #7030, #10048, #10557, .T. ) ;
#9644 = VERTEX_POINT ( 'NONE', #1584 ) ;
#9645 = AXIS2_PLACEMENT_3D ( 'NONE', #358, #4529, #312 ) ;
#9646 = AXIS2_PLACEMENT_3D ( 'NONE', #6211, #4462, #10728 ) ;
#9647 = CARTESIAN_POINT ( 'NONE',  ( -1.624999999999999334, 0.2000000000000000111, -2.500000000000000000 ) ) ;
#9648 = VERTEX_POINT ( 'NONE', #926 ) ;
#9649 = CARTESIAN_POINT ( 'NONE',  ( -1.124999999999999778, 0.04999999999999999584, 2.225000000000000977 ) ) ;
#9650 = LINE ( 'NONE', #6859, #3033 ) ;
#9651 = LINE ( 'NONE', #1837, #10030 ) ;
#9652 = ORIENTED_EDGE ( 'NONE', *, *, #1753, .F. ) ;
#9653 = CARTESIAN_POINT ( 'NONE',  ( 1.625000000000000000, 0.04999999999999999584, 2.225000000000000533 ) ) ;
#9654 = VERTEX_POINT ( 'NONE', #5066 ) ;
#9655 = EDGE_CURVE ( 'NONE', #1843, #485, #8785, .T. ) ;
#9656 = ORIENTED_EDGE ( 'NONE', *, *, #9713, .T. ) ;
#9657 = CIRCLE ( 'NONE', #4571, 0.1499999999999999667 ) ;
#9658 = AXIS2_PLACEMENT_3D ( 'NONE', #7007, #5342, #2649 ) ;
#9659 = CIRCLE ( 'NONE', #7298, 0.1250000000000001110 ) ;
#9660 = DIRECTION ( 'NONE',  ( -1.000000000000000000, 0.000000000000000000, -0.000000000000000000 ) ) ;
#9661 = CIRCLE ( 'NONE', #4754, 0.1249999999999998890 ) ;
#9662 = VERTEX_POINT ( 'NONE', #9580 ) ;
#9663 = DIRECTION ( 'NONE',  ( 0.000000000000000000, 0.000000000000000000, -1.000000000000000000 ) ) ;
#9664 = DIRECTION ( 'NONE',  ( -0.000000000000000000, -0.000000000000000000, 1.000000000000000000 ) ) ;
#9665 = AXIS2_PLACEMENT_3D ( 'NONE', #1687, #7802, #9561 ) ;
#9666 = VECTOR ( 'NONE', #1559, 1000.000000000000000 ) ;
#9667 = ORIENTED_EDGE ( 'NONE', *, *, #6889, .T. ) ;
#9668 = DIRECTION ( 'NONE',  ( 0.000000000000000000, -1.000000000000000000, 0.000000000000000000 ) ) ;
#9669 = CYLINDRICAL_SURFACE ( 'NONE', #9444, 0.1249999999999998890 ) ;
#9670 = ORIENTED_EDGE ( 'NONE', *, *, #5896, .T. ) ;
#9671 = CARTESIAN_POINT ( 'NONE',  ( -2.499999999999963141, 0.2000000000000000111, 1.875000000000000000 ) ) ;
#9672 = AXIS2_PLACEMENT_3D ( 'NONE', #815, #1645, #2663 ) ;
#9673 = AXIS2_PLACEMENT_3D ( 'NONE', #2174, #10867, #539 ) ;
#9674 = EDGE_CURVE ( 'NONE', #8163, #10387, #8554, .T. ) ;
#9675 = CARTESIAN_POINT ( 'NONE',  ( 2.500000000000000000, 0.2000000000000000111, -1.374999999999999334 ) ) ;
#9676 = AXIS2_PLACEMENT_3D ( 'NONE', #6171, #11168, #8535 ) ;
#9677 = ORIENTED_EDGE ( 'NONE', *, *, #6180, .F. ) ;
#9678 = CARTESIAN_POINT ( 'NONE',  ( 1.875000000000000000, 0.2000000000000000111, 2.499999999999999112 ) ) ;
#9679 = CARTESIAN_POINT ( 'NONE',  ( 2.224999999999965006, 0.04999999999999999584, -1.749999999999999334 ) ) ;
#9680 = PLANE ( 'NONE',  #6551 ) ;
#9681 = DIRECTION ( 'NONE',  ( -0.000000000000000000, -1.000000000000000000, -0.000000000000000000 ) ) ;
#9682 = PRESENTATION_LAYER_ASSIGNMENT (  '', '', ( #391 ) ) ;
#9683 = EDGE_CURVE ( 'NONE', #10107, #499, #4397, .T. ) ;
#9684 = ORIENTED_EDGE ( 'NONE', *, *, #4612, .F. ) ;
#9685 = EDGE_CURVE ( 'NONE', #10564, #9745, #7772, .T. ) ;
#9686 = DIRECTION ( 'NONE',  ( 0.000000000000000000, -1.000000000000000000, 0.000000000000000000 ) ) ;
#9687 = ORIENTED_EDGE ( 'NONE', *, *, #5519, .F. ) ;
#9688 = LINE ( 'NONE', #9855, #2219 ) ;
#9689 = VERTEX_POINT ( 'NONE', #990 ) ;
#9690 = VECTOR ( 'NONE', #10860, 1000.000000000000000 ) ;
#9691 = EDGE_CURVE ( 'NONE', #1992, #827, #2544, .T. ) ;
#9692 = DIRECTION ( 'NONE',  ( -1.000000000000000000, 0.000000000000000000, 0.000000000000000000 ) ) ;
#9693 = PLANE ( 'NONE',  #6737 ) ;
#9694 = CARTESIAN_POINT ( 'NONE',  ( -2.499999999999984013, 0.2000000000000000111, -0.1250000000000001110 ) ) ;
#9695 = PLANE ( 'NONE',  #10056 ) ;
#9696 = VERTEX_POINT ( 'NONE', #6032 ) ;
#9697 = CARTESIAN_POINT ( 'NONE',  ( 1.125000000000000444, 0.2000000000000000111, -2.225000000000001421 ) ) ;
#9698 = LINE ( 'NONE', #5360, #2333 ) ;
#9699 = CARTESIAN_POINT ( 'NONE',  ( 0.7500000000000003331, 0.2000000000000000111, -2.224999999999990763 ) ) ;
#9700 = FACE_OUTER_BOUND ( 'NONE', #246, .T. ) ;
#9701 = ORIENTED_EDGE ( 'NONE', *, *, #3565, .T. ) ;
#9702 = EDGE_CURVE ( 'NONE', #4350, #662, #7, .T. ) ;
#9703 = VECTOR ( 'NONE', #3716, 1000.000000000000000 ) ;
#9704 = SURFACE_STYLE_FILL_AREA ( #8791 ) ;
#9705 = CARTESIAN_POINT ( 'NONE',  ( -2.499999999999994227, 0.2000000000000000111, -1.375000000000000000 ) ) ;
#9706 = ORIENTED_EDGE ( 'NONE', *, *, #1623, .F. ) ;
#9707 =( NAMED_UNIT ( * ) PLANE_ANGLE_UNIT ( ) SI_UNIT ( $, .RADIAN. ) );
#9708 = VECTOR ( 'NONE', #8716, 1000.000000000000000 ) ;
#9709 = ORIENTED_EDGE ( 'NONE', *, *, #6825, .F. ) ;
#9710 = ORIENTED_EDGE ( 'NONE', *, *, #8572, .T. ) ;
#9711 =( GEOMETRIC_REPRESENTATION_CONTEXT ( 3 ) GLOBAL_UNCERTAINTY_ASSIGNED_CONTEXT ( ( #1403 ) ) GLOBAL_UNIT_ASSIGNED_CONTEXT ( ( #10137, #6777, #11004 ) ) REPRESENTATION_CONTEXT ( 'NONE', 'WORKASPACE' ) );
#9712 = VECTOR ( 'NONE', #7470, 1000.000000000000000 ) ;
#9713 = EDGE_CURVE ( 'NONE', #10336, #2913, #2383, .T. ) ;
#9714 = EDGE_CURVE ( 'NONE', #5323, #8475, #6314, .T. ) ;
#9715 = EDGE_CURVE ( 'NONE', #6189, #10076, #4786, .T. ) ;
#9716 = VECTOR ( 'NONE', #4374, 1000.000000000000000 ) ;
#9717 = CARTESIAN_POINT ( 'NONE',  ( -0.6249999999999995559, 0.000000000000000000, -2.225000000000001421 ) ) ;
#9718 = DIRECTION ( 'NONE',  ( -9.856383386231904433E-17, 0.000000000000000000, -1.000000000000000000 ) ) ;
#9719 = ORIENTED_EDGE ( 'NONE', *, *, #9748, .T. ) ;
#9720 = CARTESIAN_POINT ( 'NONE',  ( 0.6250000000000004441, 0.2000000000000000111, -2.225000000000001421 ) ) ;
#9721 = CARTESIAN_POINT ( 'NONE',  ( -2.499999999999999556, 0.04999999999999969746, 2.500000000000000000 ) ) ;
#9722 = CARTESIAN_POINT ( 'NONE',  ( -0.8749999999999994449, 0.2000000000000000111, 2.499999999999999556 ) ) ;
#9723 = EDGE_LOOP ( 'NONE', ( #7845, #7771, #8374, #7985 ) ) ;
#9724 = CARTESIAN_POINT ( 'NONE',  ( -0.8749999999999993339, 0.000000000000000000, -2.500000000000000000 ) ) ;
#9725 = EDGE_LOOP ( 'NONE', ( #6594, #5484, #6567, #6150 ) ) ;
#9726 = AXIS2_PLACEMENT_3D ( 'NONE', #8034, #5439, #6296 ) ;
#9727 = EDGE_CURVE ( 'NONE', #3897, #5016, #4730, .T. ) ;
#9728 = CARTESIAN_POINT ( 'NONE',  ( 1.249999999999999778, 0.2000000000000000111, 2.224999999999969003 ) ) ;
#9729 = MECHANICAL_DESIGN_GEOMETRIC_PRESENTATION_REPRESENTATION (  '', ( #1893 ), #1513 ) ;
#9730 = ORIENTED_EDGE ( 'NONE', *, *, #10653, .F. ) ;
#9731 = DIRECTION ( 'NONE',  ( 0.000000000000000000, 0.000000000000000000, -1.000000000000000000 ) ) ;
#9732 = LINE ( 'NONE', #8875, #6473 ) ;
#9733 = CARTESIAN_POINT ( 'NONE',  ( 2.225000000000001421, 0.000000000000000000, 1.374999999999999778 ) ) ;
#9734 = FACE_OUTER_BOUND ( 'NONE', #11020, .T. ) ;
#9735 = ORIENTED_EDGE ( 'NONE', *, *, #6134, .F. ) ;
#9736 = CARTESIAN_POINT ( 'NONE',  ( 0.2500000000000004441, 0.000000000000000000, -2.224999999999985878 ) ) ;
#9737 = EDGE_CURVE ( 'NONE', #499, #4480, #2087, .T. ) ;
#9738 = CARTESIAN_POINT ( 'NONE',  ( 0.000000000000000000, 0.05000000000000000278, 0.6249999999999998890 ) ) ;
#9739 = ORIENTED_EDGE ( 'NONE', *, *, #1412, .T. ) ;
#9740 =( LENGTH_UNIT ( ) NAMED_UNIT ( * ) SI_UNIT ( .MILLI., .METRE. ) );
#9741 = CARTESIAN_POINT ( 'NONE',  ( 2.225000000000001421, 0.2000000000000000111, 1.625000000000000000 ) ) ;
#9742 = CARTESIAN_POINT ( 'NONE',  ( -1.649999999999998801, 0.000000000000000000, 1.799999999999999822 ) ) ;
#9743 = ORIENTED_EDGE ( 'NONE', *, *, #4770, .F. ) ;
#9744 = VERTEX_POINT ( 'NONE', #7143 ) ;
#9745 = VERTEX_POINT ( 'NONE', #5410 ) ;
#9746 = LINE ( 'NONE', #333, #1325 ) ;
#9747 = AXIS2_PLACEMENT_3D ( 'NONE', #8579, #7677, #6057 ) ;
#9748 = EDGE_CURVE ( 'NONE', #3894, #9913, #9009, .T. ) ;
#9749 = ORIENTED_EDGE ( 'NONE', *, *, #5753, .T. ) ;
#9750 = PLANE ( 'NONE',  #11141 ) ;
#9751 = DIRECTION ( 'NONE',  ( -1.000000000000000000, 0.000000000000000000, -0.000000000000000000 ) ) ;
#9752 = DIRECTION ( 'NONE',  ( 1.000000000000000000, -0.000000000000000000, -9.856383386231903201E-17 ) ) ;
#9753 = ORIENTED_EDGE ( 'NONE', *, *, #4769, .T. ) ;
#9754 = CARTESIAN_POINT ( 'NONE',  ( 2.225000000000001421, 0.2000000000000000111, 0.3750000000000000000 ) ) ;
#9755 = DIRECTION ( 'NONE',  ( 0.000000000000000000, 0.000000000000000000, 1.000000000000000000 ) ) ;
#9756 = LINE ( 'NONE', #6316, #9082 ) ;
#9757 = PLANE ( 'NONE',  #6703 ) ;
#9758 = ORIENTED_EDGE ( 'NONE', *, *, #2639, .T. ) ;
#9759 = FACE_OUTER_BOUND ( 'NONE', #9054, .T. ) ;
#9760 = VERTEX_POINT ( 'NONE', #2895 ) ;
#9761 = CARTESIAN_POINT ( 'NONE',  ( 2.500000000000000000, 0.2000000000000000111, 1.374999999999999778 ) ) ;
#9762 = ORIENTED_EDGE ( 'NONE', *, *, #10670, .T. ) ;
#9763 = EDGE_CURVE ( 'NONE', #1444, #1060, #179, .T. ) ;
#9764 = VERTEX_POINT ( 'NONE', #1879 ) ;
#9765 = AXIS2_PLACEMENT_3D ( 'NONE', #6613, #9234, #8388 ) ;
#9766 = DIRECTION ( 'NONE',  ( -0.000000000000000000, 0.000000000000000000, -1.000000000000000000 ) ) ;
#9767 = FILL_AREA_STYLE ('',( #83 ) ) ;
#9768 = ORIENTED_EDGE ( 'NONE', *, *, #7120, .F. ) ;
#9769 = DIRECTION ( 'NONE',  ( 0.000000000000000000, -0.000000000000000000, -1.000000000000000000 ) ) ;
#9770 = CARTESIAN_POINT ( 'NONE',  ( 1.375000000000000000, 0.2000000000000000111, -2.500000000000000000 ) ) ;
#9771 = DIRECTION ( 'NONE',  ( 0.000000000000000000, 0.000000000000000000, -1.000000000000000000 ) ) ;
#9772 = ORIENTED_EDGE ( 'NONE', *, *, #9917, .F. ) ;
#9773 = CARTESIAN_POINT ( 'NONE',  ( -1.249999999999999556, 0.2000000000000000111, 2.224999999999996092 ) ) ;
#9774 = VERTEX_POINT ( 'NONE', #10620 ) ;
#9775 = ADVANCED_FACE ( 'NONE', ( #2844 ), #2796, .F. ) ;
#9776 = ADVANCED_FACE ( 'NONE', ( #9801 ), #8841, .T. ) ;
#9777 = DIRECTION ( 'NONE',  ( 0.000000000000000000, -1.000000000000000000, 0.000000000000000000 ) ) ;
#9778 = ORIENTED_EDGE ( 'NONE', *, *, #266, .T. ) ;
#9779 = CARTESIAN_POINT ( 'NONE',  ( -1.649999999999998801, 0.2000000000000000111, 1.799999999999999822 ) ) ;
#9780 = DIRECTION ( 'NONE',  ( 0.000000000000000000, 0.000000000000000000, -1.000000000000000000 ) ) ;
#9781 = ORIENTED_EDGE ( 'NONE', *, *, #4673, .F. ) ;
#9782 = LINE ( 'NONE', #7229, #9168 ) ;
#9783 = LINE ( 'NONE', #10656, #3442 ) ;
#9784 = ORIENTED_EDGE ( 'NONE', *, *, #81, .T. ) ;
#9785 = FACE_OUTER_BOUND ( 'NONE', #8711, .T. ) ;
#9786 = EDGE_CURVE ( 'NONE', #4122, #3883, #5571, .T. ) ;
#9787 = EDGE_CURVE ( 'NONE', #6558, #4915, #8217, .T. ) ;
#9788 = DIRECTION ( 'NONE',  ( 0.000000000000000000, 1.000000000000000000, 0.000000000000000000 ) ) ;
#9789 = ORIENTED_EDGE ( 'NONE', *, *, #10243, .F. ) ;
#9790 = FILL_AREA_STYLE ('',( #5451 ) ) ;
#9791 = CARTESIAN_POINT ( 'NONE',  ( 2.500000000000000000, 0.2000000000000000111, -1.624999999999999556 ) ) ;
#9792 = FACE_OUTER_BOUND ( 'NONE', #5728, .T. ) ;
#9793 = FACE_OUTER_BOUND ( 'NONE', #6948, .T. ) ;
#9794 = ORIENTED_EDGE ( 'NONE', *, *, #4104, .F. ) ;
#9795 = VERTEX_POINT ( 'NONE', #1983 ) ;
#9796 = DIRECTION ( 'NONE',  ( -0.000000000000000000, -1.000000000000000000, -0.000000000000000000 ) ) ;
#9797 = ORIENTED_EDGE ( 'NONE', *, *, #325, .T. ) ;
#9798 = LINE ( 'NONE', #2295, #8591 ) ;
#9799 = PLANE ( 'NONE',  #4123 ) ;
#9800 = VERTEX_POINT ( 'NONE', #4683 ) ;
#9801 = FACE_OUTER_BOUND ( 'NONE', #6533, .T. ) ;
#9802 = CARTESIAN_POINT ( 'NONE',  ( -1.649999999999999911, 0.000000000000000000, -1.649999999999999911 ) ) ;
#9803 = CARTESIAN_POINT ( 'NONE',  ( 1.625000000000000000, 0.2000000000000000111, 2.225000000000000533 ) ) ;
#9804 = VERTEX_POINT ( 'NONE', #5465 ) ;
#9805 =( NAMED_UNIT ( * ) PLANE_ANGLE_UNIT ( ) SI_UNIT ( $, .RADIAN. ) );
#9806 = CARTESIAN_POINT ( 'NONE',  ( -1.874999999999999112, 0.2000000000000000111, -2.225000000000001421 ) ) ;
#9807 = ORIENTED_EDGE ( 'NONE', *, *, #3252, .F. ) ;
#9808 = FILL_AREA_STYLE ('',( #2047 ) ) ;
#9809 = ORIENTED_EDGE ( 'NONE', *, *, #9418, .F. ) ;
#9810 = EDGE_CURVE ( 'NONE', #3145, #10593, #3658, .T. ) ;
#9811 = AXIS2_PLACEMENT_3D ( 'NONE', #4326, #3396, #5283 ) ;
#9812 = AXIS2_PLACEMENT_3D ( 'NONE', #1302, #3115, #501 ) ;
#9813 = CARTESIAN_POINT ( 'NONE',  ( 0.7500000000000002220, 0.2000000000000000111, 2.099999999999975220 ) ) ;
#9814 =( NAMED_UNIT ( * ) PLANE_ANGLE_UNIT ( ) SI_UNIT ( $, .RADIAN. ) );
#9815 = VECTOR ( 'NONE', #9162, 1000.000000000000000 ) ;
#9816 = EDGE_LOOP ( 'NONE', ( #779, #7562, #3434, #605 ) ) ;
#9817 = EDGE_CURVE ( 'NONE', #5044, #6496, #1247, .T. ) ;
#9818 = PLANE ( 'NONE',  #4959 ) ;
#9819 = DIRECTION ( 'NONE',  ( -1.000000000000000000, 0.000000000000000000, 7.885106708985522560E-16 ) ) ;
#9820 = ORIENTED_EDGE ( 'NONE', *, *, #7765, .T. ) ;
#9821 = LINE ( 'NONE', #7267, #1452 ) ;
#9822 = ORIENTED_EDGE ( 'NONE', *, *, #6500, .T. ) ;
#9823 = EDGE_CURVE ( 'NONE', #383, #9530, #6265, .T. ) ;
#9824 = EDGE_CURVE ( 'NONE', #5743, #6795, #6205, .T. ) ;
#9825 = AXIS2_PLACEMENT_3D ( 'NONE', #4522, #7372, #6486 ) ;
#9826 = AXIS2_PLACEMENT_3D ( 'NONE', #187, #7952, #9640 ) ;
#9827 = CARTESIAN_POINT ( 'NONE',  ( 2.224999999999996092, 0.04999999999999999584, 1.125000000000000222 ) ) ;
#9828 = DIRECTION ( 'NONE',  ( -0.000000000000000000, -1.000000000000000000, -0.000000000000000000 ) ) ;
#9829 = ORIENTED_EDGE ( 'NONE', *, *, #1526, .T. ) ;
#9830 = ADVANCED_FACE ( 'NONE', ( #8899 ), #10780, .T. ) ;
#9831 = CARTESIAN_POINT ( 'NONE',  ( 1.374999999999999778, 0.2000000000000000111, 2.225000000000000533 ) ) ;
#9832 = LINE ( 'NONE', #1181, #10887 ) ;
#9833 = VECTOR ( 'NONE', #7954, 1000.000000000000000 ) ;
#9834 = EDGE_LOOP ( 'NONE', ( #917, #8445, #9473, #217 ) ) ;
#9835 = CARTESIAN_POINT ( 'NONE',  ( 0.6250000000000004441, 0.000000000000000000, -2.500000000000000000 ) ) ;
#9836 = AXIS2_PLACEMENT_3D ( 'NONE', #4902, #6668, #5918 ) ;
#9837 = VECTOR ( 'NONE', #489, 1000.000000000000000 ) ;
#9838 = ORIENTED_EDGE ( 'NONE', *, *, #3425, .F. ) ;
#9839 = FACE_OUTER_BOUND ( 'NONE', #8069, .T. ) ;
#9840 =( GEOMETRIC_REPRESENTATION_CONTEXT ( 3 ) GLOBAL_UNCERTAINTY_ASSIGNED_CONTEXT ( ( #7365 ) ) GLOBAL_UNIT_ASSIGNED_CONTEXT ( ( #189, #3666, #2962 ) ) REPRESENTATION_CONTEXT ( 'NONE', 'WORKASPACE' ) );
#9841 = VECTOR ( 'NONE', #4869, 1000.000000000000000 ) ;
#9842 = AXIS2_PLACEMENT_3D ( 'NONE', #8022, #6284, #4700 ) ;
#9843 = EDGE_CURVE ( 'NONE', #7741, #7728, #7715, .T. ) ;
#9844 = EDGE_CURVE ( 'NONE', #5418, #7072, #9923, .T. ) ;
#9845 = ADVANCED_FACE ( 'NONE', ( #5000 ), #5622, .F. ) ;
#9846 = CARTESIAN_POINT ( 'NONE',  ( 2.500000000000000000, 0.000000000000000000, -0.3749999999999998335 ) ) ;
#9847 = ORIENTED_EDGE ( 'NONE', *, *, #607, .T. ) ;
#9848 = SURFACE_STYLE_FILL_AREA ( #8940 ) ;
#9849 = DIRECTION ( 'NONE',  ( -0.000000000000000000, 0.000000000000000000, -1.000000000000000000 ) ) ;
#9850 = DIRECTION ( 'NONE',  ( -0.000000000000000000, -1.000000000000000000, -0.000000000000000000 ) ) ;
#9851 = CARTESIAN_POINT ( 'NONE',  ( 2.500000000000000000, 0.2000000000000000111, 0.3749999999999999445 ) ) ;
#9852 = VECTOR ( 'NONE', #10745, 1000.000000000000000 ) ;
#9853 = DIRECTION ( 'NONE',  ( -0.000000000000000000, -1.000000000000000000, -0.000000000000000000 ) ) ;
#9854 = ORIENTED_EDGE ( 'NONE', *, *, #482, .T. ) ;
#9855 = CARTESIAN_POINT ( 'NONE',  ( 2.500000000000000000, 0.2000000000000000111, 0.8749999999999996669 ) ) ;
#9856 = VECTOR ( 'NONE', #8872, 1000.000000000000000 ) ;
#9857 = CIRCLE ( 'NONE', #8200, 0.1250000000000001110 ) ;
#9858 = AXIS2_PLACEMENT_3D ( 'NONE', #2890, #10775, #6365 ) ;
#9859 = EDGE_CURVE ( 'NONE', #8131, #9567, #10939, .T. ) ;
#9860 = VECTOR ( 'NONE', #1110, 1000.000000000000000 ) ;
#9861 = CARTESIAN_POINT ( 'NONE',  ( 2.225000000000001421, 0.2000000000000000111, 1.374999999999999778 ) ) ;
#9862 = DIRECTION ( 'NONE',  ( -1.000000000000000000, 0.000000000000000000, 0.000000000000000000 ) ) ;
#9863 = CARTESIAN_POINT ( 'NONE',  ( 2.500000000000000000, 0.2000000000000000111, -0.6250000000000001110 ) ) ;
#9864 = LINE ( 'NONE', #10778, #4955 ) ;
#9865 = ORIENTED_EDGE ( 'NONE', *, *, #2495, .F. ) ;
#9866 = DIRECTION ( 'NONE',  ( 0.000000000000000000, -0.000000000000000000, -1.000000000000000000 ) ) ;
#9867 = CARTESIAN_POINT ( 'NONE',  ( -0.3749999999999994449, 0.2000000000000000111, -2.500000000000000000 ) ) ;
#9868 = FACE_OUTER_BOUND ( 'NONE', #6361, .T. ) ;
#9869 = ORIENTED_EDGE ( 'NONE', *, *, #1818, .F. ) ;
#9870 = LINE ( 'NONE', #2044, #89 ) ;
#9871 = FACE_OUTER_BOUND ( 'NONE', #6493, .T. ) ;
#9872 = ORIENTED_EDGE ( 'NONE', *, *, #1374, .T. ) ;
#9873 =( NAMED_UNIT ( * ) SI_UNIT ( $, .STERADIAN. ) SOLID_ANGLE_UNIT ( ) );
#9874 = VECTOR ( 'NONE', #9220, 1000.000000000000000 ) ;
#9875 = VERTEX_POINT ( 'NONE', #500 ) ;
#9876 = MECHANICAL_DESIGN_GEOMETRIC_PRESENTATION_REPRESENTATION (  '', ( #6584 ), #4036 ) ;
#9877 = EDGE_CURVE ( 'NONE', #8513, #10900, #3318, .T. ) ;
#9878 = CARTESIAN_POINT ( 'NONE',  ( 0.6250000000000004441, 0.05000000000000000278, 0.000000000000000000 ) ) ;
#9879 = AXIS2_PLACEMENT_3D ( 'NONE', #10157, #2222, #5711 ) ;
#9880 = CARTESIAN_POINT ( 'NONE',  ( -0.2499999999999997224, 0.2000000000000000111, 2.224999999999985434 ) ) ;
#9881 = ORIENTED_EDGE ( 'NONE', *, *, #8055, .F. ) ;
#9882 = DIRECTION ( 'NONE',  ( -0.000000000000000000, -1.000000000000000000, -0.000000000000000000 ) ) ;
#9883 = CARTESIAN_POINT ( 'NONE',  ( 2.500000000000000000, 0.000000000000000000, 0.1250000000000001665 ) ) ;
#9884 = AXIS2_PLACEMENT_3D ( 'NONE', #10131, #4944, #2467 ) ;
#9885 = VERTEX_POINT ( 'NONE', #3978 ) ;
#9886 = CARTESIAN_POINT ( 'NONE',  ( -2.499999999999999556, 0.04999999999999969746, -2.500000000000000000 ) ) ;
#9887 = ORIENTED_EDGE ( 'NONE', *, *, #2595, .F. ) ;
#9888 = EDGE_LOOP ( 'NONE', ( #3673, #2916, #2286, #2843 ) ) ;
#9889 = CIRCLE ( 'NONE', #4624, 0.1249999999999998890 ) ;
#9890 = VECTOR ( 'NONE', #9188, 1000.000000000000000 ) ;
#9891 = VECTOR ( 'NONE', #10668, 1000.000000000000000 ) ;
#9892 = EDGE_CURVE ( 'NONE', #2901, #7925, #5732, .T. ) ;
#9893 = CARTESIAN_POINT ( 'NONE',  ( 0.1250000000000008049, 0.05000000000000000278, -1.232047923278996066E-17 ) ) ;
#9894 = EDGE_CURVE ( 'NONE', #10992, #9364, #675, .T. ) ;
#9895 = EDGE_LOOP ( 'NONE', ( #5074, #2987, #3533, #8956, #3588 ) ) ;
#9896 = CARTESIAN_POINT ( 'NONE',  ( 1.125000000000000000, 0.2000000000000000111, 2.499999999999999556 ) ) ;
#9897 = CARTESIAN_POINT ( 'NONE',  ( 1.125000000000000444, 0.2000000000000000111, -2.225000000000001421 ) ) ;
#9898 = STYLED_ITEM ( 'NONE', ( #2401 ), #11243 ) ;
#9899 = VECTOR ( 'NONE', #9113, 1000.000000000000000 ) ;
#9900 = PLANE ( 'NONE',  #6245 ) ;
#9901 = CARTESIAN_POINT ( 'NONE',  ( 2.224999999999980549, 0.2000000000000000111, -0.3749999999999997780 ) ) ;
#9902 = EDGE_CURVE ( 'NONE', #9331, #10360, #4947, .T. ) ;
#9903 = VECTOR ( 'NONE', #2765, 1000.000000000000000 ) ;
#9904 = DIRECTION ( 'NONE',  ( 1.000000000000000000, 0.000000000000000000, 0.000000000000000000 ) ) ;
#9905 = ORIENTED_EDGE ( 'NONE', *, *, #9984, .F. ) ;
#9906 = LINE ( 'NONE', #2459, #615 ) ;
#9907 = FACE_OUTER_BOUND ( 'NONE', #5195, .T. ) ;
#9908 = DIRECTION ( 'NONE',  ( -1.000000000000000000, 0.000000000000000000, 7.885106708985523547E-16 ) ) ;
#9909 = DIRECTION ( 'NONE',  ( -0.000000000000000000, -1.000000000000000000, -0.000000000000000000 ) ) ;
#9910 = VERTEX_POINT ( 'NONE', #8486 ) ;
#9911 = VECTOR ( 'NONE', #7828, 1000.000000000000000 ) ;
#9912 = CARTESIAN_POINT ( 'NONE',  ( 1.125000000000000000, 0.000000000000000000, 2.499999999999999556 ) ) ;
#9913 = VERTEX_POINT ( 'NONE', #2250 ) ;
#9914 = CARTESIAN_POINT ( 'NONE',  ( -2.224999999999990319, 0.2000000000000000111, -0.8749999999999998890 ) ) ;
#9915 = ORIENTED_EDGE ( 'NONE', *, *, #7913, .F. ) ;
#9916 = EDGE_CURVE ( 'NONE', #700, #2462, #3169, .T. ) ;
#9917 = EDGE_CURVE ( 'NONE', #1200, #4636, #6595, .T. ) ;
#9918 = ADVANCED_FACE ( 'NONE', ( #6653 ), #8274, .T. ) ;
#9919 = PLANE ( 'NONE',  #2556 ) ;
#9920 = CARTESIAN_POINT ( 'NONE',  ( -0.3749999999999996114, 0.2000000000000000111, 2.499999999999999556 ) ) ;
#9921 = DIRECTION ( 'NONE',  ( -0.000000000000000000, 0.000000000000000000, 1.000000000000000000 ) ) ;
#9922 = EDGE_LOOP ( 'NONE', ( #4009, #3560, #6537, #6541 ) ) ;
#9923 = LINE ( 'NONE', #8063, #10811 ) ;
#9924 = CARTESIAN_POINT ( 'NONE',  ( -2.499999999999968470, 0.000000000000000000, 1.375000000000000000 ) ) ;
#9925 = CARTESIAN_POINT ( 'NONE',  ( 1.800000000000000044, 0.04999999999999999584, -1.649999999999998801 ) ) ;
#9926 = VERTEX_POINT ( 'NONE', #3005 ) ;
#9927 = CARTESIAN_POINT ( 'NONE',  ( 0.8750000000000001110, 0.2000000000000000111, 2.499999999999999556 ) ) ;
#9928 = ORIENTED_EDGE ( 'NONE', *, *, #495, .F. ) ;
#9929 = PRESENTATION_STYLE_ASSIGNMENT (( #5417 ) ) ;
#9930 = ADVANCED_FACE ( 'NONE', ( #2134 ), #455, .T. ) ;
#9931 = ORIENTED_EDGE ( 'NONE', *, *, #6347, .T. ) ;
#9932 = ADVANCED_FACE ( 'NONE', ( #2356 ), #1402, .T. ) ;
#9933 = CARTESIAN_POINT ( 'NONE',  ( 2.224999999999965006, 0.2000000000000000111, -1.874999999999999334 ) ) ;
#9934 = CARTESIAN_POINT ( 'NONE',  ( -0.8749999999999994449, 0.2000000000000000111, 2.499999999999999556 ) ) ;
#9935 = VERTEX_POINT ( 'NONE', #4041 ) ;
#9936 = DIRECTION ( 'NONE',  ( 0.000000000000000000, 0.000000000000000000, -1.000000000000000000 ) ) ;
#9937 = DIRECTION ( 'NONE',  ( -1.000000000000000000, -0.000000000000000000, -0.000000000000000000 ) ) ;
#9938 = ORIENTED_EDGE ( 'NONE', *, *, #2864, .T. ) ;
#9939 = LINE ( 'NONE', #10578, #565 ) ;
#9940 = ORIENTED_EDGE ( 'NONE', *, *, #277, .T. ) ;
#9941 = CARTESIAN_POINT ( 'NONE',  ( 0.1250000000000005829, 0.2000000000000000111, -2.500000000000000000 ) ) ;
#9942 = DIRECTION ( 'NONE',  ( 0.000000000000000000, 0.000000000000000000, -1.000000000000000000 ) ) ;
#9943 = VERTEX_POINT ( 'NONE', #9329 ) ;
#9944 = LINE ( 'NONE', #9779, #9690 ) ;
#9945 = LINE ( 'NONE', #2013, #11056 ) ;
#9946 = DIRECTION ( 'NONE',  ( -1.000000000000000000, 0.000000000000000000, 0.000000000000000000 ) ) ;
#9947 = DIRECTION ( 'NONE',  ( 0.000000000000000000, 0.000000000000000000, -1.000000000000000000 ) ) ;
#9948 = EDGE_CURVE ( 'NONE', #662, #2778, #10883, .T. ) ;
#9949 = VECTOR ( 'NONE', #6866, 1000.000000000000000 ) ;
#9950 = CARTESIAN_POINT ( 'NONE',  ( 0.6250000000000003331, 0.2000000000000000111, 2.499999999999999556 ) ) ;
#9951 = ORIENTED_EDGE ( 'NONE', *, *, #2553, .T. ) ;
#9952 = DIRECTION ( 'NONE',  ( 0.000000000000000000, 0.000000000000000000, 1.000000000000000000 ) ) ;
#9953 = VECTOR ( 'NONE', #7794, 1000.000000000000000 ) ;
#9954 = ORIENTED_EDGE ( 'NONE', *, *, #4104, .T. ) ;
#9955 = EDGE_CURVE ( 'NONE', #7570, #1200, #2218, .T. ) ;
#9956 = CARTESIAN_POINT ( 'NONE',  ( -0.3749999999999996114, 0.2000000000000000111, 2.499999999999999556 ) ) ;
#9957 = CARTESIAN_POINT ( 'NONE',  ( 2.224999999999985878, 0.2000000000000000111, 0.2500000000000001110 ) ) ;
#9958 = DIRECTION ( 'NONE',  ( 0.000000000000000000, -1.000000000000000000, 0.000000000000000000 ) ) ;
#9959 = CARTESIAN_POINT ( 'NONE',  ( 0.1250000000000005829, 0.2000000000000000111, -2.500000000000000000 ) ) ;
#9960 = ORIENTED_EDGE ( 'NONE', *, *, #8054, .T. ) ;
#9961 = LINE ( 'NONE', #6468, #5861 ) ;
#9962 = CIRCLE ( 'NONE', #8174, 0.1250000000000001110 ) ;
#9963 = CARTESIAN_POINT ( 'NONE',  ( -0.7499999999999995559, 0.04999999999999999584, 2.224999999999990319 ) ) ;
#9964 = FACE_OUTER_BOUND ( 'NONE', #72, .T. ) ;
#9965 = PRESENTATION_STYLE_ASSIGNMENT (( #6477 ) ) ;
#9966 = ORIENTED_EDGE ( 'NONE', *, *, #5553, .F. ) ;
#9967 = EDGE_CURVE ( 'NONE', #6911, #2604, #8437, .T. ) ;
#9968 = DIRECTION ( 'NONE',  ( 0.000000000000000000, -0.000000000000000000, -1.000000000000000000 ) ) ;
#9970 = DIRECTION ( 'NONE',  ( 1.971276677246380640E-16, -0.000000000000000000, 1.000000000000000000 ) ) ;
#9969 = UNCERTAINTY_MEASURE_WITH_UNIT (LENGTH_MEASURE( 1.000000000000000082E-05 ), #10272, 'distance_accuracy_value', 'NONE');
#9971 = DIRECTION ( 'NONE',  ( 0.000000000000000000, 0.000000000000000000, 1.000000000000000000 ) ) ;
#9972 = ADVANCED_FACE ( 'NONE', ( #2298 ), #8318, .T. ) ;
#9973 = ORIENTED_EDGE ( 'NONE', *, *, #1162, .T. ) ;
#9974 = SURFACE_SIDE_STYLE ('',( #8224 ) ) ;
#9975 = CARTESIAN_POINT ( 'NONE',  ( -2.499999999999999556, 0.9000000000000000222, 2.500000000000000000 ) ) ;
#9976 = ORIENTED_EDGE ( 'NONE', *, *, #1728, .T. ) ;
#9977 = LINE ( 'NONE', #9761, #4899 ) ;
#9978 = CIRCLE ( 'NONE', #8000, 0.1250000000000001110 ) ;
#9979 = PLANE ( 'NONE',  #8405 ) ;
#9980 = DIRECTION ( 'NONE',  ( -1.000000000000000000, -0.000000000000000000, -0.000000000000000000 ) ) ;
#9981 = DIRECTION ( 'NONE',  ( 0.000000000000000000, 1.000000000000000000, -0.000000000000000000 ) ) ;
#9982 = EDGE_CURVE ( 'NONE', #5532, #1567, #4840, .T. ) ;
#9983 = ORIENTED_EDGE ( 'NONE', *, *, #634, .T. ) ;
#9984 = EDGE_CURVE ( 'NONE', #4705, #10565, #8983, .T. ) ;
#9985 = DIRECTION ( 'NONE',  ( 0.000000000000000000, 0.000000000000000000, 1.000000000000000000 ) ) ;
#9986 = DIRECTION ( 'NONE',  ( 1.000000000000000000, 0.000000000000000000, -9.856383386231904433E-17 ) ) ;
#9987 = ADVANCED_FACE ( 'NONE', ( #6016 ), #3521, .T. ) ;
#9988 = ORIENTED_EDGE ( 'NONE', *, *, #3385, .F. ) ;
#9989 = CIRCLE ( 'NONE', #1082, 0.1249999999999998890 ) ;
#9990 = CARTESIAN_POINT ( 'NONE',  ( 1.374999999999999778, 0.2000000000000000111, 2.499999999999999112 ) ) ;
#9991 = ORIENTED_EDGE ( 'NONE', *, *, #7332, .F. ) ;
#9992 = DIRECTION ( 'NONE',  ( 0.000000000000000000, 1.000000000000000000, -0.000000000000000000 ) ) ;
#9993 = AXIS2_PLACEMENT_3D ( 'NONE', #7935, #10492, #8110 ) ;
#9994 = VECTOR ( 'NONE', #9681, 1000.000000000000000 ) ;
#9995 = DIRECTION ( 'NONE',  ( 0.000000000000000000, -1.000000000000000000, 0.000000000000000000 ) ) ;
#9996 = AXIS2_PLACEMENT_3D ( 'NONE', #457, #10940, #2135 ) ;
#9997 = CARTESIAN_POINT ( 'NONE',  ( 1.125000000000000000, 0.2000000000000000111, 2.499999999999999556 ) ) ;
#9998 = ORIENTED_EDGE ( 'NONE', *, *, #7899, .F. ) ;
#9999 = DIRECTION ( 'NONE',  ( -0.000000000000000000, -1.000000000000000000, -0.000000000000000000 ) ) ;
#10000 = CARTESIAN_POINT ( 'NONE',  ( 0.1250000000000003608, 0.2000000000000000111, 2.225000000000000977 ) ) ;
#10001 = EDGE_CURVE ( 'NONE', #6558, #7276, #11233, .T. ) ;
#10002 = CARTESIAN_POINT ( 'NONE',  ( -0.7499999999999995559, 0.2000000000000000111, 2.224999999999990319 ) ) ;
#10003 = AXIS2_PLACEMENT_3D ( 'NONE', #847, #10348, #790 ) ;
#10004 = DIRECTION ( 'NONE',  ( 1.000000000000000000, -0.000000000000000000, -0.000000000000000000 ) ) ;
#10005 = PLANE ( 'NONE',  #7680 ) ;
#10006 = ORIENTED_EDGE ( 'NONE', *, *, #3069, .F. ) ;
#10007 = VECTOR ( 'NONE', #298, 1000.000000000000000 ) ;
#10008 = VECTOR ( 'NONE', #11061, 1000.000000000000000 ) ;
#10009 = CYLINDRICAL_SURFACE ( 'NONE', #11120, 0.1250000000000001110 ) ;
#10010 = VERTEX_POINT ( 'NONE', #4273 ) ;
#10011 = DIRECTION ( 'NONE',  ( 0.000000000000000000, -1.000000000000000000, 0.000000000000000000 ) ) ;
#10012 = CARTESIAN_POINT ( 'NONE',  ( -1.800000000000000044, 0.04999999999999999584, -1.649999999999998801 ) ) ;
#10013 = PLANE ( 'NONE',  #8547 ) ;
#10014 = ORIENTED_EDGE ( 'NONE', *, *, #10309, .T. ) ;
#10015 = DIRECTION ( 'NONE',  ( 0.000000000000000000, 0.000000000000000000, -1.000000000000000000 ) ) ;
#10016 = ORIENTED_EDGE ( 'NONE', *, *, #8310, .T. ) ;
#10017 = AXIS2_PLACEMENT_3D ( 'NONE', #7452, #5206, #10921 ) ;
#10018 = AXIS2_PLACEMENT_3D ( 'NONE', #10488, #7869, #8942 ) ;
#10019 = ADVANCED_FACE ( 'NONE', ( #6773 ), #5281, .T. ) ;
#10020 = PLANE ( 'NONE',  #3288 ) ;
#10021 = ADVANCED_FACE ( 'NONE', ( #1799 ), #9564, .T. ) ;
#10022 = DIRECTION ( 'NONE',  ( 0.000000000000000000, 0.000000000000000000, -1.000000000000000000 ) ) ;
#10023 = EDGE_CURVE ( 'NONE', #6332, #184, #5175, .T. ) ;
#10024 =( NAMED_UNIT ( * ) SI_UNIT ( $, .STERADIAN. ) SOLID_ANGLE_UNIT ( ) );
#10025 = VECTOR ( 'NONE', #11264, 1000.000000000000000 ) ;
#10026 = EDGE_LOOP ( 'NONE', ( #7673, #5644, #5343, #4861 ) ) ;
#10027 = CARTESIAN_POINT ( 'NONE',  ( 2.500000000000000000, 0.2000000000000000111, -0.1250000000000000555 ) ) ;
#10028 = PLANE ( 'NONE',  #9996 ) ;
#10029 = DIRECTION ( 'NONE',  ( 0.000000000000000000, -1.000000000000000000, 0.000000000000000000 ) ) ;
#10030 = VECTOR ( 'NONE', #1006, 1000.000000000000000 ) ;
#10031 = ORIENTED_EDGE ( 'NONE', *, *, #2429, .F. ) ;
#10032 = VECTOR ( 'NONE', #10238, 1000.000000000000000 ) ;
#10033 = CARTESIAN_POINT ( 'NONE',  ( -1.249999999999999556, 0.04999999999999999584, 2.099999999999996092 ) ) ;
#10034 = CYLINDRICAL_SURFACE ( 'NONE', #9094, 0.1249999999999998890 ) ;
#10035 = EDGE_LOOP ( 'NONE', ( #4900, #9641, #3294, #10192 ) ) ;
#10036 = PLANE ( 'NONE',  #3832 ) ;
#10037 = AXIS2_PLACEMENT_3D ( 'NONE', #3469, #7647, #749 ) ;
#10038 = ADVANCED_FACE ( 'NONE', ( #972 ), #6077, .T. ) ;
#10039 = VECTOR ( 'NONE', #7109, 1000.000000000000000 ) ;
#10040 = CARTESIAN_POINT ( 'NONE',  ( -1.624999999999999334, 0.2000000000000000111, 2.500000000000000000 ) ) ;
#10041 = DIRECTION ( 'NONE',  ( 1.000000000000000000, 0.000000000000000000, 0.000000000000000000 ) ) ;
#10042 = ORIENTED_EDGE ( 'NONE', *, *, #657, .F. ) ;
#10043 = CARTESIAN_POINT ( 'NONE',  ( 2.500000000000000000, 0.2000000000000000111, 0.8749999999999996669 ) ) ;
#10044 = CARTESIAN_POINT ( 'NONE',  ( 0.6250000000000003331, 0.2000000000000000111, 2.499999999999999556 ) ) ;
#10045 = ORIENTED_EDGE ( 'NONE', *, *, #7152, .F. ) ;
#10046 = AXIS2_PLACEMENT_3D ( 'NONE', #3688, #4485, #9731 ) ;
#10047 = DIRECTION ( 'NONE',  ( -0.000000000000000000, 0.000000000000000000, 1.000000000000000000 ) ) ;
#10048 = VERTEX_POINT ( 'NONE', #2469 ) ;
#10049 = AXIS2_PLACEMENT_3D ( 'NONE', #4303, #2385, #10393 ) ;
#10050 = ORIENTED_EDGE ( 'NONE', *, *, #10864, .F. ) ;
#10051 = ORIENTED_EDGE ( 'NONE', *, *, #4989, .F. ) ;
#10052 = ADVANCED_FACE ( 'NONE', ( #7805 ), #802, .T. ) ;
#10053 = ADVANCED_FACE ( 'NONE', ( #11292 ), #9501, .F. ) ;
#10054 = EDGE_CURVE ( 'NONE', #540, #3761, #6419, .T. ) ;
#10055 = AXIS2_PLACEMENT_3D ( 'NONE', #1222, #3906, #3745 ) ;
#10056 = AXIS2_PLACEMENT_3D ( 'NONE', #1877, #7884, #6263 ) ;
#10057 = DIRECTION ( 'NONE',  ( 0.000000000000000000, 1.000000000000000000, -0.000000000000000000 ) ) ;
#10058 = ORIENTED_EDGE ( 'NONE', *, *, #2032, .T. ) ;
#10059 = CARTESIAN_POINT ( 'NONE',  ( 2.224999999999965006, 0.000000000000000000, -1.749999999999999334 ) ) ;
#10060 = LINE ( 'NONE', #5933, #3221 ) ;
#10061 = DIRECTION ( 'NONE',  ( -0.000000000000000000, -0.000000000000000000, -1.000000000000000000 ) ) ;
#10062 = STYLED_ITEM ( 'NONE', ( #9965 ), #3779 ) ;
#10063 = EDGE_CURVE ( 'NONE', #4729, #4234, #2592, .T. ) ;
#10064 = PRESENTATION_LAYER_ASSIGNMENT (  '', '', ( #8982 ) ) ;
#10065 = CARTESIAN_POINT ( 'NONE',  ( 2.224999999999975220, 0.2000000000000000111, -0.8749999999999998890 ) ) ;
#10066 = AXIS2_PLACEMENT_3D ( 'NONE', #4573, #2954, #6429 ) ;
#10067 = FACE_OUTER_BOUND ( 'NONE', #5999, .T. ) ;
#10068 = ORIENTED_EDGE ( 'NONE', *, *, #439, .F. ) ;
#10069 = CIRCLE ( 'NONE', #3888, 0.1499999999999999667 ) ;
#10070 = CARTESIAN_POINT ( 'NONE',  ( 0.3750000000000003331, 0.2000000000000000111, -2.225000000000001421 ) ) ;
#10071 = ORIENTED_EDGE ( 'NONE', *, *, #8664, .F. ) ;
#10072 = CARTESIAN_POINT ( 'NONE',  ( -1.874999999999999334, 0.2000000000000000111, 2.500000000000000000 ) ) ;
#10073 = FACE_OUTER_BOUND ( 'NONE', #10035, .T. ) ;
#10074 = LINE ( 'NONE', #5723, #6738 ) ;
#10075 = CARTESIAN_POINT ( 'NONE',  ( 1.125000000000000000, 0.2000000000000000111, 2.499999999999999556 ) ) ;
#10076 = VERTEX_POINT ( 'NONE', #1744 ) ;
#10077 = DIRECTION ( 'NONE',  ( 1.000000000000000000, 0.000000000000000000, -7.885106708985523547E-16 ) ) ;
#10078 = ORIENTED_EDGE ( 'NONE', *, *, #1380, .T. ) ;
#10079 = ORIENTED_EDGE ( 'NONE', *, *, #9206, .F. ) ;
#10080 = AXIS2_PLACEMENT_3D ( 'NONE', #2460, #9423, #8647 ) ;
#10081 = LINE ( 'NONE', #7357, #5830 ) ;
#10082 = LINE ( 'NONE', #9221, #478 ) ;
#10083 = AXIS2_PLACEMENT_3D ( 'NONE', #185, #10627, #3775 ) ;
#10084 = CARTESIAN_POINT ( 'NONE',  ( -1.124999999999999778, 0.2000000000000000111, 2.225000000000000977 ) ) ;
#10085 = ORIENTED_EDGE ( 'NONE', *, *, #7615, .T. ) ;
#10086 = DIRECTION ( 'NONE',  ( 0.000000000000000000, 1.000000000000000000, -0.000000000000000000 ) ) ;
#10087 = CARTESIAN_POINT ( 'NONE',  ( 1.749999999999999778, 0.2000000000000000111, 2.224999999999964118 ) ) ;
#10088 = DIRECTION ( 'NONE',  ( 0.000000000000000000, 0.000000000000000000, 1.000000000000000000 ) ) ;
#10089 = EDGE_LOOP ( 'NONE', ( #4696, #858, #7413, #5199 ) ) ;
#10090 = CARTESIAN_POINT ( 'NONE',  ( -2.499999999999994227, 0.2000000000000000111, -1.375000000000000000 ) ) ;
#10091 = FACE_OUTER_BOUND ( 'NONE', #9040, .T. ) ;
#10092 = ORIENTED_EDGE ( 'NONE', *, *, #2949, .F. ) ;
#10093 = SURFACE_SIDE_STYLE ('',( #5007 ) ) ;
#10094 = EDGE_CURVE ( 'NONE', #1111, #9622, #5224, .T. ) ;
#10095 = DIRECTION ( 'NONE',  ( 1.000000000000000000, -0.000000000000000000, -0.000000000000000000 ) ) ;
#10096 = PLANE ( 'NONE',  #7766 ) ;
#10097 = PLANE ( 'NONE',  #776 ) ;
#10098 = VERTEX_POINT ( 'NONE', #8655 ) ;
#10099 = LINE ( 'NONE', #1315, #2959 ) ;
#10100 = FACE_OUTER_BOUND ( 'NONE', #939, .T. ) ;
#10101 = CARTESIAN_POINT ( 'NONE',  ( 0.1250000000000005829, 0.2000000000000000111, -2.500000000000000000 ) ) ;
#10102 = ORIENTED_EDGE ( 'NONE', *, *, #4218, .T. ) ;
#10103 = CARTESIAN_POINT ( 'NONE',  ( -2.499999999999999556, 0.000000000000000000, -1.625000000000000222 ) ) ;
#10104 = ORIENTED_EDGE ( 'NONE', *, *, #7962, .T. ) ;
#10105 = FILL_AREA_STYLE_COLOUR ( '', #7285 ) ;
#10106 = EDGE_CURVE ( 'NONE', #897, #976, #2414, .T. ) ;
#10107 = VERTEX_POINT ( 'NONE', #6127 ) ;
#10108 = VECTOR ( 'NONE', #10004, 1000.000000000000000 ) ;
#10109 = LINE ( 'NONE', #4704, #10774 ) ;
#10110 = ORIENTED_EDGE ( 'NONE', *, *, #6564, .F. ) ;
#10111 = DIRECTION ( 'NONE',  ( 0.000000000000000000, 0.000000000000000000, 1.000000000000000000 ) ) ;
#10112 = CARTESIAN_POINT ( 'NONE',  ( -1.874999999999999334, 0.2000000000000000111, 2.500000000000000000 ) ) ;
#10113 = EDGE_CURVE ( 'NONE', #3825, #10125, #3140, .T. ) ;
#10114 = DIRECTION ( 'NONE',  ( 0.000000000000000000, 0.000000000000000000, -1.000000000000000000 ) ) ;
#10115 = CARTESIAN_POINT ( 'NONE',  ( -0.1249999999999996531, 0.2000000000000000111, -2.500000000000000000 ) ) ;
#10116 = DIRECTION ( 'NONE',  ( 0.000000000000000000, -1.000000000000000000, 0.000000000000000000 ) ) ;
#10117 = ORIENTED_EDGE ( 'NONE', *, *, #4552, .F. ) ;
#10118 = CARTESIAN_POINT ( 'NONE',  ( -2.499999999999963141, 0.2000000000000000111, 1.625000000000000222 ) ) ;
#10119 = ORIENTED_EDGE ( 'NONE', *, *, #850, .F. ) ;
#10120 = EDGE_CURVE ( 'NONE', #3905, #10629, #855, .T. ) ;
#10121 = DIRECTION ( 'NONE',  ( 0.000000000000000000, 0.000000000000000000, -1.000000000000000000 ) ) ;
#10122 = DIRECTION ( 'NONE',  ( -1.000000000000000000, 0.000000000000000000, 9.856383386231903201E-17 ) ) ;
#10123 = LINE ( 'NONE', #4089, #3631 ) ;
#10124 = ADVANCED_FACE ( 'NONE', ( #4617 ), #160, .F. ) ;
#10125 = VERTEX_POINT ( 'NONE', #4670 ) ;
#10126 = DIRECTION ( 'NONE',  ( -1.000000000000000000, 0.000000000000000000, 0.000000000000000000 ) ) ;
#10127 = AXIS2_PLACEMENT_3D ( 'NONE', #8895, #6312, #8114 ) ;
#10128 = ORIENTED_EDGE ( 'NONE', *, *, #4835, .F. ) ;
#10129 = CARTESIAN_POINT ( 'NONE',  ( -2.499999999999973799, 0.000000000000000000, 0.8749999999999998890 ) ) ;
#10130 = PLANE ( 'NONE',  #9591 ) ;
#10131 = CARTESIAN_POINT ( 'NONE',  ( 2.500000000000000000, 0.2000000000000000111, -1.124999999999999556 ) ) ;
#10132 = ORIENTED_EDGE ( 'NONE', *, *, #4358, .T. ) ;
#10133 = CARTESIAN_POINT ( 'NONE',  ( 0.2500000000000002776, 0.2000000000000000111, 2.224999999999980105 ) ) ;
#10134 = CARTESIAN_POINT ( 'NONE',  ( -2.224999999999985434, 0.2000000000000000111, -0.3749999999999998890 ) ) ;
#10135 = LINE ( 'NONE', #677, #1978 ) ;
#10136 = ORIENTED_EDGE ( 'NONE', *, *, #6422, .T. ) ;
#10137 =( LENGTH_UNIT ( ) NAMED_UNIT ( * ) SI_UNIT ( .MILLI., .METRE. ) );
#10138 = CARTESIAN_POINT ( 'NONE',  ( 2.500000000000000000, 0.2000000000000000111, 0.3749999999999999445 ) ) ;
#10139 = ORIENTED_EDGE ( 'NONE', *, *, #11181, .F. ) ;
#10140 = DIRECTION ( 'NONE',  ( -0.000000000000000000, 0.000000000000000000, 1.000000000000000000 ) ) ;
#10141 = DIRECTION ( 'NONE',  ( -0.000000000000000000, -1.000000000000000000, -0.000000000000000000 ) ) ;
#10142 = PLANE ( 'NONE',  #10418 ) ;
#10143 = ORIENTED_EDGE ( 'NONE', *, *, #4421, .T. ) ;
#10144 = DIRECTION ( 'NONE',  ( 0.000000000000000000, -0.000000000000000000, 1.000000000000000000 ) ) ;
#10145 = CYLINDRICAL_SURFACE ( 'NONE', #194, 0.1249999999999998890 ) ;
#10146 = FACE_OUTER_BOUND ( 'NONE', #4307, .T. ) ;
#10147 = EDGE_LOOP ( 'NONE', ( #925, #10520, #10956, #832 ) ) ;
#10148 = CARTESIAN_POINT ( 'NONE',  ( 1.649999999999999911, 0.2000000000000000111, -1.649999999999999911 ) ) ;
#10149 = ORIENTED_EDGE ( 'NONE', *, *, #1727, .F. ) ;
#10150 = ORIENTED_EDGE ( 'NONE', *, *, #7013, .T. ) ;
#10151 = ORIENTED_EDGE ( 'NONE', *, *, #3792, .T. ) ;
#10152 = VECTOR ( 'NONE', #3370, 1000.000000000000000 ) ;
#10153 = ADVANCED_FACE ( 'NONE', ( #10539 ), #5559, .T. ) ;
#10154 = CARTESIAN_POINT ( 'NONE',  ( -1.649999999999998801, 0.2000000000000000111, -1.800000000000000044 ) ) ;
#10155 = DIRECTION ( 'NONE',  ( -1.000000000000000000, 0.000000000000000000, 0.000000000000000000 ) ) ;
#10156 = ORIENTED_EDGE ( 'NONE', *, *, #6135, .F. ) ;
#10157 = CARTESIAN_POINT ( 'NONE',  ( -0.7499999999999995559, 0.04999999999999999584, 2.224999999999990319 ) ) ;
#10158 = LINE ( 'NONE', #10975, #8893 ) ;
#10159 = ADVANCED_FACE ( 'NONE', ( #4498 ), #2939, .T. ) ;
#10160 = CLOSED_SHELL ( 'NONE', ( #9541, #10308, #10052, #9378, #3926, #1525 ) ) ;
#10161 = ORIENTED_EDGE ( 'NONE', *, *, #10619, .T. ) ;
#10162 = ORIENTED_EDGE ( 'NONE', *, *, #3959, .F. ) ;
#10163 = LINE ( 'NONE', #6571, #1362 ) ;
#10164 = AXIS2_PLACEMENT_3D ( 'NONE', #458, #1405, #3935 ) ;
#10165 = VECTOR ( 'NONE', #3006, 1000.000000000000000 ) ;
#10166 = EDGE_CURVE ( 'NONE', #5843, #11262, #4438, .T. ) ;
#10167 = CARTESIAN_POINT ( 'NONE',  ( -2.224999999999974776, 0.2000000000000000111, 0.6250000000000001110 ) ) ;
#10168 = PLANE ( 'NONE',  #4577 ) ;
#10169 = ORIENTED_EDGE ( 'NONE', *, *, #2679, .F. ) ;
#10170 = LINE ( 'NONE', #10070, #8936 ) ;
#10171 = STYLED_ITEM ( 'NONE', ( #2440 ), #7197 ) ;
#10172 = EDGE_LOOP ( 'NONE', ( #1264, #491, #8321, #8509 ) ) ;
#10173 = CARTESIAN_POINT ( 'NONE',  ( -1.374999999999999112, 0.2000000000000000111, -2.500000000000000000 ) ) ;
#10174 = PLANE ( 'NONE',  #1876 ) ;
#10175 = CARTESIAN_POINT ( 'NONE',  ( -2.499999999999973799, 0.2000000000000000111, 0.8749999999999998890 ) ) ;
#10176 = CARTESIAN_POINT ( 'NONE',  ( 2.224999999999980549, 0.2000000000000000111, -0.2499999999999998890 ) ) ;
#10177 = ORIENTED_EDGE ( 'NONE', *, *, #10369, .F. ) ;
#10178 = FACE_OUTER_BOUND ( 'NONE', #7620, .T. ) ;
#10179 = PRESENTATION_LAYER_ASSIGNMENT (  '', '', ( #538 ) ) ;
#10180 = ADVANCED_FACE ( 'NONE', ( #7987 ), #8994, .F. ) ;
#10181 = EDGE_CURVE ( 'NONE', #7729, #1969, #3638, .T. ) ;
#10182 = ADVANCED_FACE ( 'NONE', ( #9907 ), #4442, .F. ) ;
#10183 = VECTOR ( 'NONE', #180, 1000.000000000000000 ) ;
#10184 = CARTESIAN_POINT ( 'NONE',  ( -2.499999999999999556, 0.2000000000000000111, -1.625000000000000222 ) ) ;
#10185 = FILL_AREA_STYLE ('',( #8435 ) ) ;
#10186 = ORIENTED_EDGE ( 'NONE', *, *, #4339, .T. ) ;
#10187 = DIRECTION ( 'NONE',  ( -1.000000000000000000, 0.000000000000000000, 9.856383386231904433E-17 ) ) ;
#10188 = CARTESIAN_POINT ( 'NONE',  ( 1.375000000000000000, 0.000000000000000000, -2.225000000000001421 ) ) ;
#10189 = LINE ( 'NONE', #7416, #1093 ) ;
#10190 = ORIENTED_EDGE ( 'NONE', *, *, #2740, .F. ) ;
#10191 = AXIS2_PLACEMENT_3D ( 'NONE', #4276, #8713, #6946 ) ;
#10192 = ORIENTED_EDGE ( 'NONE', *, *, #4283, .T. ) ;
#10193 = ORIENTED_EDGE ( 'NONE', *, *, #631, .T. ) ;
#10194 =( NAMED_UNIT ( * ) SI_UNIT ( $, .STERADIAN. ) SOLID_ANGLE_UNIT ( ) );
#10195 = ORIENTED_EDGE ( 'NONE', *, *, #11288, .T. ) ;
#10196 = AXIS2_PLACEMENT_3D ( 'NONE', #7076, #1037, #5297 ) ;
#10197 = VECTOR ( 'NONE', #8107, 1000.000000000000000 ) ;
#10198 = EDGE_CURVE ( 'NONE', #10900, #7729, #8941, .T. ) ;
#10199 = AXIS2_PLACEMENT_3D ( 'NONE', #23, #1663, #8631 ) ;
#10200 = AXIS2_PLACEMENT_3D ( 'NONE', #2708, #6012, #2772 ) ;
#10201 = CYLINDRICAL_SURFACE ( 'NONE', #9299, 0.1250000000000001110 ) ;
#10202 = CARTESIAN_POINT ( 'NONE',  ( -0.3749999999999996114, 0.2000000000000000111, 2.499999999999999556 ) ) ;
#10203 = DIRECTION ( 'NONE',  ( -0.000000000000000000, 0.000000000000000000, 1.000000000000000000 ) ) ;
#10204 = FILL_AREA_STYLE ('',( #4057 ) ) ;
#10205 = ORIENTED_EDGE ( 'NONE', *, *, #1010, .T. ) ;
#10206 = LINE ( 'NONE', #7487, #9890 ) ;
#10207 = CARTESIAN_POINT ( 'NONE',  ( 2.224999999999980549, 0.2000000000000000111, -0.2499999999999998890 ) ) ;
#10208 = LINE ( 'NONE', #5859, #1795 ) ;
#10209 = DIRECTION ( 'NONE',  ( 0.000000000000000000, -0.000000000000000000, 1.000000000000000000 ) ) ;
#10210 = ORIENTED_EDGE ( 'NONE', *, *, #864, .T. ) ;
#10211 = LINE ( 'NONE', #7725, #10648 ) ;
#10212 = DIRECTION ( 'NONE',  ( -1.000000000000000000, 0.000000000000000000, 0.000000000000000000 ) ) ;
#10213 = ORIENTED_EDGE ( 'NONE', *, *, #1396, .T. ) ;
#10214 = EDGE_LOOP ( 'NONE', ( #10335, #7434, #5167, #424 ) ) ;
#10215 = AXIS2_PLACEMENT_3D ( 'NONE', #8449, #512, #10954 ) ;
#10216 = AXIS2_PLACEMENT_3D ( 'NONE', #8252, #6637, #9203 ) ;
#10217 = EDGE_CURVE ( 'NONE', #8690, #6657, #4559, .T. ) ;
#10218 = DIRECTION ( 'NONE',  ( 0.000000000000000000, 0.000000000000000000, -1.000000000000000000 ) ) ;
#10219 = AXIS2_PLACEMENT_3D ( 'NONE', #5047, #1911, #7754 ) ;
#10220 = FILL_AREA_STYLE ('',( #1487 ) ) ;
#10221 = VERTEX_POINT ( 'NONE', #1027 ) ;
#10222 = CARTESIAN_POINT ( 'NONE',  ( 1.874999999999998002, 0.05000000000000000278, -1.478457507934784063E-15 ) ) ;
#10223 = PLANE ( 'NONE',  #4335 ) ;
#10224 = VECTOR ( 'NONE', #4976, 1000.000000000000000 ) ;
#10225 = ORIENTED_EDGE ( 'NONE', *, *, #4490, .F. ) ;
#10226 = CARTESIAN_POINT ( 'NONE',  ( -1.124999999999999778, 0.2000000000000000111, 2.225000000000000977 ) ) ;
#10227 = VECTOR ( 'NONE', #1328, 1000.000000000000000 ) ;
#10228 = AXIS2_PLACEMENT_3D ( 'NONE', #9450, #4161, #1649 ) ;
#10229 = EDGE_CURVE ( 'NONE', #84, #2305, #2833, .T. ) ;
#10230 = PRESENTATION_STYLE_ASSIGNMENT (( #3259 ) ) ;
#10231 = CARTESIAN_POINT ( 'NONE',  ( -0.6249999999999995559, 0.2000000000000000111, -2.500000000000000000 ) ) ;
#10232 = ORIENTED_EDGE ( 'NONE', *, *, #2932, .T. ) ;
#10233 = CARTESIAN_POINT ( 'NONE',  ( -2.224999999999980105, 0.04999999999999999584, 0.3749999999999998890 ) ) ;
#10234 = VECTOR ( 'NONE', #8670, 1000.000000000000000 ) ;
#10235 = ORIENTED_EDGE ( 'NONE', *, *, #2068, .T. ) ;
#10236 = CARTESIAN_POINT ( 'NONE',  ( 0.1250000000000003608, 0.04999999999999999584, 2.225000000000000977 ) ) ;
#10237 = PLANE ( 'NONE',  #5525 ) ;
#10238 = DIRECTION ( 'NONE',  ( -0.000000000000000000, -1.000000000000000000, -0.000000000000000000 ) ) ;
#10239 = DIRECTION ( 'NONE',  ( 0.000000000000000000, 0.000000000000000000, 1.000000000000000000 ) ) ;
#10240 = AXIS2_PLACEMENT_3D ( 'NONE', #733, #9222, #7582 ) ;
#10241 = ORIENTED_EDGE ( 'NONE', *, *, #5759, .F. ) ;
#10242 = DIRECTION ( 'NONE',  ( -0.000000000000000000, -1.000000000000000000, -0.000000000000000000 ) ) ;
#10243 = EDGE_CURVE ( 'NONE', #10476, #8168, #1862, .T. ) ;
#10244 = AXIS2_PLACEMENT_3D ( 'NONE', #9275, #3937, #7418 ) ;
#10245 = AXIS2_PLACEMENT_3D ( 'NONE', #621, #2193, #1353 ) ;
#10246 = CIRCLE ( 'NONE', #799, 0.1249999999999996808 ) ;
#10247 = DIRECTION ( 'NONE',  ( 0.000000000000000000, -1.000000000000000000, 0.000000000000000000 ) ) ;
#10248 = CARTESIAN_POINT ( 'NONE',  ( 0.3750000000000001665, 0.000000000000000000, 2.499999999999999556 ) ) ;
#10249 = ORIENTED_EDGE ( 'NONE', *, *, #3384, .F. ) ;
#10250 = CARTESIAN_POINT ( 'NONE',  ( 1.249999999999999778, 0.2000000000000000111, 2.224999999999969003 ) ) ;
#10251 = DIRECTION ( 'NONE',  ( -0.000000000000000000, -1.000000000000000000, -0.000000000000000000 ) ) ;
#10252 = CARTESIAN_POINT ( 'NONE',  ( -2.499999999999963141, 0.2000000000000000111, 1.875000000000000000 ) ) ;
#10253 = ORIENTED_EDGE ( 'NONE', *, *, #3014, .F. ) ;
#10254 = VECTOR ( 'NONE', #7290, 1000.000000000000000 ) ;
#10255 = ORIENTED_EDGE ( 'NONE', *, *, #685, .F. ) ;
#10256 = ORIENTED_EDGE ( 'NONE', *, *, #9016, .T. ) ;
#10257 = EDGE_CURVE ( 'NONE', #477, #2601, #2711, .T. ) ;
#10258 = EDGE_CURVE ( 'NONE', #9320, #9443, #10710, .T. ) ;
#10259 = VECTOR ( 'NONE', #2343, 1000.000000000000000 ) ;
#10260 = PLANE ( 'NONE',  #766 ) ;
#10261 = DIRECTION ( 'NONE',  ( -0.000000000000000000, 0.000000000000000000, -1.000000000000000000 ) ) ;
#10262 = SURFACE_SIDE_STYLE ('',( #6665 ) ) ;
#10263 = ORIENTED_EDGE ( 'NONE', *, *, #5521, .T. ) ;
#10264 = FACE_OUTER_BOUND ( 'NONE', #10654, .T. ) ;
#10265 = PLANE ( 'NONE',  #9836 ) ;
#10266 = CARTESIAN_POINT ( 'NONE',  ( -1.874999999999999112, 0.2000000000000000111, -2.225000000000001421 ) ) ;
#10267 = CYLINDRICAL_SURFACE ( 'NONE', #1781, 0.1249999999999998890 ) ;
#10268 = ORIENTED_EDGE ( 'NONE', *, *, #5596, .T. ) ;
#10269 = DIRECTION ( 'NONE',  ( 0.000000000000000000, -1.000000000000000000, 0.000000000000000000 ) ) ;
#10270 = CARTESIAN_POINT ( 'NONE',  ( -1.624999999999999334, 0.2000000000000000111, 2.500000000000000000 ) ) ;
#10271 = ORIENTED_EDGE ( 'NONE', *, *, #7880, .F. ) ;
#10272 =( LENGTH_UNIT ( ) NAMED_UNIT ( * ) SI_UNIT ( .MILLI., .METRE. ) );
#10273 = ORIENTED_EDGE ( 'NONE', *, *, #8104, .F. ) ;
#10274 = EDGE_CURVE ( 'NONE', #119, #7352, #4247, .T. ) ;
#10275 = EDGE_CURVE ( 'NONE', #10387, #9926, #2024, .T. ) ;
#10276 = ORIENTED_EDGE ( 'NONE', *, *, #8594, .F. ) ;
#10277 = ORIENTED_EDGE ( 'NONE', *, *, #5393, .T. ) ;
#10278 = DIRECTION ( 'NONE',  ( 0.000000000000000000, 0.000000000000000000, 1.000000000000000000 ) ) ;
#10279 = DIRECTION ( 'NONE',  ( 0.000000000000000000, 1.000000000000000000, 0.000000000000000000 ) ) ;
#10280 = EDGE_LOOP ( 'NONE', ( #11183, #2636, #10625, #7737 ) ) ;
#10281 = DIRECTION ( 'NONE',  ( 0.000000000000000000, -0.000000000000000000, -1.000000000000000000 ) ) ;
#10282 = DIRECTION ( 'NONE',  ( 0.000000000000000000, 0.000000000000000000, -1.000000000000000000 ) ) ;
#10283 = VERTEX_POINT ( 'NONE', #5511 ) ;
#10284 = DIRECTION ( 'NONE',  ( -1.000000000000000000, 0.000000000000000000, 0.000000000000000000 ) ) ;
#10285 = CARTESIAN_POINT ( 'NONE',  ( 0.6250000000000004441, 0.2000000000000000111, -2.500000000000000000 ) ) ;
#10286 = ORIENTED_EDGE ( 'NONE', *, *, #2144, .F. ) ;
#10287 = LINE ( 'NONE', #10072, #9531 ) ;
#10288 = DIRECTION ( 'NONE',  ( 0.000000000000000000, -0.000000000000000000, -1.000000000000000000 ) ) ;
#10289 = CARTESIAN_POINT ( 'NONE',  ( 2.224999999999985878, 0.2000000000000000111, 0.1250000000000002220 ) ) ;
#10290 = EDGE_CURVE ( 'NONE', #2452, #7592, #3582, .T. ) ;
#10291 = ORIENTED_EDGE ( 'NONE', *, *, #92, .T. ) ;
#10292 = CYLINDRICAL_SURFACE ( 'NONE', #2963, 0.1250000000000001110 ) ;
#10293 = EDGE_CURVE ( 'NONE', #2156, #5238, #1922, .T. ) ;
#10294 = CARTESIAN_POINT ( 'NONE',  ( 2.500000000000000000, 0.2000000000000000111, 0.1250000000000001665 ) ) ;
#10295 = DIRECTION ( 'NONE',  ( 0.000000000000000000, 0.000000000000000000, 1.000000000000000000 ) ) ;
#10296 = ORIENTED_EDGE ( 'NONE', *, *, #2001, .F. ) ;
#10297 = VECTOR ( 'NONE', #9052, 1000.000000000000000 ) ;
#10298 = DIRECTION ( 'NONE',  ( 0.000000000000000000, 0.000000000000000000, -1.000000000000000000 ) ) ;
#10299 = DIRECTION ( 'NONE',  ( -0.000000000000000000, -1.000000000000000000, -0.000000000000000000 ) ) ;
#10300 = CARTESIAN_POINT ( 'NONE',  ( 0.6250000000000004441, 0.2000000000000000111, -2.500000000000000000 ) ) ;
#10301 = EDGE_CURVE ( 'NONE', #5557, #2913, #6696, .T. ) ;
#10302 = EDGE_LOOP ( 'NONE', ( #9667, #6645, #8182, #6082 ) ) ;
#10303 = VERTEX_POINT ( 'NONE', #7398 ) ;
#10304 = ORIENTED_EDGE ( 'NONE', *, *, #2581, .F. ) ;
#10305 = CARTESIAN_POINT ( 'NONE',  ( -2.499999999999989342, 0.2000000000000000111, -0.8749999999999998890 ) ) ;
#10306 = ORIENTED_EDGE ( 'NONE', *, *, #9984, .T. ) ;
#10307 = AXIS2_PLACEMENT_3D ( 'NONE', #7174, #1329, #2165 ) ;
#10308 = ADVANCED_FACE ( 'NONE', ( #10073 ), #1287, .F. ) ;
#10309 = EDGE_CURVE ( 'NONE', #8111, #6101, #8359, .T. ) ;
#10310 = DIRECTION ( 'NONE',  ( 0.000000000000000000, -0.000000000000000000, -1.000000000000000000 ) ) ;
#10311 = DIRECTION ( 'NONE',  ( 0.000000000000000000, -0.000000000000000000, -1.000000000000000000 ) ) ;
#10312 = CARTESIAN_POINT ( 'NONE',  ( 0.8750000000000002220, 0.2000000000000000111, -2.500000000000000000 ) ) ;
#10313 = DIRECTION ( 'NONE',  ( 0.000000000000000000, 1.000000000000000000, 0.000000000000000000 ) ) ;
#10314 = VERTEX_POINT ( 'NONE', #3207 ) ;
#10315 = DIRECTION ( 'NONE',  ( 0.000000000000000000, -0.000000000000000000, 1.000000000000000000 ) ) ;
#10316 = CARTESIAN_POINT ( 'NONE',  ( -2.224999999999964562, 0.2000000000000000111, 1.875000000000000000 ) ) ;
#10317 = FACE_OUTER_BOUND ( 'NONE', #6283, .T. ) ;
#10318 = LINE ( 'NONE', #7775, #10901 ) ;
#10319 = ORIENTED_EDGE ( 'NONE', *, *, #5648, .T. ) ;
#10320 = VECTOR ( 'NONE', #3797, 1000.000000000000000 ) ;
#10321 = SURFACE_STYLE_FILL_AREA ( #996 ) ;
#10322 = CARTESIAN_POINT ( 'NONE',  ( 2.225000000000001421, 0.000000000000000000, 1.749999999999999778 ) ) ;
#10323 = ORIENTED_EDGE ( 'NONE', *, *, #4269, .F. ) ;
#10324 = CARTESIAN_POINT ( 'NONE',  ( -2.499999999999989342, 0.000000000000000000, -0.6250000000000001110 ) ) ;
#10325 = VERTEX_POINT ( 'NONE', #4932 ) ;
#10326 = ORIENTED_EDGE ( 'NONE', *, *, #9462, .F. ) ;
#10327 = EDGE_CURVE ( 'NONE', #10927, #8436, #5349, .T. ) ;
#10328 = ADVANCED_FACE ( 'NONE', ( #488 ), #10174, .F. ) ;
#10329 = EDGE_CURVE ( 'NONE', #9134, #6302, #2225, .T. ) ;
#10330 = DIRECTION ( 'NONE',  ( 0.000000000000000000, -0.000000000000000000, -1.000000000000000000 ) ) ;
#10331 = LINE ( 'NONE', #2499, #2557 ) ;
#10332 = ORIENTED_EDGE ( 'NONE', *, *, #6889, .F. ) ;
#10333 = DIRECTION ( 'NONE',  ( 0.000000000000000000, -1.000000000000000000, 0.000000000000000000 ) ) ;
#10334 = CARTESIAN_POINT ( 'NONE',  ( -1.374999999999999112, 0.2000000000000000111, -2.500000000000000000 ) ) ;
#10335 = ORIENTED_EDGE ( 'NONE', *, *, #7540, .T. ) ;
#10336 = VERTEX_POINT ( 'NONE', #4872 ) ;
#10337 = AXIS2_PLACEMENT_3D ( 'NONE', #1549, #4183, #7669 ) ;
#10338 = LINE ( 'NONE', #10226, #5551 ) ;
#10339 = ADVANCED_FACE ( 'NONE', ( #6642 ), #7515, .F. ) ;
#10340 = FACE_OUTER_BOUND ( 'NONE', #8833, .T. ) ;
#10341 = CLOSED_SHELL ( 'NONE', ( #10547, #9972, #7972, #9601 ) ) ;
#10342 = CARTESIAN_POINT ( 'NONE',  ( -0.8749999999999994449, 0.2000000000000000111, 2.499999999999999556 ) ) ;
#10343 = ORIENTED_EDGE ( 'NONE', *, *, #4501, .T. ) ;
#10344 = LINE ( 'NONE', #2515, #4131 ) ;
#10345 = ORIENTED_EDGE ( 'NONE', *, *, #5353, .T. ) ;
#10346 = DIRECTION ( 'NONE',  ( -3.154042683594199163E-15, 0.000000000000000000, 1.000000000000000000 ) ) ;
#10347 = DIRECTION ( 'NONE',  ( 1.000000000000000000, 0.000000000000000000, 0.000000000000000000 ) ) ;
#10348 = DIRECTION ( 'NONE',  ( 0.000000000000000000, 1.000000000000000000, -0.000000000000000000 ) ) ;
#10349 = ORIENTED_EDGE ( 'NONE', *, *, #1145, .T. ) ;
#10350 = VECTOR ( 'NONE', #4649, 1000.000000000000000 ) ;
#10351 = CARTESIAN_POINT ( 'NONE',  ( -0.8749999999999994449, 0.2000000000000000111, 2.225000000000000977 ) ) ;
#10352 = AXIS2_PLACEMENT_3D ( 'NONE', #3600, #297, #4516 ) ;
#10353 = VECTOR ( 'NONE', #10426, 1000.000000000000000 ) ;
#10354 = CARTESIAN_POINT ( 'NONE',  ( 2.500000000000000000, 0.2000000000000000111, -0.6250000000000001110 ) ) ;
#10355 = ORIENTED_EDGE ( 'NONE', *, *, #9263, .T. ) ;
#10356 =( NAMED_UNIT ( * ) PLANE_ANGLE_UNIT ( ) SI_UNIT ( $, .RADIAN. ) );
#10357 = DIRECTION ( 'NONE',  ( -0.000000000000000000, -1.000000000000000000, -0.000000000000000000 ) ) ;
#10358 = CARTESIAN_POINT ( 'NONE',  ( -0.2499999999999997224, 0.2000000000000000111, 2.224999999999985434 ) ) ;
#10359 = DIRECTION ( 'NONE',  ( 0.000000000000000000, -0.000000000000000000, -1.000000000000000000 ) ) ;
#10360 = VERTEX_POINT ( 'NONE', #10872 ) ;
#10361 = CARTESIAN_POINT ( 'NONE',  ( 1.249999999999999778, 0.000000000000000000, 2.099999999999969003 ) ) ;
#10362 = EDGE_LOOP ( 'NONE', ( #1406, #1866, #95, #1522 ) ) ;
#10363 = VERTEX_POINT ( 'NONE', #2288 ) ;
#10364 = CARTESIAN_POINT ( 'NONE',  ( 2.500000000000000000, 0.2000000000000000111, 0.8749999999999996669 ) ) ;
#10365 = VERTEX_POINT ( 'NONE', #3040 ) ;
#10366 = VECTOR ( 'NONE', #8261, 1000.000000000000000 ) ;
#10367 = ADVANCED_FACE ( 'NONE', ( #8422 ), #9098, .T. ) ;
#10368 = VECTOR ( 'NONE', #7887, 1000.000000000000000 ) ;
#10369 = EDGE_CURVE ( 'NONE', #7979, #5323, #6518, .T. ) ;
#10370 = FACE_OUTER_BOUND ( 'NONE', #6750, .T. ) ;
#10371 = FACE_OUTER_BOUND ( 'NONE', #1393, .T. ) ;
#10372 = DIRECTION ( 'NONE',  ( 0.000000000000000000, 0.000000000000000000, -1.000000000000000000 ) ) ;
#10373 = FILL_AREA_STYLE ('',( #7716 ) ) ;
#10374 = VERTEX_POINT ( 'NONE', #7575 ) ;
#10375 = DIRECTION ( 'NONE',  ( -0.000000000000000000, 0.000000000000000000, -1.000000000000000000 ) ) ;
#10376 = LINE ( 'NONE', #6960, #7286 ) ;
#10377 = CARTESIAN_POINT ( 'NONE',  ( -1.749999999999999112, 0.2000000000000000111, -2.224999999999965006 ) ) ;
#10378 = CARTESIAN_POINT ( 'NONE',  ( -1.849999999999999645, 0.8499999999999999778, -2.050000000000000266 ) ) ;
#10379 = AXIS2_PLACEMENT_3D ( 'NONE', #296, #8165, #10724 ) ;
#10380 = VERTEX_POINT ( 'NONE', #7456 ) ;
#10381 = AXIS2_PLACEMENT_3D ( 'NONE', #1086, #7934, #8045 ) ;
#10382 = FILL_AREA_STYLE_COLOUR ( '', #9357 ) ;
#10383 = DIRECTION ( 'NONE',  ( -0.000000000000000000, 1.000000000000000000, -0.000000000000000000 ) ) ;
#10384 = ORIENTED_EDGE ( 'NONE', *, *, #3753, .F. ) ;
#10385 = CARTESIAN_POINT ( 'NONE',  ( -2.499999999999968470, 0.2000000000000000111, 1.125000000000000222 ) ) ;
#10386 = ORIENTED_EDGE ( 'NONE', *, *, #5912, .F. ) ;
#10387 = VERTEX_POINT ( 'NONE', #6464 ) ;
#10388 = ORIENTED_EDGE ( 'NONE', *, *, #10601, .F. ) ;
#10389 = ORIENTED_EDGE ( 'NONE', *, *, #7182, .T. ) ;
#10390 =( GEOMETRIC_REPRESENTATION_CONTEXT ( 3 ) GLOBAL_UNCERTAINTY_ASSIGNED_CONTEXT ( ( #4732 ) ) GLOBAL_UNIT_ASSIGNED_CONTEXT ( ( #6636, #8521, #5937 ) ) REPRESENTATION_CONTEXT ( 'NONE', 'WORKASPACE' ) );
#10391 = VECTOR ( 'NONE', #2935, 1000.000000000000000 ) ;
#10392 = EDGE_CURVE ( 'NONE', #9047, #5751, #11039, .T. ) ;
#10393 = DIRECTION ( 'NONE',  ( 0.000000000000000000, 0.000000000000000000, -1.000000000000000000 ) ) ;
#10394 = EDGE_LOOP ( 'NONE', ( #4544, #10271, #4774, #10235 ) ) ;
#10395 = DIRECTION ( 'NONE',  ( 0.000000000000000000, 0.000000000000000000, 1.000000000000000000 ) ) ;
#10396 = CARTESIAN_POINT ( 'NONE',  ( -1.649999999999998801, 0.2000000000000000111, 1.799999999999999822 ) ) ;
#10397 = AXIS2_PLACEMENT_3D ( 'NONE', #5157, #4423, #7850 ) ;
#10398 = ORIENTED_EDGE ( 'NONE', *, *, #6470, .T. ) ;
#10399 = VECTOR ( 'NONE', #1065, 1000.000000000000000 ) ;
#10400 = AXIS2_PLACEMENT_3D ( 'NONE', #1903, #1008, #2973 ) ;
#10401 = DIRECTION ( 'NONE',  ( 0.000000000000000000, -0.000000000000000000, -1.000000000000000000 ) ) ;
#10402 = EDGE_CURVE ( 'NONE', #10374, #6036, #5607, .T. ) ;
#10403 = EDGE_CURVE ( 'NONE', #10490, #8700, #5665, .T. ) ;
#10404 = ADVANCED_FACE ( 'NONE', ( #10923 ), #1343, .F. ) ;
#10405 = VECTOR ( 'NONE', #239, 1000.000000000000000 ) ;
#10406 =( GEOMETRIC_REPRESENTATION_CONTEXT ( 3 ) GLOBAL_UNCERTAINTY_ASSIGNED_CONTEXT ( ( #7720 ) ) GLOBAL_UNIT_ASSIGNED_CONTEXT ( ( #3312, #1719, #8633 ) ) REPRESENTATION_CONTEXT ( 'NONE', 'WORKASPACE' ) );
#10407 = FACE_OUTER_BOUND ( 'NONE', #7920, .T. ) ;
#10408 = DIRECTION ( 'NONE',  ( 0.000000000000000000, 0.000000000000000000, 1.000000000000000000 ) ) ;
#10409 = VERTEX_POINT ( 'NONE', #4778 ) ;
#10410 = DIRECTION ( 'NONE',  ( -0.000000000000000000, -1.000000000000000000, -0.000000000000000000 ) ) ;
#10411 = CARTESIAN_POINT ( 'NONE',  ( 1.625000000000000000, 0.2000000000000000111, -2.500000000000000000 ) ) ;
#10412 = DIRECTION ( 'NONE',  ( 0.000000000000000000, -1.000000000000000000, 0.000000000000000000 ) ) ;
#10413 = DIRECTION ( 'NONE',  ( 0.000000000000000000, -1.000000000000000000, 0.000000000000000000 ) ) ;
#10414 = AXIS2_PLACEMENT_3D ( 'NONE', #1453, #6474, #8269 ) ;
#10415 = EDGE_LOOP ( 'NONE', ( #2514, #2838, #4639, #5160, #60 ) ) ;
#10416 = CARTESIAN_POINT ( 'NONE',  ( 0.7500000000000003331, 0.2000000000000000111, -2.224999999999990763 ) ) ;
#10417 = EDGE_CURVE ( 'NONE', #10905, #1373, #8259, .T. ) ;
#10418 = AXIS2_PLACEMENT_3D ( 'NONE', #8390, #6893, #1582 ) ;
#10419 = VECTOR ( 'NONE', #6568, 1000.000000000000000 ) ;
#10420 = DIRECTION ( 'NONE',  ( 0.000000000000000000, 0.000000000000000000, -1.000000000000000000 ) ) ;
#10421 = ORIENTED_EDGE ( 'NONE', *, *, #8238, .T. ) ;
#10422 = DIRECTION ( 'NONE',  ( -0.000000000000000000, -1.000000000000000000, -0.000000000000000000 ) ) ;
#10423 = DIRECTION ( 'NONE',  ( -1.000000000000000000, 0.000000000000000000, 0.000000000000000000 ) ) ;
#10425 = CARTESIAN_POINT ( 'NONE',  ( 0.000000000000000000, 0.05000000000000000278, 1.374999999999999778 ) ) ;
#10424 = UNCERTAINTY_MEASURE_WITH_UNIT (LENGTH_MEASURE( 1.000000000000000082E-05 ), #2738, 'distance_accuracy_value', 'NONE');
#10426 = DIRECTION ( 'NONE',  ( 0.000000000000000000, 0.000000000000000000, 1.000000000000000000 ) ) ;
#10427 = ORIENTED_EDGE ( 'NONE', *, *, #10293, .F. ) ;
#10428 = DIRECTION ( 'NONE',  ( 0.000000000000000000, 0.000000000000000000, -1.000000000000000000 ) ) ;
#10429 = EDGE_LOOP ( 'NONE', ( #6865, #9101, #4294, #2375 ) ) ;
#10430 = ORIENTED_EDGE ( 'NONE', *, *, #8464, .F. ) ;
#10431 = PLANE ( 'NONE',  #1317 ) ;
#10432 = ORIENTED_EDGE ( 'NONE', *, *, #436, .T. ) ;
#10433 = EDGE_CURVE ( 'NONE', #8475, #1611, #6581, .T. ) ;
#10434 =( GEOMETRIC_REPRESENTATION_CONTEXT ( 3 ) GLOBAL_UNCERTAINTY_ASSIGNED_CONTEXT ( ( #4841 ) ) GLOBAL_UNIT_ASSIGNED_CONTEXT ( ( #1103, #9805, #6376 ) ) REPRESENTATION_CONTEXT ( 'NONE', 'WORKASPACE' ) );
#10435 = VECTOR ( 'NONE', #5239, 1000.000000000000000 ) ;
#10436 = ORIENTED_EDGE ( 'NONE', *, *, #9674, .F. ) ;
#10437 = CIRCLE ( 'NONE', #7902, 0.1249999999999998890 ) ;
#10438 = CARTESIAN_POINT ( 'NONE',  ( 2.500000000000000444, 0.2000000000000000111, 1.874999999999999778 ) ) ;
#10439 = DIRECTION ( 'NONE',  ( 0.000000000000000000, -0.000000000000000000, -1.000000000000000000 ) ) ;
#10440 = LINE ( 'NONE', #4221, #11226 ) ;
#10441 = VECTOR ( 'NONE', #1085, 1000.000000000000000 ) ;
#10442 = DIRECTION ( 'NONE',  ( 0.000000000000000000, 0.000000000000000000, -1.000000000000000000 ) ) ;
#10443 = ORIENTED_EDGE ( 'NONE', *, *, #777, .T. ) ;
#10444 = FACE_OUTER_BOUND ( 'NONE', #3347, .T. ) ;
#10445 = DIRECTION ( 'NONE',  ( 0.000000000000000000, -1.000000000000000000, 0.000000000000000000 ) ) ;
#10446 = CARTESIAN_POINT ( 'NONE',  ( 0.2500000000000002776, 0.2000000000000000111, 2.224999999999980105 ) ) ;
#10447 = CARTESIAN_POINT ( 'NONE',  ( 0.7500000000000002220, 0.2000000000000000111, 2.224999999999974776 ) ) ;
#10448 = ORIENTED_EDGE ( 'NONE', *, *, #3384, .T. ) ;
#10449 = DIRECTION ( 'NONE',  ( 0.000000000000000000, 0.000000000000000000, -1.000000000000000000 ) ) ;
#10450 = CARTESIAN_POINT ( 'NONE',  ( 2.500000000000000444, 0.2000000000000000111, 1.874999999999999778 ) ) ;
#10451 = ORIENTED_EDGE ( 'NONE', *, *, #10454, .T. ) ;
#10452 = CARTESIAN_POINT ( 'NONE',  ( -2.499999999999999556, 0.04999999999999969746, 2.500000000000000000 ) ) ;
#10453 = ORIENTED_EDGE ( 'NONE', *, *, #1543, .T. ) ;
#10454 = EDGE_CURVE ( 'NONE', #9584, #6715, #11282, .T. ) ;
#10455 = ORIENTED_EDGE ( 'NONE', *, *, #6063, .T. ) ;
#10456 = ORIENTED_EDGE ( 'NONE', *, *, #2188, .T. ) ;
#10457 = EDGE_CURVE ( 'NONE', #9943, #1060, #1680, .T. ) ;
#10458 = VECTOR ( 'NONE', #5101, 1000.000000000000000 ) ;
#10459 = CARTESIAN_POINT ( 'NONE',  ( 2.500000000000000000, 0.2000000000000000111, -0.6250000000000001110 ) ) ;
#10460 = FACE_OUTER_BOUND ( 'NONE', #4521, .T. ) ;
#10461 = ORIENTED_EDGE ( 'NONE', *, *, #1146, .F. ) ;
#10462 = EDGE_CURVE ( 'NONE', #10409, #4578, #5940, .T. ) ;
#10463 = CARTESIAN_POINT ( 'NONE',  ( 2.500000000000000000, 0.2000000000000000111, 0.1250000000000001665 ) ) ;
#10464 = CARTESIAN_POINT ( 'NONE',  ( -2.499999999999968470, 0.2000000000000000111, 1.375000000000000000 ) ) ;
#10465 = LINE ( 'NONE', #2627, #4919 ) ;
#10466 = ORIENTED_EDGE ( 'NONE', *, *, #1051, .T. ) ;
#10467 = MECHANICAL_DESIGN_GEOMETRIC_PRESENTATION_REPRESENTATION (  '', ( #2978 ), #10434 ) ;
#10468 = DIRECTION ( 'NONE',  ( 0.000000000000000000, -0.000000000000000000, -1.000000000000000000 ) ) ;
#10469 = EDGE_LOOP ( 'NONE', ( #2937, #3744, #4030, #6166 ) ) ;
#10470 = DIRECTION ( 'NONE',  ( 9.856383386231904433E-17, -0.000000000000000000, 1.000000000000000000 ) ) ;
#10471 = LINE ( 'NONE', #2693, #1293 ) ;
#10472 = ORIENTED_EDGE ( 'NONE', *, *, #10952, .T. ) ;
#10473 = EDGE_CURVE ( 'NONE', #5974, #10303, #9316, .T. ) ;
#10474 = DIRECTION ( 'NONE',  ( 1.000000000000000000, 0.000000000000000000, 0.000000000000000000 ) ) ;
#10475 = ADVANCED_FACE ( 'NONE', ( #5165 ), #3266, .T. ) ;
#10476 = VERTEX_POINT ( 'NONE', #8526 ) ;
#10477 = DIRECTION ( 'NONE',  ( 0.000000000000000000, 0.000000000000000000, -1.000000000000000000 ) ) ;
#10478 = DIRECTION ( 'NONE',  ( 0.000000000000000000, 1.000000000000000000, -0.000000000000000000 ) ) ;
#10479 = DIRECTION ( 'NONE',  ( 0.000000000000000000, -1.000000000000000000, 0.000000000000000000 ) ) ;
#10480 = VERTEX_POINT ( 'NONE', #41 ) ;
#10481 = CARTESIAN_POINT ( 'NONE',  ( -0.6249999999999996669, 0.04999999999999999584, 2.225000000000000977 ) ) ;
#10482 = EDGE_CURVE ( 'NONE', #9092, #8818, #8477, .T. ) ;
#10483 = ADVANCED_FACE ( 'NONE', ( #7684 ), #1618, .T. ) ;
#10484 = FACE_OUTER_BOUND ( 'NONE', #5208, .T. ) ;
#10485 = VERTEX_POINT ( 'NONE', #3382 ) ;
#10486 = DIRECTION ( 'NONE',  ( 1.000000000000000000, 0.000000000000000000, 0.000000000000000000 ) ) ;
#10487 = DIRECTION ( 'NONE',  ( 0.000000000000000000, -1.000000000000000000, 0.000000000000000000 ) ) ;
#10488 = CARTESIAN_POINT ( 'NONE',  ( 0.6250000000000004441, 0.2000000000000000111, -2.500000000000000000 ) ) ;
#10489 = DIRECTION ( 'NONE',  ( 0.000000000000000000, -1.000000000000000000, 0.000000000000000000 ) ) ;
#10490 = VERTEX_POINT ( 'NONE', #6869 ) ;
#10491 = DIRECTION ( 'NONE',  ( 1.000000000000000000, 0.000000000000000000, 0.000000000000000000 ) ) ;
#10492 = DIRECTION ( 'NONE',  ( 0.000000000000000000, 1.000000000000000000, -0.000000000000000000 ) ) ;
#10493 = ORIENTED_EDGE ( 'NONE', *, *, #6973, .F. ) ;
#10494 = DIRECTION ( 'NONE',  ( 0.000000000000000000, 0.000000000000000000, -1.000000000000000000 ) ) ;
#10495 = VERTEX_POINT ( 'NONE', #11158 ) ;
#10496 = VECTOR ( 'NONE', #9664, 1000.000000000000000 ) ;
#10497 = LINE ( 'NONE', #4332, #4207 ) ;
#10498 = DIRECTION ( 'NONE',  ( 0.000000000000000000, -1.000000000000000000, 0.000000000000000000 ) ) ;
#10499 = DIRECTION ( 'NONE',  ( 0.000000000000000000, 0.000000000000000000, -1.000000000000000000 ) ) ;
#10500 = PLANE ( 'NONE',  #8081 ) ;
#10501 = ORIENTED_EDGE ( 'NONE', *, *, #5163, .F. ) ;
#10502 = DIRECTION ( 'NONE',  ( -0.000000000000000000, -0.000000000000000000, 1.000000000000000000 ) ) ;
#10503 = PLANE ( 'NONE',  #9266 ) ;
#10504 = LINE ( 'NONE', #1043, #4176 ) ;
#10505 = DIRECTION ( 'NONE',  ( 0.000000000000000000, -1.000000000000000000, 0.000000000000000000 ) ) ;
#10506 = ORIENTED_EDGE ( 'NONE', *, *, #3057, .T. ) ;
#10507 = CARTESIAN_POINT ( 'NONE',  ( -2.224999999999990319, 0.2000000000000000111, -0.7500000000000000000 ) ) ;
#10508 = FACE_OUTER_BOUND ( 'NONE', #2768, .T. ) ;
#10509 = ORIENTED_EDGE ( 'NONE', *, *, #4566, .F. ) ;
#10510 = VERTEX_POINT ( 'NONE', #1504 ) ;
#10511 = CIRCLE ( 'NONE', #3375, 0.1249999999999998890 ) ;
#10512 = CARTESIAN_POINT ( 'NONE',  ( -1.849999999999999645, 0.8499999999999999778, -1.850000000000000089 ) ) ;
#10513 = CARTESIAN_POINT ( 'NONE',  ( -2.499999999999999556, 0.04999999999999969746, -2.500000000000000000 ) ) ;
#10514 = ORIENTED_EDGE ( 'NONE', *, *, #20, .T. ) ;
#10515 = CARTESIAN_POINT ( 'NONE',  ( -2.499999999999999556, -7.071067811865474617, 2.500000000000000000 ) ) ;
#10516 = LINE ( 'NONE', #6107, #9413 ) ;
#10517 = DIRECTION ( 'NONE',  ( -1.000000000000000000, -0.000000000000000000, -0.000000000000000000 ) ) ;
#10518 = ORIENTED_EDGE ( 'NONE', *, *, #2123, .T. ) ;
#10519 = DIRECTION ( 'NONE',  ( -0.000000000000000000, -1.000000000000000000, -0.000000000000000000 ) ) ;
#10520 = ORIENTED_EDGE ( 'NONE', *, *, #8120, .F. ) ;
#10521 = ADVANCED_FACE ( 'NONE', ( #6816 ), #10237, .F. ) ;
#10522 = ADVANCED_FACE ( 'NONE', ( #8589 ), #2580, .T. ) ;
#10523 = CARTESIAN_POINT ( 'NONE',  ( -2.499999999999973799, 0.2000000000000000111, 0.6250000000000001110 ) ) ;
#10524 = CARTESIAN_POINT ( 'NONE',  ( -1.374999999999999112, 0.2000000000000000111, -2.225000000000001421 ) ) ;
#10525 = ORIENTED_EDGE ( 'NONE', *, *, #4807, .F. ) ;
#10526 = CARTESIAN_POINT ( 'NONE',  ( 1.125000000000000000, 0.000000000000000000, 2.499999999999999556 ) ) ;
#10527 = DIRECTION ( 'NONE',  ( 0.000000000000000000, 0.000000000000000000, 1.000000000000000000 ) ) ;
#10528 = CARTESIAN_POINT ( 'NONE',  ( 1.625000000000000000, 0.2000000000000000111, -2.500000000000000000 ) ) ;
#10529 = CARTESIAN_POINT ( 'NONE',  ( -2.499999999999999556, 0.2000000000000000111, -1.625000000000000222 ) ) ;
#10530 = CARTESIAN_POINT ( 'NONE',  ( -1.249999999999999556, 0.04999999999999999584, 2.224999999999996092 ) ) ;
#10531 = ORIENTED_EDGE ( 'NONE', *, *, #4848, .F. ) ;
#10532 = PLANE ( 'NONE',  #6989 ) ;
#10533 = EDGE_CURVE ( 'NONE', #8243, #7565, #616, .T. ) ;
#10534 = ADVANCED_FACE ( 'NONE', ( #6004 ), #9489, .F. ) ;
#10535 = DIRECTION ( 'NONE',  ( -0.000000000000000000, -0.000000000000000000, 1.000000000000000000 ) ) ;
#10536 = VECTOR ( 'NONE', #2956, 1000.000000000000000 ) ;
#10537 = ORIENTED_EDGE ( 'NONE', *, *, #3189, .T. ) ;
#10538 = CARTESIAN_POINT ( 'NONE',  ( -0.8749999999999994449, 0.2000000000000000111, 2.499999999999999556 ) ) ;
#10539 = FACE_OUTER_BOUND ( 'NONE', #6436, .T. ) ;
#10540 = FACE_OUTER_BOUND ( 'NONE', #860, .T. ) ;
#10541 = CARTESIAN_POINT ( 'NONE',  ( -2.499999999999999556, 0.04999999999999969746, 2.500000000000000000 ) ) ;
#10542 = ORIENTED_EDGE ( 'NONE', *, *, #4072, .T. ) ;
#10543 = VERTEX_POINT ( 'NONE', #2402 ) ;
#10544 = EDGE_LOOP ( 'NONE', ( #5799, #6040, #7024, #3970, #5605 ) ) ;
#10545 = CARTESIAN_POINT ( 'NONE',  ( -1.624999999999999334, 0.04999999999999969746, -2.500000000000000000 ) ) ;
#10546 = ORIENTED_EDGE ( 'NONE', *, *, #6920, .T. ) ;
#10547 = ADVANCED_FACE ( 'NONE', ( #846 ), #4316, .T. ) ;
#10548 = EDGE_CURVE ( 'NONE', #5084, #1168, #8990, .T. ) ;
#10549 = ADVANCED_FACE ( 'NONE', ( #3512 ), #6999, .F. ) ;
#10550 = AXIS2_PLACEMENT_3D ( 'NONE', #6943, #7759, #1692 ) ;
#10551 = AXIS2_PLACEMENT_3D ( 'NONE', #10377, #1653, #3415 ) ;
#10552 = CARTESIAN_POINT ( 'NONE',  ( 1.875000000000000000, 0.2000000000000000111, 2.499999999999999112 ) ) ;
#10553 = CARTESIAN_POINT ( 'NONE',  ( 2.224999999999996092, 0.000000000000000000, 1.250000000000000000 ) ) ;
#10554 = DIRECTION ( 'NONE',  ( 0.000000000000000000, 0.000000000000000000, -1.000000000000000000 ) ) ;
#10555 = FILL_AREA_STYLE ('',( #3713 ) ) ;
#10556 = VERTEX_POINT ( 'NONE', #4604 ) ;
#10557 = LINE ( 'NONE', #1761, #10976 ) ;
#10558 = DIRECTION ( 'NONE',  ( -1.000000000000000000, 0.000000000000000000, 0.000000000000000000 ) ) ;
#10559 = LINE ( 'NONE', #8844, #8910 ) ;
#10560 = DIRECTION ( 'NONE',  ( 0.000000000000000000, -0.000000000000000000, -1.000000000000000000 ) ) ;
#10561 = VERTEX_POINT ( 'NONE', #9835 ) ;
#10562 = COLOUR_RGB ( '',0.7921568627450980005, 0.8196078431372548767, 0.9333333333333333481 ) ;
#10563 = DIRECTION ( 'NONE',  ( 0.000000000000000000, -0.000000000000000000, -1.000000000000000000 ) ) ;
#10564 = VERTEX_POINT ( 'NONE', #8094 ) ;
#10565 = VERTEX_POINT ( 'NONE', #9733 ) ;
#10566 = ORIENTED_EDGE ( 'NONE', *, *, #6336, .T. ) ;
#10567 = ADVANCED_FACE ( 'NONE', ( #7114 ), #10591, .T. ) ;
#10568 = VECTOR ( 'NONE', #8737, 1000.000000000000000 ) ;
#10569 = VECTOR ( 'NONE', #5540, 1000.000000000000000 ) ;
#10570 = VECTOR ( 'NONE', #9229, 1000.000000000000000 ) ;
#10571 = LINE ( 'NONE', #309, #4760 ) ;
#10572 = DIRECTION ( 'NONE',  ( 0.000000000000000000, -1.000000000000000000, 0.000000000000000000 ) ) ;
#10573 = ORIENTED_EDGE ( 'NONE', *, *, #10290, .T. ) ;
#10574 = DIRECTION ( 'NONE',  ( 0.000000000000000000, 0.000000000000000000, -1.000000000000000000 ) ) ;
#10575 = DIRECTION ( 'NONE',  ( -1.000000000000000000, 0.000000000000000000, 0.000000000000000000 ) ) ;
#10576 = DIRECTION ( 'NONE',  ( 0.000000000000000000, -1.000000000000000000, 0.000000000000000000 ) ) ;
#10577 = ORIENTED_EDGE ( 'NONE', *, *, #3958, .T. ) ;
#10578 = CARTESIAN_POINT ( 'NONE',  ( 2.225000000000001421, 0.2000000000000000111, 0.8749999999999996669 ) ) ;
#10579 = ORIENTED_EDGE ( 'NONE', *, *, #5382, .F. ) ;
#10580 = PRESENTATION_LAYER_ASSIGNMENT (  '', '', ( #10750 ) ) ;
#10581 = VECTOR ( 'NONE', #6139, 1000.000000000000000 ) ;
#10582 = VECTOR ( 'NONE', #546, 1000.000000000000000 ) ;
#10583 = DIRECTION ( 'NONE',  ( 0.000000000000000000, 0.000000000000000000, -1.000000000000000000 ) ) ;
#10584 = CIRCLE ( 'NONE', #6391, 0.1249999999999996808 ) ;
#10585 = LINE ( 'NONE', #7919, #563 ) ;
#10586 = ORIENTED_EDGE ( 'NONE', *, *, #1257, .F. ) ;
#10587 = CARTESIAN_POINT ( 'NONE',  ( -1.124999999999999778, 0.2000000000000000111, 2.225000000000000977 ) ) ;
#10588 = CARTESIAN_POINT ( 'NONE',  ( -2.499999999999999556, 0.2000000000000000111, -1.625000000000000222 ) ) ;
#10589 = VECTOR ( 'NONE', #1776, 1000.000000000000000 ) ;
#10590 = VECTOR ( 'NONE', #8506, 1000.000000000000000 ) ;
#10591 = PLANE ( 'NONE',  #8446 ) ;
#10592 = LINE ( 'NONE', #4491, #6909 ) ;
#10593 = VERTEX_POINT ( 'NONE', #4489 ) ;
#10594 = CARTESIAN_POINT ( 'NONE',  ( -1.374999999999999112, 0.000000000000000000, -2.500000000000000000 ) ) ;
#10595 = EDGE_CURVE ( 'NONE', #8544, #6839, #99, .T. ) ;
#10596 = AXIS2_PLACEMENT_3D ( 'NONE', #572, #2204, #1468 ) ;
#10597 = AXIS2_PLACEMENT_3D ( 'NONE', #1014, #94, #8817 ) ;
#10598 = CARTESIAN_POINT ( 'NONE',  ( 1.625000000000000000, 0.2000000000000000111, 2.225000000000000533 ) ) ;
#10599 = CIRCLE ( 'NONE', #5657, 0.1249999999999996808 ) ;
#10600 = VERTEX_POINT ( 'NONE', #3628 ) ;
#10601 = EDGE_CURVE ( 'NONE', #8680, #1768, #5498, .T. ) ;
#10602 = SURFACE_SIDE_STYLE ('',( #8707 ) ) ;
#10603 = DIRECTION ( 'NONE',  ( 1.000000000000000000, 0.000000000000000000, -1.734723475976808475E-15 ) ) ;
#10604 = PLANE ( 'NONE',  #8211 ) ;
#10605 = CYLINDRICAL_SURFACE ( 'NONE', #2141, 0.1250000000000001110 ) ;
#10606 = VECTOR ( 'NONE', #946, 1000.000000000000000 ) ;
#10607 = CARTESIAN_POINT ( 'NONE',  ( -0.7499999999999995559, 0.2000000000000000111, 2.224999999999990319 ) ) ;
#10608 = VERTEX_POINT ( 'NONE', #2871 ) ;
#10609 = DIRECTION ( 'NONE',  ( 1.000000000000000000, 0.000000000000000000, 0.000000000000000000 ) ) ;
#10610 = ORIENTED_EDGE ( 'NONE', *, *, #9843, .F. ) ;
#10611 = VECTOR ( 'NONE', #593, 1000.000000000000000 ) ;
#10612 = COLOUR_RGB ( '',0.7921568627450980005, 0.8196078431372548767, 0.9333333333333333481 ) ;
#10613 = ORIENTED_EDGE ( 'NONE', *, *, #3426, .T. ) ;
#10614 = CARTESIAN_POINT ( 'NONE',  ( 0.8750000000000001110, 0.2000000000000000111, 2.225000000000000977 ) ) ;
#10615 = CARTESIAN_POINT ( 'NONE',  ( 1.800000000000000044, 0.2000000000000000111, 1.649999999999998579 ) ) ;
#10616 = DIRECTION ( 'NONE',  ( 0.000000000000000000, -0.000000000000000000, 1.000000000000000000 ) ) ;
#10617 = EDGE_CURVE ( 'NONE', #5289, #10098, #2016, .T. ) ;
#10618 = ORIENTED_EDGE ( 'NONE', *, *, #494, .T. ) ;
#10619 = EDGE_CURVE ( 'NONE', #10593, #2621, #7977, .T. ) ;
#10620 = CARTESIAN_POINT ( 'NONE',  ( 2.500000000000000000, 0.2000000000000000111, -1.124999999999999556 ) ) ;
#10621 = DIRECTION ( 'NONE',  ( 0.000000000000000000, -1.000000000000000000, 0.000000000000000000 ) ) ;
#10622 = DIRECTION ( 'NONE',  ( 1.000000000000000000, 0.000000000000000000, 0.000000000000000000 ) ) ;
#10623 = DIRECTION ( 'NONE',  ( -0.000000000000000000, -1.000000000000000000, -0.000000000000000000 ) ) ;
#10624 = EDGE_CURVE ( 'NONE', #909, #5589, #2409, .T. ) ;
#10625 = ORIENTED_EDGE ( 'NONE', *, *, #9314, .T. ) ;
#10626 = VECTOR ( 'NONE', #7200, 1000.000000000000000 ) ;
#10627 = DIRECTION ( 'NONE',  ( -1.000000000000000000, 0.000000000000000000, 0.000000000000000000 ) ) ;
#10628 = PLANE ( 'NONE',  #6528 ) ;
#10629 = VERTEX_POINT ( 'NONE', #6240 ) ;
#10630 = LINE ( 'NONE', #3726, #1433 ) ;
#10631 = AXIS2_PLACEMENT_3D ( 'NONE', #6833, #7707, #2717 ) ;
#10632 = ORIENTED_EDGE ( 'NONE', *, *, #410, .T. ) ;
#10633 = EDGE_LOOP ( 'NONE', ( #10506, #10162, #4838, #44 ) ) ;
#10634 = VECTOR ( 'NONE', #1342, 1000.000000000000000 ) ;
#10635 = AXIS2_PLACEMENT_3D ( 'NONE', #295, #1099, #3771 ) ;
#10636 = AXIS2_PLACEMENT_3D ( 'NONE', #5352, #1196, #8835 ) ;
#10637 = DIRECTION ( 'NONE',  ( -1.971276677246380887E-16, 0.000000000000000000, -1.000000000000000000 ) ) ;
#10638 = ADVANCED_FACE ( 'NONE', ( #962 ), #3749, .T. ) ;
#10639 = ORIENTED_EDGE ( 'NONE', *, *, #5690, .F. ) ;
#10640 = DIRECTION ( 'NONE',  ( -1.971276677246380640E-16, 0.000000000000000000, -1.000000000000000000 ) ) ;
#10641 = DIRECTION ( 'NONE',  ( 0.000000000000000000, 0.000000000000000000, 1.000000000000000000 ) ) ;
#10642 = EDGE_CURVE ( 'NONE', #6275, #8925, #3690, .T. ) ;
#10643 = LINE ( 'NONE', #2816, #8756 ) ;
#10644 = ORIENTED_EDGE ( 'NONE', *, *, #3210, .T. ) ;
#10645 = LINE ( 'NONE', #2002, #6748 ) ;
#10646 = ORIENTED_EDGE ( 'NONE', *, *, #9182, .F. ) ;
#10647 = VECTOR ( 'NONE', #2517, 1000.000000000000000 ) ;
#10648 = VECTOR ( 'NONE', #3237, 1000.000000000000000 ) ;
#10649 = CARTESIAN_POINT ( 'NONE',  ( 1.125000000000000222, 0.2000000000000000111, -2.500000000000000000 ) ) ;
#10650 = ORIENTED_EDGE ( 'NONE', *, *, #4252, .F. ) ;
#10651 = LINE ( 'NONE', #5496, #8419 ) ;
#10652 = DIRECTION ( 'NONE',  ( 0.000000000000000000, 1.000000000000000000, -0.000000000000000000 ) ) ;
#10653 = EDGE_CURVE ( 'NONE', #8062, #1658, #3902, .T. ) ;
#10654 = EDGE_LOOP ( 'NONE', ( #10875, #6445, #9470, #3338 ) ) ;
#10655 = DIRECTION ( 'NONE',  ( 0.000000000000000000, 0.000000000000000000, -1.000000000000000000 ) ) ;
#10656 = CARTESIAN_POINT ( 'NONE',  ( -2.224999999999990319, 0.2000000000000000111, -0.6250000000000001110 ) ) ;
#10657 = ORIENTED_EDGE ( 'NONE', *, *, #5993, .F. ) ;
#10658 = DIRECTION ( 'NONE',  ( 0.000000000000000000, -1.000000000000000000, 0.000000000000000000 ) ) ;
#10659 = ADVANCED_FACE ( 'NONE', ( #5336 ), #1960, .F. ) ;
#10660 = CARTESIAN_POINT ( 'NONE',  ( -1.874999999999999334, 0.05000000000000000278, 0.000000000000000000 ) ) ;
#10661 = ORIENTED_EDGE ( 'NONE', *, *, #3532, .T. ) ;
#10662 = SURFACE_STYLE_USAGE ( .BOTH. , #2073 ) ;
#10663 = DIRECTION ( 'NONE',  ( 0.000000000000000000, 0.000000000000000000, 1.000000000000000000 ) ) ;
#10664 = PLANE ( 'NONE',  #10381 ) ;
#10665 = DIRECTION ( 'NONE',  ( -1.971276677246380887E-16, 0.000000000000000000, -1.000000000000000000 ) ) ;
#10666 = EDGE_LOOP ( 'NONE', ( #8235, #4699, #9905, #5625 ) ) ;
#10667 = ORIENTED_EDGE ( 'NONE', *, *, #2364, .F. ) ;
#10668 = DIRECTION ( 'NONE',  ( -0.000000000000000000, -1.000000000000000000, -0.000000000000000000 ) ) ;
#10669 = VECTOR ( 'NONE', #5853, 1000.000000000000000 ) ;
#10670 = EDGE_CURVE ( 'NONE', #4765, #4562, #9782, .T. ) ;
#10671 = CARTESIAN_POINT ( 'NONE',  ( 2.500000000000000444, 0.2000000000000000111, -1.874999999999998446 ) ) ;
#10672 = EDGE_CURVE ( 'NONE', #8925, #1992, #6120, .T. ) ;
#10673 = DIRECTION ( 'NONE',  ( -0.000000000000000000, -0.000000000000000000, -1.000000000000000000 ) ) ;
#10674 = ADVANCED_FACE ( 'NONE', ( #8143 ), #1183, .T. ) ;
#10675 = CIRCLE ( 'NONE', #2661, 0.1250000000000001110 ) ;
#10676 = ORIENTED_EDGE ( 'NONE', *, *, #9967, .T. ) ;
#10677 = DIRECTION ( 'NONE',  ( 0.000000000000000000, -1.000000000000000000, 0.000000000000000000 ) ) ;
#10678 = CARTESIAN_POINT ( 'NONE',  ( 2.500000000000000000, 0.2000000000000000111, -0.1250000000000000555 ) ) ;
#10679 = CARTESIAN_POINT ( 'NONE',  ( 2.225000000000001421, 0.2000000000000000111, 1.374999999999999778 ) ) ;
#10680 = ORIENTED_EDGE ( 'NONE', *, *, #2629, .T. ) ;
#10681 = PRESENTATION_STYLE_ASSIGNMENT (( #7205 ) ) ;
#10682 = DIRECTION ( 'NONE',  ( 0.000000000000000000, 1.000000000000000000, -0.000000000000000000 ) ) ;
#10683 = ORIENTED_EDGE ( 'NONE', *, *, #7272, .F. ) ;
#10684 = SURFACE_SIDE_STYLE ('',( #5579 ) ) ;
#10685 = VERTEX_POINT ( 'NONE', #4660 ) ;
#10686 = ORIENTED_EDGE ( 'NONE', *, *, #7593, .F. ) ;
#10687 = EDGE_CURVE ( 'NONE', #111, #2050, #3799, .T. ) ;
#10688 = DIRECTION ( 'NONE',  ( -9.856383386231903201E-17, -0.000000000000000000, -1.000000000000000000 ) ) ;
#10689 = DIRECTION ( 'NONE',  ( 0.000000000000000000, 1.000000000000000000, -0.000000000000000000 ) ) ;
#10690 = ORIENTED_EDGE ( 'NONE', *, *, #4129, .F. ) ;
#10691 = DIRECTION ( 'NONE',  ( -0.000000000000000000, -1.000000000000000000, -0.000000000000000000 ) ) ;
#10692 = FACE_OUTER_BOUND ( 'NONE', #1338, .T. ) ;
#10693 = EDGE_LOOP ( 'NONE', ( #4215, #1314, #12, #5663 ) ) ;
#10694 = CARTESIAN_POINT ( 'NONE',  ( 0.6250000000000003331, 0.2000000000000000111, 2.499999999999999556 ) ) ;
#10695 = ORIENTED_EDGE ( 'NONE', *, *, #6781, .T. ) ;
#10696 = EDGE_CURVE ( 'NONE', #7451, #334, #7054, .T. ) ;
#10697 = ADVANCED_FACE ( 'NONE', ( #1851 ), #6730, .T. ) ;
#10698 = ADVANCED_FACE ( 'NONE', ( #4230 ), #9900, .F. ) ;
#10699 = DIRECTION ( 'NONE',  ( -1.734723475976807094E-15, 0.000000000000000000, -1.000000000000000000 ) ) ;
#10700 = DIRECTION ( 'NONE',  ( 0.000000000000000000, 0.000000000000000000, -1.000000000000000000 ) ) ;
#10701 = ORIENTED_EDGE ( 'NONE', *, *, #510, .T. ) ;
#10702 = DIRECTION ( 'NONE',  ( 0.000000000000000000, 0.000000000000000000, -1.000000000000000000 ) ) ;
#10703 = DIRECTION ( 'NONE',  ( 0.000000000000000000, -1.000000000000000000, 0.000000000000000000 ) ) ;
#10704 = DIRECTION ( 'NONE',  ( -0.000000000000000000, -1.000000000000000000, -0.000000000000000000 ) ) ;
#10705 = EDGE_LOOP ( 'NONE', ( #5012, #265, #989, #10999 ) ) ;
#10706 = CARTESIAN_POINT ( 'NONE',  ( -0.1250000000000003053, 0.05000000000000000278, 2.464095846557981963E-17 ) ) ;
#10707 = ADVANCED_FACE ( 'NONE', ( #1275 ), #2066, .T. ) ;
#10708 = FACE_OUTER_BOUND ( 'NONE', #8738, .T. ) ;
#10709 = ORIENTED_EDGE ( 'NONE', *, *, #536, .T. ) ;
#10710 = LINE ( 'NONE', #10763, #420 ) ;
#10711 = PLANE ( 'NONE',  #9106 ) ;
#10712 = LINE ( 'NONE', #9851, #2317 ) ;
#10713 = ORIENTED_EDGE ( 'NONE', *, *, #9197, .T. ) ;
#10714 = VERTEX_POINT ( 'NONE', #9352 ) ;
#10715 = DIRECTION ( 'NONE',  ( -0.000000000000000000, -1.000000000000000000, -0.000000000000000000 ) ) ;
#10716 = VECTOR ( 'NONE', #9362, 1000.000000000000000 ) ;
#10717 = ADVANCED_FACE ( 'NONE', ( #760 ), #7605, .T. ) ;
#10718 = DIRECTION ( 'NONE',  ( -1.734723475976814589E-15, 0.000000000000000000, 1.000000000000000000 ) ) ;
#10719 = PLANE ( 'NONE',  #316 ) ;
#10720 = CLOSED_SHELL ( 'NONE', ( #5150, #9079, #4640, #6288, #3197, #1544 ) ) ;
#10721 = LINE ( 'NONE', #4790, #11160 ) ;
#10722 = EDGE_LOOP ( 'NONE', ( #9544, #1820, #3328, #1075 ) ) ;
#10723 = DIRECTION ( 'NONE',  ( 0.000000000000000000, 0.000000000000000000, -1.000000000000000000 ) ) ;
#10724 = DIRECTION ( 'NONE',  ( 0.000000000000000000, 0.000000000000000000, -1.000000000000000000 ) ) ;
#10725 = DIRECTION ( 'NONE',  ( 0.000000000000000000, 1.000000000000000000, -0.000000000000000000 ) ) ;
#10726 = CARTESIAN_POINT ( 'NONE',  ( -2.224999999999985434, 0.04999999999999999584, -0.1250000000000001110 ) ) ;
#10727 = ORIENTED_EDGE ( 'NONE', *, *, #2771, .T. ) ;
#10728 = DIRECTION ( 'NONE',  ( 0.000000000000000000, -0.000000000000000000, -1.000000000000000000 ) ) ;
#10729 = ORIENTED_EDGE ( 'NONE', *, *, #3650, .F. ) ;
#10730 = SURFACE_STYLE_FILL_AREA ( #9122 ) ;
#10731 = AXIS2_PLACEMENT_3D ( 'NONE', #6775, #54, #4382 ) ;
#10732 = ORIENTED_EDGE ( 'NONE', *, *, #9823, .T. ) ;
#10733 = EDGE_CURVE ( 'NONE', #743, #4425, #4255, .T. ) ;
#10734 = VECTOR ( 'NONE', #7366, 1000.000000000000000 ) ;
#10735 = CARTESIAN_POINT ( 'NONE',  ( 2.500000000000000000, 0.2000000000000000111, 0.3749999999999999445 ) ) ;
#10736 = DIRECTION ( 'NONE',  ( 0.000000000000000000, -1.000000000000000000, 0.000000000000000000 ) ) ;
#10737 = AXIS2_PLACEMENT_3D ( 'NONE', #7686, #4317, #3513 ) ;
#10738 = ORIENTED_EDGE ( 'NONE', *, *, #5058, .T. ) ;
#10739 = DIRECTION ( 'NONE',  ( -0.000000000000000000, 0.000000000000000000, 1.000000000000000000 ) ) ;
#10740 = CARTESIAN_POINT ( 'NONE',  ( -0.3749999999999996114, 0.2000000000000000111, 2.499999999999999556 ) ) ;
#10741 = ORIENTED_EDGE ( 'NONE', *, *, #3350, .F. ) ;
#10742 = CARTESIAN_POINT ( 'NONE',  ( -2.224999999999995648, 0.2000000000000000111, -1.125000000000000222 ) ) ;
#10743 = ORIENTED_EDGE ( 'NONE', *, *, #8878, .T. ) ;
#10744 = MECHANICAL_DESIGN_GEOMETRIC_PRESENTATION_REPRESENTATION (  '', ( #538 ), #4911 ) ;
#10745 = DIRECTION ( 'NONE',  ( -0.000000000000000000, -1.000000000000000000, -0.000000000000000000 ) ) ;
#10746 = DIRECTION ( 'NONE',  ( 1.000000000000000000, -0.000000000000000000, -0.000000000000000000 ) ) ;
#10747 = EDGE_LOOP ( 'NONE', ( #8273, #5348, #8890, #102 ) ) ;
#10748 = CARTESIAN_POINT ( 'NONE',  ( -0.6249999999999995559, 0.2000000000000000111, -2.225000000000001421 ) ) ;
#10749 = DIRECTION ( 'NONE',  ( 1.000000000000000000, 0.000000000000000000, 0.000000000000000000 ) ) ;
#10750 = STYLED_ITEM ( 'NONE', ( #2257 ), #7436 ) ;
#10751 = EDGE_CURVE ( 'NONE', #6354, #2525, #10211, .T. ) ;
#10752 = CARTESIAN_POINT ( 'NONE',  ( 2.500000000000000000, 0.2000000000000000111, 0.6249999999999998890 ) ) ;
#10753 = EDGE_CURVE ( 'NONE', #1773, #6798, #2316, .T. ) ;
#10754 = EDGE_CURVE ( 'NONE', #9696, #2256, #11065, .T. ) ;
#10755 = VECTOR ( 'NONE', #10535, 1000.000000000000000 ) ;
#10756 = AXIS2_PLACEMENT_3D ( 'NONE', #4719, #5512, #6984 ) ;
#10757 = PLANE ( 'NONE',  #2397 ) ;
#10758 = VECTOR ( 'NONE', #5329, 1000.000000000000000 ) ;
#10759 = AXIS2_PLACEMENT_3D ( 'NONE', #10869, #8041, #224 ) ;
#10760 = VECTOR ( 'NONE', #5973, 1000.000000000000000 ) ;
#10761 = LINE ( 'NONE', #5603, #3671 ) ;
#10762 = ORIENTED_EDGE ( 'NONE', *, *, #2888, .T. ) ;
#10763 = CARTESIAN_POINT ( 'NONE',  ( 2.500000000000000000, 0.2000000000000000111, 0.8749999999999996669 ) ) ;
#10764 = DIRECTION ( 'NONE',  ( 0.000000000000000000, 0.000000000000000000, -1.000000000000000000 ) ) ;
#10765 = LINE ( 'NONE', #10541, #5775 ) ;
#10766 = EDGE_CURVE ( 'NONE', #91, #7247, #2605, .T. ) ;
#10767 = VECTOR ( 'NONE', #4849, 1000.000000000000000 ) ;
#10768 = LINE ( 'NONE', #8153, #6881 ) ;
#10769 = EDGE_LOOP ( 'NONE', ( #1092, #8984, #197, #8907 ) ) ;
#10770 = CARTESIAN_POINT ( 'NONE',  ( 0.7500000000000002220, 0.000000000000000000, 2.224999999999974776 ) ) ;
#10771 = VECTOR ( 'NONE', #3506, 1000.000000000000000 ) ;
#10772 = VERTEX_POINT ( 'NONE', #11130 ) ;
#10773 = VECTOR ( 'NONE', #8819, 1000.000000000000000 ) ;
#10774 = VECTOR ( 'NONE', #5592, 1000.000000000000000 ) ;
#10775 = DIRECTION ( 'NONE',  ( 1.000000000000000000, 0.000000000000000000, -7.885106708985523547E-16 ) ) ;
#10776 = DIRECTION ( 'NONE',  ( 0.000000000000000000, 1.000000000000000000, -0.000000000000000000 ) ) ;
#10777 = DIRECTION ( 'NONE',  ( -1.000000000000000000, 0.000000000000000000, 0.000000000000000000 ) ) ;
#10778 = CARTESIAN_POINT ( 'NONE',  ( -2.224999999999990319, 0.2000000000000000111, -0.6250000000000001110 ) ) ;
#10779 = VERTEX_POINT ( 'NONE', #2377 ) ;
#10780 = PLANE ( 'NONE',  #10635 ) ;
#10782 = PLANE ( 'NONE',  #4721 ) ;
#10781 = UNCERTAINTY_MEASURE_WITH_UNIT (LENGTH_MEASURE( 1.000000000000000082E-05 ), #1679, 'distance_accuracy_value', 'NONE');
#10783 = DIRECTION ( 'NONE',  ( 0.000000000000000000, -1.000000000000000000, 0.000000000000000000 ) ) ;
#10784 = ORIENTED_EDGE ( 'NONE', *, *, #1753, .T. ) ;
#10785 =( NAMED_UNIT ( * ) SI_UNIT ( $, .STERADIAN. ) SOLID_ANGLE_UNIT ( ) );
#10786 = CARTESIAN_POINT ( 'NONE',  ( 2.225000000000001421, 0.000000000000000000, -0.6250000000000001110 ) ) ;
#10787 = VERTEX_POINT ( 'NONE', #3909 ) ;
#10788 = VECTOR ( 'NONE', #4836, 1000.000000000000000 ) ;
#10789 = ORIENTED_EDGE ( 'NONE', *, *, #417, .F. ) ;
#10790 = CIRCLE ( 'NONE', #8240, 0.1249999999999996808 ) ;
#10791 = FACE_OUTER_BOUND ( 'NONE', #3186, .T. ) ;
#10792 = AXIS2_PLACEMENT_3D ( 'NONE', #311, #7321, #1947 ) ;
#10793 = DIRECTION ( 'NONE',  ( 0.000000000000000000, 1.000000000000000000, -0.000000000000000000 ) ) ;
#10794 = EDGE_LOOP ( 'NONE', ( #6886, #9117, #11259, #764, #975 ) ) ;
#10795 = LINE ( 'NONE', #1112, #6219 ) ;
#10796 = CARTESIAN_POINT ( 'NONE',  ( -2.499999999999973799, 0.2000000000000000111, 0.6250000000000001110 ) ) ;
#10797 = VECTOR ( 'NONE', #3589, 1000.000000000000000 ) ;
#10798 = ORIENTED_EDGE ( 'NONE', *, *, #9737, .T. ) ;
#10799 = EDGE_CURVE ( 'NONE', #10480, #7592, #7390, .T. ) ;
#10800 = LINE ( 'NONE', #3679, #9285 ) ;
#10801 = ORIENTED_EDGE ( 'NONE', *, *, #7981, .F. ) ;
#10802 = EDGE_LOOP ( 'NONE', ( #163, #6210, #9928, #7622 ) ) ;
#10803 = CIRCLE ( 'NONE', #8790, 0.1249999999999998890 ) ;
#10804 = VECTOR ( 'NONE', #7281, 1000.000000000000000 ) ;
#10805 = EDGE_CURVE ( 'NONE', #3883, #6675, #2983, .T. ) ;
#10806 = DIRECTION ( 'NONE',  ( -1.000000000000000000, 0.000000000000000000, 9.856383386231904433E-17 ) ) ;
#10807 = ORIENTED_EDGE ( 'NONE', *, *, #5582, .T. ) ;
#10808 = FACE_OUTER_BOUND ( 'NONE', #6216, .T. ) ;
#10809 = CARTESIAN_POINT ( 'NONE',  ( -0.2499999999999997224, 0.2000000000000000111, 2.224999999999985434 ) ) ;
#10810 = COLOUR_RGB ( '',0.7921568627450980005, 0.8196078431372548767, 0.9333333333333333481 ) ;
#10811 = VECTOR ( 'NONE', #5780, 1000.000000000000000 ) ;
#10812 = DIRECTION ( 'NONE',  ( -0.000000000000000000, -0.000000000000000000, 1.000000000000000000 ) ) ;
#10813 = AXIS2_PLACEMENT_3D ( 'NONE', #9736, #2018, #7119 ) ;
#10814 = LINE ( 'NONE', #1278, #3721 ) ;
#10815 = AXIS2_PLACEMENT_3D ( 'NONE', #4025, #8305, #10121 ) ;
#10816 = EDGE_CURVE ( 'NONE', #5370, #2969, #4969, .T. ) ;
#10817 = ADVANCED_FACE ( 'NONE', ( #4766 ), #5800, .T. ) ;
#10818 = LINE ( 'NONE', #9950, #4585 ) ;
#10819 = ORIENTED_EDGE ( 'NONE', *, *, #5789, .F. ) ;
#10820 = DIRECTION ( 'NONE',  ( -1.000000000000000000, 0.000000000000000000, 0.000000000000000000 ) ) ;
#10821 = EDGE_LOOP ( 'NONE', ( #8420, #2761, #1717, #10738 ) ) ;
#10822 = DIRECTION ( 'NONE',  ( 1.000000000000000000, 0.000000000000000000, 0.000000000000000000 ) ) ;
#10823 = DIRECTION ( 'NONE',  ( 0.000000000000000000, 0.000000000000000000, -1.000000000000000000 ) ) ;
#10824 = PLANE ( 'NONE',  #7848 ) ;
#10825 = DIRECTION ( 'NONE',  ( 1.000000000000000000, 0.000000000000000000, 0.000000000000000000 ) ) ;
#10826 = VECTOR ( 'NONE', #8247, 1000.000000000000000 ) ;
#10827 = ORIENTED_EDGE ( 'NONE', *, *, #9067, .F. ) ;
#10828 = DIRECTION ( 'NONE',  ( -0.000000000000000000, -1.000000000000000000, -0.000000000000000000 ) ) ;
#10829 = ORIENTED_EDGE ( 'NONE', *, *, #10482, .T. ) ;
#10830 = EDGE_CURVE ( 'NONE', #5390, #3053, #2437, .T. ) ;
#10831 = EDGE_CURVE ( 'NONE', #8163, #201, #5550, .T. ) ;
#10832 = EDGE_CURVE ( 'NONE', #2813, #4705, #1225, .T. ) ;
#10833 = DIRECTION ( 'NONE',  ( 1.000000000000000000, 0.000000000000000000, 0.000000000000000000 ) ) ;
#10834 = LINE ( 'NONE', #3050, #9028 ) ;
#10835 = SURFACE_SIDE_STYLE ('',( #395 ) ) ;
#10836 = ORIENTED_EDGE ( 'NONE', *, *, #10120, .F. ) ;
#10837 = DIRECTION ( 'NONE',  ( -0.000000000000000000, -1.000000000000000000, -0.000000000000000000 ) ) ;
#10838 = LINE ( 'NONE', #6480, #6523 ) ;
#10839 = PLANE ( 'NONE',  #9078 ) ;
#10840 = ORIENTED_EDGE ( 'NONE', *, *, #9046, .T. ) ;
#10841 = DIRECTION ( 'NONE',  ( -0.000000000000000000, -1.000000000000000000, -0.000000000000000000 ) ) ;
#10842 = VERTEX_POINT ( 'NONE', #8560 ) ;
#10843 = DIRECTION ( 'NONE',  ( 1.000000000000000000, 0.000000000000000000, 0.000000000000000000 ) ) ;
#10844 = CIRCLE ( 'NONE', #9747, 0.2000000000000003164 ) ;
#10845 = ADVANCED_FACE ( 'NONE', ( #1589 ), #5863, .F. ) ;
#10846 = CYLINDRICAL_SURFACE ( 'NONE', #7315, 0.1249999999999998890 ) ;
#10847 = DIRECTION ( 'NONE',  ( 0.000000000000000000, 0.000000000000000000, -1.000000000000000000 ) ) ;
#10848 = DIRECTION ( 'NONE',  ( 1.000000000000000000, 0.000000000000000000, 0.000000000000000000 ) ) ;
#10849 = ORIENTED_EDGE ( 'NONE', *, *, #4946, .F. ) ;
#10850 = DIRECTION ( 'NONE',  ( 1.000000000000000000, -0.000000000000000000, 0.000000000000000000 ) ) ;
#10851 = PLANE ( 'NONE',  #9645 ) ;
#10852 = ORIENTED_EDGE ( 'NONE', *, *, #6204, .F. ) ;
#10853 = LINE ( 'NONE', #10103, #8577 ) ;
#10854 = ORIENTED_EDGE ( 'NONE', *, *, #543, .F. ) ;
#10855 = CARTESIAN_POINT ( 'NONE',  ( 2.500000000000000000, 0.2000000000000000111, 0.6249999999999998890 ) ) ;
#10856 = DIRECTION ( 'NONE',  ( 0.000000000000000000, 0.000000000000000000, -1.000000000000000000 ) ) ;
#10857 = CARTESIAN_POINT ( 'NONE',  ( 1.749999999999999778, 0.2000000000000000111, 2.224999999999964118 ) ) ;
#10858 = EDGE_LOOP ( 'NONE', ( #6764, #9768, #1997, #10701 ) ) ;
#10859 = VECTOR ( 'NONE', #2480, 1000.000000000000000 ) ;
#10860 = DIRECTION ( 'NONE',  ( 1.000000000000000000, 0.000000000000000000, 0.000000000000000000 ) ) ;
#10861 = CYLINDRICAL_SURFACE ( 'NONE', #6855, 0.1249999999999998890 ) ;
#10862 = DIRECTION ( 'NONE',  ( 0.000000000000000000, -0.000000000000000000, -1.000000000000000000 ) ) ;
#10863 = CYLINDRICAL_SURFACE ( 'NONE', #648, 0.1249999999999998890 ) ;
#10864 = EDGE_CURVE ( 'NONE', #7166, #5840, #2616, .T. ) ;
#10865 = EDGE_CURVE ( 'NONE', #9164, #9458, #6148, .T. ) ;
#10866 = ADVANCED_FACE ( 'NONE', ( #14 ), #9638, .F. ) ;
#10867 = DIRECTION ( 'NONE',  ( 0.000000000000000000, 1.000000000000000000, -0.000000000000000000 ) ) ;
#10868 = ORIENTED_EDGE ( 'NONE', *, *, #10751, .T. ) ;
#10869 = CARTESIAN_POINT ( 'NONE',  ( 2.224999999999975220, 0.2000000000000000111, -0.7500000000000000000 ) ) ;
#10870 = ORIENTED_EDGE ( 'NONE', *, *, #5910, .F. ) ;
#10871 = DIRECTION ( 'NONE',  ( 0.000000000000000000, -1.000000000000000000, 0.000000000000000000 ) ) ;
#10872 = CARTESIAN_POINT ( 'NONE',  ( -2.224999999999990319, 0.2000000000000000111, -0.6250000000000001110 ) ) ;
#10873 = DIRECTION ( 'NONE',  ( 0.000000000000000000, 0.000000000000000000, -1.000000000000000000 ) ) ;
#10874 = DIRECTION ( 'NONE',  ( -1.000000000000000000, 0.000000000000000000, 0.000000000000000000 ) ) ;
#10875 = ORIENTED_EDGE ( 'NONE', *, *, #9466, .T. ) ;
#10876 = DIRECTION ( 'NONE',  ( 0.000000000000000000, 0.000000000000000000, -1.000000000000000000 ) ) ;
#10877 = ORIENTED_EDGE ( 'NONE', *, *, #8312, .T. ) ;
#10878 = ADVANCED_FACE ( 'NONE', ( #4402 ), #3480, .T. ) ;
#10879 = ORIENTED_EDGE ( 'NONE', *, *, #10892, .F. ) ;
#10880 = CARTESIAN_POINT ( 'NONE',  ( -2.499999999999994227, 0.04999999999999999584, -1.125000000000000222 ) ) ;
#10881 = CARTESIAN_POINT ( 'NONE',  ( -2.224999999999964562, 0.2000000000000000111, 1.875000000000000000 ) ) ;
#10882 = EDGE_LOOP ( 'NONE', ( #8992, #6433, #3368, #1294 ) ) ;
#10883 = LINE ( 'NONE', #7529, #5685 ) ;
#10884 = FACE_OUTER_BOUND ( 'NONE', #2370, .T. ) ;
#10885 = DIRECTION ( 'NONE',  ( -1.000000000000000000, 0.000000000000000000, 0.000000000000000000 ) ) ;
#10886 = ORIENTED_EDGE ( 'NONE', *, *, #10166, .T. ) ;
#10887 = VECTOR ( 'NONE', #5437, 1000.000000000000000 ) ;
#10888 = PLANE ( 'NONE',  #8092 ) ;
#10889 = DIRECTION ( 'NONE',  ( 7.885106708985522560E-16, 0.000000000000000000, 1.000000000000000000 ) ) ;
#10890 = EDGE_LOOP ( 'NONE', ( #5409, #710, #8537, #6800 ) ) ;
#10891 = EDGE_CURVE ( 'NONE', #5016, #4999, #2549, .T. ) ;
#10892 = EDGE_CURVE ( 'NONE', #4086, #2450, #3360, .T. ) ;
#10893 = EDGE_CURVE ( 'NONE', #10048, #1352, #11257, .T. ) ;
#10894 = AXIS2_PLACEMENT_3D ( 'NONE', #10607, #1141, #6308 ) ;
#10895 = DIRECTION ( 'NONE',  ( 0.000000000000000000, 0.000000000000000000, -1.000000000000000000 ) ) ;
#10896 = DIRECTION ( 'NONE',  ( -1.000000000000000000, 0.000000000000000000, 0.000000000000000000 ) ) ;
#10897 = EDGE_LOOP ( 'NONE', ( #10014, #2457, #1749, #613 ) ) ;
#10898 = CARTESIAN_POINT ( 'NONE',  ( -2.224999999999974776, 0.2000000000000000111, 0.8749999999999998890 ) ) ;
#10899 = FACE_OUTER_BOUND ( 'NONE', #1224, .T. ) ;
#10900 = VERTEX_POINT ( 'NONE', #933 ) ;
#10901 = VECTOR ( 'NONE', #1709, 1000.000000000000000 ) ;
#10902 = DIRECTION ( 'NONE',  ( -0.000000000000000000, -0.000000000000000000, 1.000000000000000000 ) ) ;
#10903 = ORIENTED_EDGE ( 'NONE', *, *, #1024, .T. ) ;
#10904 = EDGE_CURVE ( 'NONE', #848, #4796, #8847, .T. ) ;
#10905 = VERTEX_POINT ( 'NONE', #3544 ) ;
#10906 = ORIENTED_EDGE ( 'NONE', *, *, #1507, .T. ) ;
#10907 = CIRCLE ( 'NONE', #3064, 0.1499999999999999667 ) ;
#10908 = VECTOR ( 'NONE', #8943, 1000.000000000000000 ) ;
#10909 = LINE ( 'NONE', #9298, #5814 ) ;
#10910 = VECTOR ( 'NONE', #1404, 1000.000000000000000 ) ;
#10911 = CARTESIAN_POINT ( 'NONE',  ( -2.224999999999995648, 0.2000000000000000111, -1.375000000000000000 ) ) ;
#10912 = ORIENTED_EDGE ( 'NONE', *, *, #2910, .T. ) ;
#10913 = DIRECTION ( 'NONE',  ( -1.000000000000000000, 0.000000000000000000, 0.000000000000000000 ) ) ;
#10914 = CARTESIAN_POINT ( 'NONE',  ( -1.800000000000000044, 0.05000000000000000278, 0.000000000000000000 ) ) ;
#10915 = DIRECTION ( 'NONE',  ( -0.000000000000000000, -1.000000000000000000, -0.000000000000000000 ) ) ;
#10916 = AXIS2_PLACEMENT_3D ( 'NONE', #10138, #1461, #4737 ) ;
#10917 = DIRECTION ( 'NONE',  ( 0.000000000000000000, -1.000000000000000000, 0.000000000000000000 ) ) ;
#10918 = LINE ( 'NONE', #4927, #2927 ) ;
#10919 = ORIENTED_EDGE ( 'NONE', *, *, #8565, .T. ) ;
#10920 = AXIS2_PLACEMENT_3D ( 'NONE', #7984, #5278, #6938 ) ;
#10921 = DIRECTION ( 'NONE',  ( 0.000000000000000000, 0.000000000000000000, -1.000000000000000000 ) ) ;
#10922 = EDGE_LOOP ( 'NONE', ( #5250, #8489, #6264, #3842 ) ) ;
#10923 = FACE_OUTER_BOUND ( 'NONE', #10960, .T. ) ;
#10924 = CARTESIAN_POINT ( 'NONE',  ( 0.1250000000000005829, 0.2000000000000000111, -2.225000000000001421 ) ) ;
#10925 = CARTESIAN_POINT ( 'NONE',  ( -0.1249999999999998196, 0.2000000000000000111, 2.499999999999999556 ) ) ;
#10926 = ADVANCED_FACE ( 'NONE', ( #6847 ), #7031, .T. ) ;
#10927 = VERTEX_POINT ( 'NONE', #6900 ) ;
#10928 = CARTESIAN_POINT ( 'NONE',  ( -1.374999999999999112, 0.2000000000000000111, -2.500000000000000000 ) ) ;
#10929 = ORIENTED_EDGE ( 'NONE', *, *, #1242, .F. ) ;
#10930 = MANIFOLD_SOLID_BREP ( 'Boss-Extrude3[1]', #9621 ) ;
#10931 = AXIS2_PLACEMENT_3D ( 'NONE', #2393, #5093, #483 ) ;
#10932 = VECTOR ( 'NONE', #1901, 1000.000000000000000 ) ;
#10933 = VECTOR ( 'NONE', #4150, 1000.000000000000000 ) ;
#10934 = EDGE_CURVE ( 'NONE', #11200, #5019, #1656, .T. ) ;
#10935 = CARTESIAN_POINT ( 'NONE',  ( 0.3750000000000001665, 0.000000000000000000, 2.225000000000000977 ) ) ;
#10936 = LINE ( 'NONE', #394, #4664 ) ;
#10937 = AXIS2_PLACEMENT_3D ( 'NONE', #10512, #10279, #2444 ) ;
#10938 = ORIENTED_EDGE ( 'NONE', *, *, #7997, .F. ) ;
#10939 = LINE ( 'NONE', #3113, #9899 ) ;
#10940 = DIRECTION ( 'NONE',  ( 0.000000000000000000, -1.000000000000000000, 0.000000000000000000 ) ) ;
#10941 = CARTESIAN_POINT ( 'NONE',  ( 2.500000000000000000, 0.2000000000000000111, 0.8749999999999996669 ) ) ;
#10942 = VECTOR ( 'NONE', #7569, 1000.000000000000000 ) ;
#10943 = ORIENTED_EDGE ( 'NONE', *, *, #8518, .F. ) ;
#10944 = CIRCLE ( 'NONE', #9842, 0.1249999999999996808 ) ;
#10945 = CARTESIAN_POINT ( 'NONE',  ( 0.3750000000000003331, 0.000000000000000000, -2.225000000000001421 ) ) ;
#10946 = CARTESIAN_POINT ( 'NONE',  ( 1.875000000000000000, 0.2000000000000000111, 2.499999999999999112 ) ) ;
#10947 = ORIENTED_EDGE ( 'NONE', *, *, #9139, .F. ) ;
#10948 = DIRECTION ( 'NONE',  ( -0.000000000000000000, 0.000000000000000000, 1.000000000000000000 ) ) ;
#10949 = VECTOR ( 'NONE', #686, 1000.000000000000000 ) ;
#10950 = COLOUR_RGB ( '',0.7921568627450980005, 0.8196078431372548767, 0.9333333333333333481 ) ;
#10951 = MANIFOLD_SOLID_BREP ( 'Boss-Extrude3[8]', #4158 ) ;
#10952 = EDGE_CURVE ( 'NONE', #1658, #10409, #2138, .T. ) ;
#10953 = ADVANCED_FACE ( 'NONE', ( #4295 ), #2848, .F. ) ;
#10954 = DIRECTION ( 'NONE',  ( 0.000000000000000000, 0.000000000000000000, -1.000000000000000000 ) ) ;
#10955 = CARTESIAN_POINT ( 'NONE',  ( 0.6250000000000003331, 0.000000000000000000, 2.225000000000000977 ) ) ;
#10956 = ORIENTED_EDGE ( 'NONE', *, *, #3142, .F. ) ;
#10957 = LINE ( 'NONE', #9346, #6975 ) ;
#10958 = DIRECTION ( 'NONE',  ( 0.000000000000000000, -1.000000000000000000, 0.000000000000000000 ) ) ;
#10959 = CARTESIAN_POINT ( 'NONE',  ( 0.6250000000000003331, 0.000000000000000000, 2.499999999999999556 ) ) ;
#10960 = EDGE_LOOP ( 'NONE', ( #1072, #609, #1891, #1660 ) ) ;
#10961 = AXIS2_PLACEMENT_3D ( 'NONE', #7227, #2012, #3028 ) ;
#10962 = CARTESIAN_POINT ( 'NONE',  ( 0.000000000000000000, 0.05000000000000000278, -1.124999999999999556 ) ) ;
#10963 = VERTEX_POINT ( 'NONE', #7369 ) ;
#10964 = DIRECTION ( 'NONE',  ( 1.734723475976814589E-15, 0.000000000000000000, -1.000000000000000000 ) ) ;
#10965 = COLOUR_RGB ( '',0.7921568627450980005, 0.8196078431372548767, 0.9333333333333333481 ) ;
#10966 = VERTEX_POINT ( 'NONE', #346 ) ;
#10967 = ORIENTED_EDGE ( 'NONE', *, *, #7048, .F. ) ;
#10968 = AXIS2_PLACEMENT_3D ( 'NONE', #3431, #5319, #10395 ) ;
#10969 = EDGE_CURVE ( 'NONE', #9689, #4466, #1305, .T. ) ;
#10970 = EDGE_CURVE ( 'NONE', #10076, #1567, #401, .T. ) ;
#10971 = STYLED_ITEM ( 'NONE', ( #2353 ), #3794 ) ;
#10972 = DIRECTION ( 'NONE',  ( 0.000000000000000000, 0.000000000000000000, -1.000000000000000000 ) ) ;
#10973 = ORIENTED_EDGE ( 'NONE', *, *, #9685, .T. ) ;
#10974 = CARTESIAN_POINT ( 'NONE',  ( -0.2499999999999997224, 0.04999999999999999584, 2.224999999999985434 ) ) ;
#10975 = CARTESIAN_POINT ( 'NONE',  ( -2.224999999999980105, 0.2000000000000000111, 0.3749999999999998890 ) ) ;
#10976 = VECTOR ( 'NONE', #9393, 1000.000000000000000 ) ;
#10977 = CARTESIAN_POINT ( 'NONE',  ( -2.499999999999999556, -7.071067811865474617, -2.500000000000000000 ) ) ;
#10978 = EDGE_CURVE ( 'NONE', #9335, #1230, #9870, .T. ) ;
#10979 = DIRECTION ( 'NONE',  ( 0.000000000000000000, 0.000000000000000000, -1.000000000000000000 ) ) ;
#10980 = VECTOR ( 'NONE', #2730, 1000.000000000000000 ) ;
#10981 = DIRECTION ( 'NONE',  ( 0.000000000000000000, 0.000000000000000000, -1.000000000000000000 ) ) ;
#10982 = ORIENTED_EDGE ( 'NONE', *, *, #4807, .T. ) ;
#10983 = VECTOR ( 'NONE', #4876, 1000.000000000000000 ) ;
#10984 = DIRECTION ( 'NONE',  ( 0.000000000000000000, -1.000000000000000000, 0.000000000000000000 ) ) ;
#10985 = VERTEX_POINT ( 'NONE', #7311 ) ;
#10986 =( NAMED_UNIT ( * ) PLANE_ANGLE_UNIT ( ) SI_UNIT ( $, .RADIAN. ) );
#10987 = CARTESIAN_POINT ( 'NONE',  ( 0.1250000000000003608, 0.2000000000000000111, 2.225000000000000977 ) ) ;
#10988 = CARTESIAN_POINT ( 'NONE',  ( -0.3749999999999996114, 0.000000000000000000, 2.499999999999999556 ) ) ;
#10989 = FACE_OUTER_BOUND ( 'NONE', #5865, .T. ) ;
#10990 = ORIENTED_EDGE ( 'NONE', *, *, #9123, .T. ) ;
#10991 = DIRECTION ( 'NONE',  ( 1.000000000000000000, 0.000000000000000000, 0.000000000000000000 ) ) ;
#10992 = VERTEX_POINT ( 'NONE', #4688 ) ;
#10993 = MANIFOLD_SOLID_BREP ( 'Boss-Extrude3[16]', #5600 ) ;
#10994 = AXIS2_PLACEMENT_3D ( 'NONE', #430, #9087, #7658 ) ;
#10995 = EDGE_CURVE ( 'NONE', #3914, #5557, #3534, .T. ) ;
#10996 = DIRECTION ( 'NONE',  ( -0.000000000000000000, -0.000000000000000000, 1.000000000000000000 ) ) ;
#10997 = LINE ( 'NONE', #786, #4132 ) ;
#10998 = CARTESIAN_POINT ( 'NONE',  ( 1.800000000000000044, 0.2000000000000000111, -1.649999999999998801 ) ) ;
#10999 = ORIENTED_EDGE ( 'NONE', *, *, #7133, .T. ) ;
#11000 = DIRECTION ( 'NONE',  ( 1.000000000000000000, 0.000000000000000000, 0.000000000000000000 ) ) ;
#11001 = LINE ( 'NONE', #10134, #1088 ) ;
#11002 = DIRECTION ( 'NONE',  ( 0.000000000000000000, 0.000000000000000000, -1.000000000000000000 ) ) ;
#11003 = VERTEX_POINT ( 'NONE', #1252 ) ;
#11004 =( NAMED_UNIT ( * ) SI_UNIT ( $, .STERADIAN. ) SOLID_ANGLE_UNIT ( ) );
#11005 = DIRECTION ( 'NONE',  ( 0.000000000000000000, -1.000000000000000000, 0.000000000000000000 ) ) ;
#11006 = ORIENTED_EDGE ( 'NONE', *, *, #5649, .T. ) ;
#11007 = LINE ( 'NONE', #8325, #924 ) ;
#11008 = ORIENTED_EDGE ( 'NONE', *, *, #7233, .T. ) ;
#11009 = EDGE_CURVE ( 'NONE', #9178, #2615, #11186, .T. ) ;
#11010 = ADVANCED_FACE ( 'NONE', ( #6483 ), #5471, .F. ) ;
#11011 = MANIFOLD_SOLID_BREP ( 'Cut-Extrude2', #11275 ) ;
#11012 = CARTESIAN_POINT ( 'NONE',  ( 0.3750000000000003331, 0.2000000000000000111, -2.500000000000000000 ) ) ;
#11013 = DIRECTION ( 'NONE',  ( 0.000000000000000000, 0.000000000000000000, -1.000000000000000000 ) ) ;
#11014 = VERTEX_POINT ( 'NONE', #10945 ) ;
#11015 = PLANE ( 'NONE',  #7339 ) ;
#11016 = FACE_OUTER_BOUND ( 'NONE', #5285, .T. ) ;
#11017 = LINE ( 'NONE', #8455, #3225 ) ;
#11018 = ORIENTED_EDGE ( 'NONE', *, *, #1266, .T. ) ;
#11019 = LINE ( 'NONE', #4970, #6011 ) ;
#11020 = EDGE_LOOP ( 'NONE', ( #1571, #8191, #2363, #4810 ) ) ;
#11021 = PRESENTATION_STYLE_ASSIGNMENT (( #4067 ) ) ;
#11022 = ORIENTED_EDGE ( 'NONE', *, *, #1356, .F. ) ;
#11023 = ORIENTED_EDGE ( 'NONE', *, *, #1380, .F. ) ;
#11024 = ADVANCED_FACE ( 'NONE', ( #1520 ), #566, .F. ) ;
#11025 = VECTOR ( 'NONE', #4015, 1000.000000000000000 ) ;
#11026 = EDGE_CURVE ( 'NONE', #2267, #9084, #2957, .T. ) ;
#11027 = ORIENTED_EDGE ( 'NONE', *, *, #8663, .T. ) ;
#11028 = FACE_OUTER_BOUND ( 'NONE', #8400, .T. ) ;
#11029 = DIRECTION ( 'NONE',  ( 0.000000000000000000, 1.000000000000000000, -0.000000000000000000 ) ) ;
#11030 = VERTEX_POINT ( 'NONE', #10033 ) ;
#11031 = DIRECTION ( 'NONE',  ( 0.000000000000000000, 1.000000000000000000, -0.000000000000000000 ) ) ;
#11032 = EDGE_CURVE ( 'NONE', #4383, #2483, #9179, .T. ) ;
#11033 = ADVANCED_FACE ( 'NONE', ( #4099 ), #10888, .F. ) ;
#11034 = CARTESIAN_POINT ( 'NONE',  ( 0.3750000000000003331, 0.2000000000000000111, -2.500000000000000000 ) ) ;
#11035 = VERTEX_POINT ( 'NONE', #7642 ) ;
#11036 = DIRECTION ( 'NONE',  ( 1.000000000000000000, -0.000000000000000000, 0.000000000000000000 ) ) ;
#11037 = EDGE_LOOP ( 'NONE', ( #409, #3644, #2709, #5495 ) ) ;
#11038 = CARTESIAN_POINT ( 'NONE',  ( -0.6249999999999996669, 0.2000000000000000111, 2.499999999999999556 ) ) ;
#11039 = LINE ( 'NONE', #384, #2793 ) ;
#11040 = DIRECTION ( 'NONE',  ( 1.000000000000000000, -0.000000000000000000, 0.000000000000000000 ) ) ;
#11041 = DIRECTION ( 'NONE',  ( 0.000000000000000000, 1.000000000000000000, -0.000000000000000000 ) ) ;
#11042 = EDGE_LOOP ( 'NONE', ( #5885, #11106, #11047, #1040 ) ) ;
#11043 = DIRECTION ( 'NONE',  ( 0.000000000000000000, 1.000000000000000000, -0.000000000000000000 ) ) ;
#11044 = ADVANCED_FACE ( 'NONE', ( #3118 ), #8322, .F. ) ;
#11045 = MANIFOLD_SOLID_BREP ( 'Boss-Extrude3[15]', #8896 ) ;
#11046 = LINE ( 'NONE', #10129, #9307 ) ;
#11047 = ORIENTED_EDGE ( 'NONE', *, *, #1905, .T. ) ;
#11048 = CARTESIAN_POINT ( 'NONE',  ( -1.649999999999999911, 0.000000000000000000, 1.649999999999999689 ) ) ;
#11049 = CARTESIAN_POINT ( 'NONE',  ( -0.7499999999999995559, 0.2000000000000000111, 2.224999999999990319 ) ) ;
#11050 = CARTESIAN_POINT ( 'NONE',  ( -2.499999999999973799, 0.04999999999999999584, 0.8749999999999998890 ) ) ;
#11051 = ORIENTED_EDGE ( 'NONE', *, *, #3912, .T. ) ;
#11052 = EDGE_LOOP ( 'NONE', ( #742, #4892, #3285, #10388 ) ) ;
#11053 = ORIENTED_EDGE ( 'NONE', *, *, #850, .T. ) ;
#11054 = FILL_AREA_STYLE_COLOUR ( '', #2336 ) ;
#11055 = ADVANCED_FACE ( 'NONE', ( #7534 ), #505, .T. ) ;
#11056 = VECTOR ( 'NONE', #8927, 1000.000000000000000 ) ;
#11057 = CARTESIAN_POINT ( 'NONE',  ( -0.7499999999999995559, 0.000000000000000000, 2.224999999999990319 ) ) ;
#11058 = DIRECTION ( 'NONE',  ( 0.000000000000000000, -1.000000000000000000, 0.000000000000000000 ) ) ;
#11059 = ORIENTED_EDGE ( 'NONE', *, *, #9182, .T. ) ;
#11060 = CARTESIAN_POINT ( 'NONE',  ( 0.2500000000000002776, 0.04999999999999999584, 2.224999999999980105 ) ) ;
#11061 = DIRECTION ( 'NONE',  ( 1.000000000000000000, 0.000000000000000000, -1.734723475976808475E-15 ) ) ;
#11062 = DIRECTION ( 'NONE',  ( 0.000000000000000000, 1.000000000000000000, -0.000000000000000000 ) ) ;
#11063 = DIRECTION ( 'NONE',  ( -1.971276677246380887E-16, 0.000000000000000000, -1.000000000000000000 ) ) ;
#11064 = ORIENTED_EDGE ( 'NONE', *, *, #6124, .F. ) ;
#11065 = LINE ( 'NONE', #4168, #4078 ) ;
#11066 = LINE ( 'NONE', #4751, #4758 ) ;
#11067 = ORIENTED_EDGE ( 'NONE', *, *, #6063, .F. ) ;
#11068 = FILL_AREA_STYLE ('',( #2270 ) ) ;
#11069 = ADVANCED_FACE ( 'NONE', ( #51 ), #4323, .F. ) ;
#11070 = EDGE_LOOP ( 'NONE', ( #2867, #10225, #5481, #7147 ) ) ;
#11071 = ORIENTED_EDGE ( 'NONE', *, *, #1242, .T. ) ;
#11072 = ADVANCED_FACE ( 'NONE', ( #5280 ), #7804, .F. ) ;
#11073 = CARTESIAN_POINT ( 'NONE',  ( -0.2499999999999997224, 0.2000000000000000111, 2.224999999999985434 ) ) ;
#11074 = CARTESIAN_POINT ( 'NONE',  ( -2.499999999999989342, 0.2000000000000000111, -0.8749999999999998890 ) ) ;
#11075 = AXIS2_PLACEMENT_3D ( 'NONE', #8119, #4685, #6317 ) ;
#11076 = VERTEX_POINT ( 'NONE', #1084 ) ;
#11077 = ADVANCED_FACE ( 'NONE', ( #8768 ), #6185, .T. ) ;
#11078 = CARTESIAN_POINT ( 'NONE',  ( 2.500000000000000000, 0.2000000000000000111, 0.8749999999999996669 ) ) ;
#11079 = LINE ( 'NONE', #7442, #3047 ) ;
#11080 = MANIFOLD_SOLID_BREP ( 'Boss-Extrude3[5]', #3226 ) ;
#11081 = CLOSED_SHELL ( 'NONE', ( #10404, #8811, #3715, #721, #7423, #4768 ) ) ;
#11082 = EDGE_LOOP ( 'NONE', ( #3327, #6868, #7609, #1535 ) ) ;
#11083 = CARTESIAN_POINT ( 'NONE',  ( -2.224999999999990319, 0.2000000000000000111, -0.8749999999999998890 ) ) ;
#11084 = VECTOR ( 'NONE', #9971, 1000.000000000000000 ) ;
#11085 = AXIS2_PLACEMENT_3D ( 'NONE', #5681, #9176, #3218 ) ;
#11086 = FILL_AREA_STYLE_COLOUR ( '', #5 ) ;
#11087 = CARTESIAN_POINT ( 'NONE',  ( 1.875000000000000000, 0.2000000000000000111, 2.499999999999999112 ) ) ;
#11088 = EDGE_CURVE ( 'NONE', #3482, #4360, #8828, .T. ) ;
#11089 = ORIENTED_EDGE ( 'NONE', *, *, #2704, .F. ) ;
#11090 = EDGE_CURVE ( 'NONE', #9795, #2969, #4795, .T. ) ;
#11091 = EDGE_CURVE ( 'NONE', #7203, #10076, #5344, .T. ) ;
#11092 = CARTESIAN_POINT ( 'NONE',  ( -2.225000000000000977, 0.2000000000000000111, -1.875000000000000000 ) ) ;
#11093 = AXIS2_PLACEMENT_3D ( 'NONE', #10176, #3209, #9100 ) ;
#11094 = ORIENTED_EDGE ( 'NONE', *, *, #6113, .T. ) ;
#11095 = CARTESIAN_POINT ( 'NONE',  ( -2.499999999999968470, 0.2000000000000000111, 1.125000000000000222 ) ) ;
#11096 = CARTESIAN_POINT ( 'NONE',  ( -0.6249999999999996669, 0.2000000000000000111, 2.499999999999999556 ) ) ;
#11097 = CARTESIAN_POINT ( 'NONE',  ( 1.250000000000000222, 0.2000000000000000111, -2.224999999999996092 ) ) ;
#11098 = VERTEX_POINT ( 'NONE', #7867 ) ;
#11099 = DIRECTION ( 'NONE',  ( 0.000000000000000000, 0.000000000000000000, 1.000000000000000000 ) ) ;
#11100 = VECTOR ( 'NONE', #5474, 1000.000000000000000 ) ;
#11101 = CIRCLE ( 'NONE', #7091, 0.1249999999999998890 ) ;
#11102 = VECTOR ( 'NONE', #3060, 1000.000000000000000 ) ;
#11103 = EDGE_CURVE ( 'NONE', #459, #6795, #1689, .T. ) ;
#11104 = EDGE_CURVE ( 'NONE', #7538, #4396, #9616, .T. ) ;
#11105 = DIRECTION ( 'NONE',  ( 0.000000000000000000, 1.000000000000000000, -0.000000000000000000 ) ) ;
#11106 = ORIENTED_EDGE ( 'NONE', *, *, #4826, .F. ) ;
#11107 = DIRECTION ( 'NONE',  ( 0.000000000000000000, -1.000000000000000000, 0.000000000000000000 ) ) ;
#11109 = CARTESIAN_POINT ( 'NONE',  ( -0.2499999999999997224, 0.2000000000000000111, 2.224999999999985434 ) ) ;
#11108 = UNCERTAINTY_MEASURE_WITH_UNIT (LENGTH_MEASURE( 1.000000000000000082E-05 ), #1987, 'distance_accuracy_value', 'NONE');
#11110 = DIRECTION ( 'NONE',  ( 0.000000000000000000, 0.000000000000000000, 1.000000000000000000 ) ) ;
#11111 = EDGE_LOOP ( 'NONE', ( #892, #6967, #4968, #2396 ) ) ;
#11112 = STYLED_ITEM ( 'NONE', ( #9231 ), #7392 ) ;
#11113 = ORIENTED_EDGE ( 'NONE', *, *, #9050, .T. ) ;
#11114 = ORIENTED_EDGE ( 'NONE', *, *, #10301, .T. ) ;
#11115 = DIRECTION ( 'NONE',  ( 0.000000000000000000, -0.000000000000000000, -1.000000000000000000 ) ) ;
#11116 = CIRCLE ( 'NONE', #1108, 0.1249999999999998890 ) ;
#11117 = VECTOR ( 'NONE', #7066, 1000.000000000000000 ) ;
#11118 = MANIFOLD_SOLID_BREP ( 'Boss-Extrude3[11]', #3622 ) ;
#11119 = VECTOR ( 'NONE', #269, 1000.000000000000000 ) ;
#11120 = AXIS2_PLACEMENT_3D ( 'NONE', #1229, #8991, #2118 ) ;
#11121 = FACE_OUTER_BOUND ( 'NONE', #3572, .T. ) ;
#11122 = DIRECTION ( 'NONE',  ( 0.000000000000000000, 0.000000000000000000, 1.000000000000000000 ) ) ;
#11123 = VECTOR ( 'NONE', #7893, 1000.000000000000000 ) ;
#11124 = ORIENTED_EDGE ( 'NONE', *, *, #7692, .T. ) ;
#11125 = DIRECTION ( 'NONE',  ( 0.000000000000000000, 0.000000000000000000, -1.000000000000000000 ) ) ;
#11126 = CARTESIAN_POINT ( 'NONE',  ( 0.3750000000000001665, 0.2000000000000000111, 2.225000000000000977 ) ) ;
#11127 = PLANE ( 'NONE',  #3802 ) ;
#11128 = LINE ( 'NONE', #3298, #2722 ) ;
#11129 = VERTEX_POINT ( 'NONE', #9097 ) ;
#11130 = CARTESIAN_POINT ( 'NONE',  ( -2.224999999999995648, 0.000000000000000000, -1.125000000000000222 ) ) ;
#11131 = CARTESIAN_POINT ( 'NONE',  ( -0.7499999999999995559, 0.2000000000000000111, 2.224999999999990319 ) ) ;
#11132 = ORIENTED_EDGE ( 'NONE', *, *, #5221, .T. ) ;
#11133 = CARTESIAN_POINT ( 'NONE',  ( -0.2499999999999997224, 0.000000000000000000, 2.099999999999985434 ) ) ;
#11134 = VERTEX_POINT ( 'NONE', #9956 ) ;
#11135 = VERTEX_POINT ( 'NONE', #5174 ) ;
#11136 = ORIENTED_EDGE ( 'NONE', *, *, #6322, .T. ) ;
#11137 = CIRCLE ( 'NONE', #3102, 0.1249999999999996808 ) ;
#11138 = VECTOR ( 'NONE', #4365, 1000.000000000000000 ) ;
#11139 = APPLICATION_PROTOCOL_DEFINITION ( 'draft international standard', 'automotive_design', 1998, #5590 ) ;
#11140 = ADVANCED_FACE ( 'NONE', ( #8993 ), #1190, .F. ) ;
#11141 = AXIS2_PLACEMENT_3D ( 'NONE', #5405, #3710, #6311 ) ;
#11142 = VERTEX_POINT ( 'NONE', #3700 ) ;
#11143 = CYLINDRICAL_SURFACE ( 'NONE', #5849, 0.1250000000000001110 ) ;
#11144 = VECTOR ( 'NONE', #1326, 1000.000000000000000 ) ;
#11145 = MANIFOLD_SOLID_BREP ( 'Boss-Extrude3[10]', #10160 ) ;
#11146 = ORIENTED_EDGE ( 'NONE', *, *, #7679, .T. ) ;
#11147 = ORIENTED_EDGE ( 'NONE', *, *, #6390, .F. ) ;
#11148 = VERTEX_POINT ( 'NONE', #7348 ) ;
#11149 = DIRECTION ( 'NONE',  ( -0.000000000000000000, -1.000000000000000000, -0.000000000000000000 ) ) ;
#11150 = VECTOR ( 'NONE', #9882, 1000.000000000000000 ) ;
#11151 = EDGE_CURVE ( 'NONE', #5181, #4890, #1231, .T. ) ;
#11152 = MECHANICAL_DESIGN_GEOMETRIC_PRESENTATION_REPRESENTATION (  '', ( #2942 ), #1672 ) ;
#11153 = DIRECTION ( 'NONE',  ( 1.000000000000000000, 0.000000000000000000, 0.000000000000000000 ) ) ;
#11154 = DIRECTION ( 'NONE',  ( 0.000000000000000000, 0.000000000000000000, -1.000000000000000000 ) ) ;
#11155 = ORIENTED_EDGE ( 'NONE', *, *, #3669, .T. ) ;
#11156 = AXIS2_PLACEMENT_3D ( 'NONE', #2858, #3785, #2101 ) ;
#11157 = EDGE_LOOP ( 'NONE', ( #1425, #2056, #7674, #3837 ) ) ;
#11158 = CARTESIAN_POINT ( 'NONE',  ( -0.1249999999999998335, 0.2000000000000000111, 2.225000000000000977 ) ) ;
#11159 = CARTESIAN_POINT ( 'NONE',  ( 2.500000000000000000, 0.2000000000000000111, 0.8749999999999996669 ) ) ;
#11160 = VECTOR ( 'NONE', #3876, 1000.000000000000000 ) ;
#11161 = VERTEX_POINT ( 'NONE', #3918 ) ;
#11162 = CARTESIAN_POINT ( 'NONE',  ( 1.625000000000000000, 0.2000000000000000111, -2.500000000000000000 ) ) ;
#11163 = EDGE_CURVE ( 'NONE', #1898, #7741, #5606, .T. ) ;
#11164 = EDGE_CURVE ( 'NONE', #3307, #1182, #6303, .T. ) ;
#11165 =( GEOMETRIC_REPRESENTATION_CONTEXT ( 3 ) GLOBAL_UNCERTAINTY_ASSIGNED_CONTEXT ( ( #622 ) ) GLOBAL_UNIT_ASSIGNED_CONTEXT ( ( #9740, #10356, #2591 ) ) REPRESENTATION_CONTEXT ( 'NONE', 'WORKASPACE' ) );
#11166 = AXIS2_PLACEMENT_3D ( 'NONE', #10027, #9271, #10187 ) ;
#11167 = CIRCLE ( 'NONE', #6605, 0.1249999999999998890 ) ;
#11168 = DIRECTION ( 'NONE',  ( 1.000000000000000000, 0.000000000000000000, 0.000000000000000000 ) ) ;
#11169 = FACE_OUTER_BOUND ( 'NONE', #1158, .T. ) ;
#11170 = ORIENTED_EDGE ( 'NONE', *, *, #3720, .T. ) ;
#11171 = CARTESIAN_POINT ( 'NONE',  ( -1.249999999999999556, 0.000000000000000000, 2.224999999999996092 ) ) ;
#11172 = FACE_OUTER_BOUND ( 'NONE', #9637, .T. ) ;
#11173 = DIRECTION ( 'NONE',  ( 0.000000000000000000, 1.000000000000000000, 0.000000000000000000 ) ) ;
#11174 = ORIENTED_EDGE ( 'NONE', *, *, #6874, .F. ) ;
#11175 = VECTOR ( 'NONE', #9668, 1000.000000000000000 ) ;
#11176 = CARTESIAN_POINT ( 'NONE',  ( -2.499999999999999556, 0.2000000000000000111, -1.625000000000000222 ) ) ;
#11177 = VERTEX_POINT ( 'NONE', #2023 ) ;
#11178 = VERTEX_POINT ( 'NONE', #3806 ) ;
#11179 = CARTESIAN_POINT ( 'NONE',  ( -1.249999999999999556, 0.2000000000000000111, 2.099999999999996092 ) ) ;
#11180 = EDGE_LOOP ( 'NONE', ( #693, #9556, #396, #5652 ) ) ;
#11181 = EDGE_CURVE ( 'NONE', #4461, #9164, #9889, .T. ) ;
#11182 = EDGE_CURVE ( 'NONE', #327, #6189, #2178, .T. ) ;
#11183 = ORIENTED_EDGE ( 'NONE', *, *, #10217, .T. ) ;
#11184 = EDGE_CURVE ( 'NONE', #2321, #7150, #8043, .T. ) ;
#11185 = MANIFOLD_SOLID_BREP ( 'Boss-Extrude2', #10341 ) ;
#11186 = CIRCLE ( 'NONE', #1336, 0.1249999999999998890 ) ;
#11187 = DIRECTION ( 'NONE',  ( 0.000000000000000000, -1.000000000000000000, 0.000000000000000000 ) ) ;
#11188 = DIRECTION ( 'NONE',  ( -1.000000000000000000, 0.000000000000000000, -0.000000000000000000 ) ) ;
#11189 = CARTESIAN_POINT ( 'NONE',  ( 1.875000000000000000, 0.04999999999999999584, 2.499999999999999112 ) ) ;
#11190 = ORIENTED_EDGE ( 'NONE', *, *, #6202, .T. ) ;
#11191 = CARTESIAN_POINT ( 'NONE',  ( 2.500000000000000000, 0.2000000000000000111, 1.624999999999999778 ) ) ;
#11192 = LINE ( 'NONE', #3184, #5996 ) ;
#11193 = CARTESIAN_POINT ( 'NONE',  ( -0.6249999999999996669, 0.2000000000000000111, 2.225000000000000977 ) ) ;
#11194 = DIRECTION ( 'NONE',  ( 0.000000000000000000, 0.000000000000000000, -1.000000000000000000 ) ) ;
#11195 = EDGE_LOOP ( 'NONE', ( #954, #6708, #1251, #5541 ) ) ;
#11196 = CARTESIAN_POINT ( 'NONE',  ( -2.225000000000000977, 0.000000000000000000, -1.750000000000000000 ) ) ;
#11197 = CARTESIAN_POINT ( 'NONE',  ( -1.749999999999999112, 0.04999999999999999584, -2.224999999999965006 ) ) ;
#11198 = EDGE_LOOP ( 'NONE', ( #7703, #674, #6714, #2274 ) ) ;
#11199 = CARTESIAN_POINT ( 'NONE',  ( -0.3749999999999996114, 0.000000000000000000, 2.225000000000000977 ) ) ;
#11200 = VERTEX_POINT ( 'NONE', #5765 ) ;
#11201 = VERTEX_POINT ( 'NONE', #8421 ) ;
#11202 = ORIENTED_EDGE ( 'NONE', *, *, #5618, .F. ) ;
#11203 = EDGE_CURVE ( 'NONE', #178, #327, #9906, .T. ) ;
#11204 = CARTESIAN_POINT ( 'NONE',  ( -2.499999999999963141, 0.000000000000000000, 1.625000000000000222 ) ) ;
#11205 = ORIENTED_EDGE ( 'NONE', *, *, #5163, .T. ) ;
#11206 = CARTESIAN_POINT ( 'NONE',  ( -0.7499999999999995559, 0.000000000000000000, 2.224999999999990319 ) ) ;
#11207 = CARTESIAN_POINT ( 'NONE',  ( 0.3750000000000001665, 0.2000000000000000111, 2.225000000000000977 ) ) ;
#11208 = MANIFOLD_SOLID_BREP ( 'Boss-Extrude3[25]', #4353 ) ;
#11209 = ORIENTED_EDGE ( 'NONE', *, *, #425, .F. ) ;
#11210 = ORIENTED_EDGE ( 'NONE', *, *, #10952, .F. ) ;
#11211 = PLANE ( 'NONE',  #4825 ) ;
#11212 = AXIS2_PLACEMENT_3D ( 'NONE', #9479, #1670, #10401 ) ;
#11213 = LINE ( 'NONE', #7917, #5646 ) ;
#11214 = CARTESIAN_POINT ( 'NONE',  ( 2.224999999999975220, 0.000000000000000000, -0.8749999999999998890 ) ) ;
#11215 = VERTEX_POINT ( 'NONE', #11038 ) ;
#11216 = AXIS2_PLACEMENT_3D ( 'NONE', #4850, #4897, #6550 ) ;
#11217 = DIRECTION ( 'NONE',  ( -1.000000000000000000, -0.000000000000000000, -0.000000000000000000 ) ) ;
#11218 = ORIENTED_EDGE ( 'NONE', *, *, #235, .F. ) ;
#11219 = EDGE_CURVE ( 'NONE', #9696, #1476, #10287, .T. ) ;
#11220 =( NAMED_UNIT ( * ) SI_UNIT ( $, .STERADIAN. ) SOLID_ANGLE_UNIT ( ) );
#11221 = DIRECTION ( 'NONE',  ( 0.000000000000000000, 0.000000000000000000, 1.000000000000000000 ) ) ;
#11222 = PLANE ( 'NONE',  #8366 ) ;
#11223 = ORIENTED_EDGE ( 'NONE', *, *, #9683, .F. ) ;
#11224 = CARTESIAN_POINT ( 'NONE',  ( 0.8750000000000002220, 0.2000000000000000111, -2.500000000000000000 ) ) ;
#11225 = ADVANCED_FACE ( 'NONE', ( #8476 ), #4871, .F. ) ;
#11226 = VECTOR ( 'NONE', #4334, 1000.000000000000000 ) ;
#11227 = DIRECTION ( 'NONE',  ( 0.000000000000000000, -1.000000000000000000, 0.000000000000000000 ) ) ;
#11228 = LINE ( 'NONE', #7062, #10755 ) ;
#11229 = ORIENTED_EDGE ( 'NONE', *, *, #6407, .F. ) ;
#11230 = EDGE_CURVE ( 'NONE', #4103, #7657, #6759, .T. ) ;
#11232 = AXIS2_PLACEMENT_3D ( 'NONE', #2665, #7649, #11122 ) ;
#11231 = FILL_AREA_STYLE_COLOUR ( '', #3707 ) ;
#11233 = LINE ( 'NONE', #3280, #8251 ) ;
#11234 = CARTESIAN_POINT ( 'NONE',  ( -2.224999999999990319, 0.2000000000000000111, -0.7500000000000000000 ) ) ;
#11235 = DIRECTION ( 'NONE',  ( -0.000000000000000000, -1.000000000000000000, -0.000000000000000000 ) ) ;
#11236 = VERTEX_POINT ( 'NONE', #10236 ) ;
#11237 = DIRECTION ( 'NONE',  ( 0.000000000000000000, 0.000000000000000000, 1.000000000000000000 ) ) ;
#11238 = EDGE_LOOP ( 'NONE', ( #5661, #6672, #9112, #8284 ) ) ;
#11239 = ORIENTED_EDGE ( 'NONE', *, *, #3565, .F. ) ;
#11240 = DIRECTION ( 'NONE',  ( -0.000000000000000000, -1.000000000000000000, -0.000000000000000000 ) ) ;
#11241 = VERTEX_POINT ( 'NONE', #9211 ) ;
#11242 = ORIENTED_EDGE ( 'NONE', *, *, #8465, .T. ) ;
#11243 = MANIFOLD_SOLID_BREP ( 'Boss-Extrude3[30]', #5431 ) ;
#11244 = CARTESIAN_POINT ( 'NONE',  ( -1.874999999999999334, 0.000000000000000000, 2.500000000000000000 ) ) ;
#11245 = CARTESIAN_POINT ( 'NONE',  ( -2.224999999999964562, 0.2000000000000000111, 1.625000000000000222 ) ) ;
#11246 = CARTESIAN_POINT ( 'NONE',  ( -1.649999999999999911, 0.2000000000000000111, 1.649999999999999689 ) ) ;
#11247 = DIRECTION ( 'NONE',  ( 0.000000000000000000, 0.000000000000000000, -1.000000000000000000 ) ) ;
#11248 = ADVANCED_FACE ( 'NONE', ( #845 ), #1389, .F. ) ;
#11249 = ORIENTED_EDGE ( 'NONE', *, *, #2435, .F. ) ;
#11250 = EDGE_CURVE ( 'NONE', #4122, #3860, #6003, .T. ) ;
#11251 = CARTESIAN_POINT ( 'NONE',  ( -2.499999999999999556, 0.04999999999999969746, 2.500000000000000000 ) ) ;
#11252 = CARTESIAN_POINT ( 'NONE',  ( 1.249999999999999778, 0.04999999999999999584, 2.224999999999969003 ) ) ;
#11253 = DIRECTION ( 'NONE',  ( 0.000000000000000000, 0.000000000000000000, 1.000000000000000000 ) ) ;
#11254 = CARTESIAN_POINT ( 'NONE',  ( 1.875000000000000000, 0.2000000000000000111, -2.225000000000001421 ) ) ;
#11255 = ADVANCED_FACE ( 'NONE', ( #8646 ), #2640, .T. ) ;
#11256 = ORIENTED_EDGE ( 'NONE', *, *, #1010, .F. ) ;
#11257 = LINE ( 'NONE', #1822, #8271 ) ;
#11258 = CARTESIAN_POINT ( 'NONE',  ( -1.849999999999999645, 0.8499999999999999778, -1.850000000000000089 ) ) ;
#11259 = ORIENTED_EDGE ( 'NONE', *, *, #646, .F. ) ;
#11260 = LINE ( 'NONE', #10385, #5458 ) ;
#11261 = ORIENTED_EDGE ( 'NONE', *, *, #8518, .T. ) ;
#11262 = VERTEX_POINT ( 'NONE', #9607 ) ;
#11263 = ORIENTED_EDGE ( 'NONE', *, *, #2511, .F. ) ;
#11264 = DIRECTION ( 'NONE',  ( -0.000000000000000000, -0.000000000000000000, -1.000000000000000000 ) ) ;
#11265 = CYLINDRICAL_SURFACE ( 'NONE', #10049, 0.1250000000000001110 ) ;
#11266 = ORIENTED_EDGE ( 'NONE', *, *, #4724, .T. ) ;
#11267 = FACE_OUTER_BOUND ( 'NONE', #3359, .T. ) ;
#11268 = DIRECTION ( 'NONE',  ( 0.000000000000000000, -0.000000000000000000, -1.000000000000000000 ) ) ;
#11269 = EDGE_CURVE ( 'NONE', #3399, #2525, #11281, .T. ) ;
#11270 = MANIFOLD_SOLID_BREP ( 'Boss-Extrude3[7]', #11081 ) ;
#11271 = ORIENTED_EDGE ( 'NONE', *, *, #2080, .T. ) ;
#11272 = VECTOR ( 'NONE', #9303, 1000.000000000000000 ) ;
#11273 = LINE ( 'NONE', #6916, #8292 ) ;
#11274 = LINE ( 'NONE', #6058, #8944 ) ;
#11275 = CLOSED_SHELL ( 'NONE', ( #6545, #2755, #1397, #11279, #6455, #2853, #9018, #2449, #1813, #1239, #9187, #3853, #9987, #796, #9204, #1383, #3591, #2033, #6420, #4879, #7558, #11077, #9149, #3274, #7616, #1333, #3364, #8951, #10021, #10707, #2660, #5493, #10038, #3767, #1608, #5995, #2107, #3987, #5438, #2536, #9251, #9264, #6990, #5927, #9281, #550, #7849, #9776, #9830, #10367, #1718, #6258, #5380, #11255, #5435, #2094, #9066, #2325, #5673, #5616, #8411, #4322, #2161, #8364, #77, #8726, #1268, #9930, #6840, #7817, #11044, #10697, #3765, #7385, #9369, #6421, #6573, #7042, #2997, #4687, #10638, #4194, #7060, #4931, #9551, #1685, #5314, #1610, #219, #4191, #6997, #10522, #7983, #5570, #6740, #2690, #8510, #10153, #5248, #6522, #4468, #3437, #4712, #8586, #1464, #699, #1836, #2294, #7406, #3111, #3780, #1577, #7691, #11299, #7671, #10567, #907, #8448, #8796, #9195, #595, #8300, #3855, #3747, #6546, #4422, #1858, #4128, #10717, #4998, #5845, #5658, #5156, #1331, #10483, #1872, #9932, #7134, #2258, #1952, #11055, #2243, #7074, #8447, #5086, #11248, #3502, #6676, #170, #8640, #6918, #575, #4537, #9475, #711, #10674 ) ) ;
#11276 = DIRECTION ( 'NONE',  ( 0.000000000000000000, 1.000000000000000000, -0.000000000000000000 ) ) ;
#11277 = ORIENTED_EDGE ( 'NONE', *, *, #9065, .F. ) ;
#11278 = DIRECTION ( 'NONE',  ( 0.000000000000000000, 0.000000000000000000, -1.000000000000000000 ) ) ;
#11279 = ADVANCED_FACE ( 'NONE', ( #7053 ), #6066, .F. ) ;
#11280 = ORIENTED_EDGE ( 'NONE', *, *, #9107, .F. ) ;
#11281 = LINE ( 'NONE', #3443, #8266 ) ;
#11282 = LINE ( 'NONE', #723, #82 ) ;
#11283 = CARTESIAN_POINT ( 'NONE',  ( -1.800000000000000044, 0.2000000000000000111, -1.424999999999999822 ) ) ;
#11284 = EDGE_LOOP ( 'NONE', ( #2828, #6906, #2042, #1976, #5679 ) ) ;
#11285 = CARTESIAN_POINT ( 'NONE',  ( 2.500000000000000000, 0.000000000000000000, 0.6249999999999998890 ) ) ;
#11286 = AXIS2_PLACEMENT_3D ( 'NONE', #8275, #3934, #5734 ) ;
#11287 = VECTOR ( 'NONE', #6068, 1000.000000000000000 ) ;
#11288 = EDGE_CURVE ( 'NONE', #524, #8544, #7857, .T. ) ;
#11289 = CARTESIAN_POINT ( 'NONE',  ( 0.8750000000000002220, 0.2000000000000000111, -2.500000000000000000 ) ) ;
#11290 = EDGE_LOOP ( 'NONE', ( #1915, #7039, #5754, #1254, #9387 ) ) ;
#11291 = SURFACE_STYLE_USAGE ( .BOTH. , #4379 ) ;
#11292 = FACE_OUTER_BOUND ( 'NONE', #281, .T. ) ;
#11293 = DIRECTION ( 'NONE',  ( 0.000000000000000000, 1.000000000000000000, -0.000000000000000000 ) ) ;
#11294 = DIRECTION ( 'NONE',  ( 0.000000000000000000, 0.000000000000000000, -1.000000000000000000 ) ) ;
#11295 = EDGE_LOOP ( 'NONE', ( #8278, #3705, #10058, #630 ) ) ;
#11296 = ORIENTED_EDGE ( 'NONE', *, *, #4962, .F. ) ;
#11297 = FACE_OUTER_BOUND ( 'NONE', #9144, .T. ) ;
#11298 = VECTOR ( 'NONE', #249, 1000.000000000000000 ) ;
#11299 = ADVANCED_FACE ( 'NONE', ( #40 ), #4430, .T. ) ;
#11300 = MANIFOLD_SOLID_BREP ( 'Boss-Extrude3[32]', #7632 ) ;
ENDSEC;
END-ISO-10303-21;
